trip_id,rider_id,distance_km,duration_min,fare_amount,ride_date,surge_flag,fare_zscore,distance_km_zscore,hour_x,day_of_week_x,month_x,payment_mode_Cash,payment_mode_Credit Card,payment_mode_UPI,payment_mode_Wallet,zone_Zone_1,zone_Zone_10,zone_Zone_2,zone_Zone_3,zone_Zone_4,zone_Zone_5,zone_Zone_6,zone_Zone_7,zone_Zone_8,zone_Zone_9,fare_log,distance_km_log,duration_min_sqrt,fare_amount_standard,distance_km_standard,duration_min_standard,fare_amount_minmax,distance_km_minmax,duration_min_minmax,is_peak_hour,fare_per_km,surge_flag_new,zone_name,name,age,gender,city,signup_date,total_rides,cancelled_rides,avg_rating,hour_y,day_of_week_y,month_y,gender_encoded,ride_frequency,total_distance,avg_ride_distance,total_fare,avg_ride_fare,days_since_signup,ride_cancellation_rate,population_density,traffic_index,avg_speed_kmph,zone_type
T00001,R0037,11.83,74.59,104.88,2023-11-13,0,-0.34760426094113706,0.8051118769089531,0,0,11,1,0,0,0,0,1,0,0,0,0,0,0,0,0,4.662306377358901,2.551786178627545,8.636550237218563,-0.34851559312789665,0.8051118769089531,0.3532394314046236,0.26998086938038046,0.4570433436532508,0.3703703703703704,0,8.865595942519018,0,Zone_10,Aadhya Iyer,32,Other,Ahmedabad,2020-11-21,489,6,3.36,0,5,11,2,High,78.09,0.15969325153374234,1314.66,2.6884662576687117,2108,0.012269938650306749,2440,1.54,35.4,Industrial
T00002,R0104,3.86,35.59,40.48,2023-07-28,0,-1.1008152956137889,-0.985983272107777,0,4,7,1,0,0,0,0,0,0,0,0,0,0,0,0,1,3.7252113833613265,1.5810384379124023,5.965735495309862,-1.1133607542143409,-0.985983272107777,-0.7309489956068974,0.09886810500584546,0.14860681114551083,0.1762246117084827,0,10.487046632124352,0,Zone_9,Diya Gupta,52,Male,Kolkata,2021-05-27,328,1,3.7,0,3,5,1,High,46.690000000000005,0.14234756097560977,765.39,2.3335060975609756,1921,0.003048780487804878,11037,1.83,56.1,Mixed
T00003,R0045,4.7,31.03,46.39,2024-01-14,0,-1.0316929786119973,-0.7972103831273435,0,6,1,1,0,0,0,0,0,0,0,0,0,0,0,1,0,3.858411235979497,1.7404661748405046,5.570457790882182,-1.043170771263706,-0.7972103831273435,-0.8577156424574752,0.11457115527686258,0.18111455108359134,0.15352449223416964,0,9.870212765957447,0,Zone_8,Saanvi Iyer,34,Other,Ahmedabad,2023-07-12,100,16,4.88,0,2,7,2,Low,87.53,0.8753,1529.85,15.298499999999999,1145,0.16,4516,1.93,31.0,Business
T00004,R0089,11.06,59.48,257.64,2023-12-13,0,1.439049739937656,0.6320700620102228,0,2,12,1,0,0,0,0,0,1,0,0,0,0,0,0,0,5.555437133417177,2.4898941912990393,7.712327793863536,1.46573513369765,0.6320700620102228,-0.06681408480419919,0.6758688489743861,0.4272445820433437,0.29515133412982875,0,23.294755877034355,0,Zone_2,Saanvi Reddy,48,Other,Surat,2022-09-21,308,6,3.91,0,2,9,2,Medium,89.83,0.29165584415584417,1415.55,4.595941558441559,1439,0.01948051948051948,6371,0.91,58.4,Residential
T00005,R0003,7.28,67.59,72.74,2023-03-15,0,-0.7235080288662773,-0.21740793840172704,0,2,3,0,0,1,0,0,0,0,0,0,1,0,0,0,0,4.300545392805998,2.1138429683971687,8.221313763626833,-0.7302255850117214,-0.21740793840172704,0.15864150860768395,0.18458390902327557,0.28095975232198145,0.3355236957387495,0,9.991758241758241,0,Zone_5,Kavya Reddy,34,Male,Pune,2023-05-04,45,9,3.76,0,3,5,1,Low,67.68,1.5040000000000002,971.71,21.593555555555557,1214,0.2,2590,1.31,43.9,Business
T00006,R0255,14.58,80.74,282.52,2024-02-10,0,1.7300418291093265,1.4231183586901335,0,5,2,0,0,1,0,0,0,1,0,0,0,0,0,0,0,5.647282667416716,2.7459880404426023,8.985543945694106,1.7612218977944005,1.4231183586901335,0.5242076064333632,0.7419757678818152,0.563467492260062,0.40098566308243727,0,19.377229080932782,0,Zone_2,Reyansh Sharma,37,Female,Bengaluru,2021-07-06,475,42,3.12,0,1,7,0,High,72.02,0.15162105263157893,1262.22,2.6573052631578946,1881,0.08842105263157894,6371,0.91,58.4,Residential
T00007,R0224,4.48,40.07,58.38,2023-08-21,0,-0.8914600546100548,-0.8466509016698379,0,0,8,0,1,0,0,0,0,0,0,1,0,0,0,0,0,4.083957469335614,1.7011051009599243,6.330086887239385,-0.9007718041608106,-0.8466509016698379,-0.6064063250168561,0.14642895100435752,0.17260061919504646,0.19852648347272003,0,13.03125,0,Zone_4,Ishaan Sharma,29,Female,Ahmedabad,2020-08-04,200,1,4.31,0,1,8,0,Medium,41.71,0.20855,514.14,2.5707,2217,0.005,4038,2.46,48.2,Business
T00008,R0039,11.75,96.11,102.35,2024-03-10,0,-0.3771946944461341,0.7871335065298642,0,6,3,0,0,0,1,0,0,0,1,0,0,0,0,0,0,4.638121286127777,2.545531271604435,9.803570778037969,-0.3785630815991498,0.7871335065298642,0.9514890454889294,0.2632585822085237,0.45394736842105265,0.47749900438072485,0,8.71063829787234,0,Zone_3,Aadhya Iyer,24,Male,Chennai,2023-11-18,190,14,4.2,0,5,11,1,Medium,33.86,0.17821052631578946,508.06,2.674,1016,0.07368421052631578,12971,2.11,38.0,Business
T00009,R0223,9.71,66.61,175.75,2024-05-20,0,0.4812787519043728,0.3286850618630979,0,0,5,0,1,0,0,0,0,0,0,0,1,0,0,0,0,5.174736304776682,2.3711778844596574,8.161494961096281,0.4931703783968907,0.3286850618630979,0.1313977994161123,0.45828462110745033,0.37500000000000006,0.33064516129032256,0,18.099897013388258,0,Zone_5,Meera Ghosh,30,Female,Surat,2019-11-29,158,10,4.04,0,4,11,0,Low,56.4,0.3569620253164557,987.21,6.248164556962026,2466,0.06329113924050633,2590,1.31,43.9,Business
T00010,R0236,7.37,51.09,98.34,2023-03-01,0,-0.4240949467603783,-0.19718227172525207,0,2,3,0,0,1,0,0,0,0,0,0,1,0,0,0,0,4.598548309679204,2.124653884501384,7.147726911403373,-0.4261877570022032,-0.19718227172525207,-0.30005359512795954,0.252603889892656,0.28444272445820434,0.2533851055356432,0,13.343283582089553,0,Zone_5,Arjun Gupta,28,Male,Ahmedabad,2020-08-10,61,1,3.36,0,0,8,1,Low,50.01,0.8198360655737704,768.54,12.599016393442623,2211,0.01639344262295082,2590,1.31,43.9,Business
T00011,R0191,13.88,88.3,172.04,2023-09-09,0,0.4378872466460569,1.265807617873106,0,5,9,0,1,0,0,0,1,0,0,0,0,0,0,0,0,5.153522781644804,2.700018029404946,9.396807968666806,0.4491086462908237,1.265807617873106,0.7343733630540581,0.4484270379423955,0.5363777089783283,0.43862007168458783,0,12.394812680115272,0,Zone_10,Meera Gupta,33,Other,Surat,2020-08-14,87,6,4.56,0,4,8,2,Low,83.17,0.9559770114942528,1326.52,15.24735632183908,2207,0.06896551724137931,2440,1.54,35.4,Industrial
T00012,R0199,11.4,64.9,139.35,2023-12-15,0,0.05555077578504781,0.7084781361213505,0,4,12,0,0,0,1,1,0,0,0,0,0,0,0,0,0,4.9441393028078915,2.517696472610991,8.056053624449133,0.06086659169585694,0.7084781361213505,0.08386030684714577,0.36156871080880004,0.4404024767801858,0.3221326164874552,0,12.223684210526315,0,Zone_1,Aarav Das,29,Male,Ahmedabad,2021-08-03,344,27,3.91,0,1,8,1,High,85.15,0.24752906976744188,1600.5,4.652616279069767,1853,0.07848837209302326,4921,2.43,30.9,Residential
T00013,R0248,2.98,18.82,37.95,2023-12-12,0,-1.1304057291187857,-1.1837453462777545,0,1,12,0,0,0,1,0,0,0,0,0,0,1,0,0,0,3.6622787723167574,1.3812818192963463,4.338202392696772,-1.143408242685594,-1.1837453462777545,-1.1971500192218514,0.09214581783398874,0.11455108359133129,0.09274193548387097,0,12.734899328859061,0,Zone_6,Vivaan Ghosh,18,Female,Chennai,2021-10-24,104,12,3.65,0,6,10,0,Low,57.72,0.5549999999999999,939.6600000000001,9.03519230769231,1771,0.11538461538461539,14627,0.54,37.6,Mixed
T00014,R0300,11.2,70.93,249.44,2024-08-10,0,1.3431439870756106,0.6635322101736281,0,5,8,1,0,0,0,0,0,1,0,0,0,0,0,0,0,5.52321937087711,2.501435951739211,8.421995013059554,1.3683480169133515,0.6635322101736281,0.25149251748508095,0.6540811988521628,0.4326625386996904,0.3521505376344086,0,22.271428571428572,0,Zone_2,Saanvi Iyer,38,Female,Kolkata,2023-07-08,291,7,3.67,0,5,7,0,Medium,54.879999999999995,0.1885910652920962,996.77,3.4253264604810996,1149,0.024054982817869417,6371,0.91,58.4,Residential
T00015,R0270,14.87,91.83,265.53,2023-08-24,0,1.5313297875085754,1.4882899513143306,0,3,8,0,1,0,0,0,1,0,0,0,0,0,0,0,0,5.585486807626805,2.7644305345383176,9.582797086446107,1.559440542408396,1.4882899513143306,0.8325063155502291,0.6968328196407694,0.5746904024767802,0.45619275189167663,0,17.856758574310692,0,Zone_10,Aadhya Reddy,35,Male,Hyderabad,2022-01-02,455,64,3.08,0,6,1,1,High,59.04,0.12975824175824174,1101.53,2.420945054945055,1701,0.14065934065934066,2440,1.54,35.4,Industrial
T00016,R0216,7.35,63.51,145.73,2024-08-04,0,0.13017012984112722,-0.2016768643200244,0,6,8,1,0,0,0,0,0,1,0,0,0,0,0,0,0,4.988594163219376,2.122261538862764,7.969316156358712,0.136638519145104,-0.2016768643200244,0.045218719320324674,0.3785205654160909,0.2836687306501548,0.3152130625248905,0,19.82721088435374,0,Zone_2,Ishaan Ghosh,44,Female,Chennai,2019-08-01,335,24,3.4,0,3,8,0,High,29.64,0.0884776119402985,498.88,1.4891940298507462,2586,0.07164179104477612,6371,0.91,58.4,Residential
T00017,R0168,6.76,56.32,83.57,2023-12-03,0,-0.5968422601472584,-0.33426734586580487,0,6,12,1,0,0,0,0,0,0,1,0,0,0,0,0,0,4.437579593794131,2.048982334195127,7.504665215717488,-0.6016033319905073,-0.33426734586580487,-0.154661147095389,0.21335954936762672,0.2608359133126935,0.2794205495818399,0,12.362426035502958,0,Zone_3,Diya Das,23,Male,Pune,2019-10-08,471,74,4.03,0,1,10,1,High,35.019999999999996,0.0743524416135881,569.31,1.2087261146496815,2518,0.15711252653927812,12971,2.11,38.0,Business
T00018,R0126,4.65,39.61,69.81,2024-01-19,0,-0.7577767917791789,-0.8084468646142741,0,4,1,0,0,1,0,0,0,0,0,0,0,1,0,0,0,4.260000233663683,1.7316555451583497,6.293647591023825,-0.7650236645456233,-0.8084468646142741,-0.6191941885149407,0.1767988096503348,0.1791795665634675,0.19623655913978494,0,15.01290322580645,0,Zone_6,Diya Reddy,29,Female,Surat,2022-09-25,411,20,3.65,0,6,9,0,High,35.7,0.08686131386861315,414.91999999999996,1.009537712895377,1435,0.04866180048661801,14627,0.54,37.6,Mixed
T00019,R0255,7.93,62.56,100.85,2023-05-26,0,-0.3947384297257766,-0.07133367907162998,0,4,5,0,1,0,0,1,0,0,0,0,0,0,0,0,0,4.623501142672815,2.189416394888408,7.909487973314076,-0.3963777980840825,-0.07133367907162998,0.018809001226454413,0.2592730364544585,0.3061145510835913,0.31048387096774194,0,12.717528373266077,0,Zone_1,Reyansh Sharma,37,Female,Bengaluru,2021-07-06,475,42,3.12,0,1,7,0,High,72.02,0.15162105263157893,1262.22,2.6573052631578946,1881,0.08842105263157894,4921,2.43,30.9,Residential
T00020,R0061,11.43,81.48,227.77,2023-06-19,0,1.089695491402375,0.7152200250135087,0,0,6,0,0,1,0,0,0,1,0,0,0,0,0,0,0,5.432717132027692,2.5201129055226197,9.026627277117406,1.1109847460943572,0.7152200250135087,0.5447793868433256,0.5965033478584334,0.44156346749226005,0.40466945440063723,0,19.92738407699038,0,Zone_2,Meera Reddy,25,Male,Mumbai,2020-08-20,168,25,3.69,0,3,8,1,Medium,34.47,0.20517857142857143,596.74,3.5520238095238095,2201,0.1488095238095238,6371,0.91,58.4,Residential
T00021,R0289,3.91,32.07,79.0,2024-08-15,0,-0.6502921736325691,-0.9747467906208462,0,3,8,1,0,0,0,0,0,0,0,1,0,0,0,0,0,4.382026634673881,1.5912739418064292,5.6630380539071075,-0.6558788348812689,-0.9747467906208462,-0.8288039510705014,0.20121691997024124,0.1505417956656347,0.15870171246515333,0,20.204603580562658,0,Zone_4,Aarav Gupta,21,Other,Chennai,2021-09-30,322,14,4.17,0,3,9,2,Medium,66.13,0.2053726708074534,1234.48,3.8337888198757764,1795,0.043478260869565216,4038,2.46,48.2,Business
T00022,R0112,1.27,9.05,17.63,2024-03-28,0,-1.3680648630403431,-1.5680330131307796,0,3,3,0,1,0,0,0,1,0,0,0,0,0,0,0,0,2.924773184613497,0.8197798314933114,3.0083217912982647,-1.384738268668149,-1.5680330131307796,-1.4687531200398658,0.03815495801891806,0.04837461300309598,0.044105933890880133,0,13.881889763779526,0,Zone_10,Meera Nair,41,Female,Delhi,2020-11-13,311,11,3.24,0,4,11,0,Medium,89.53,0.28787781350482317,1150.27,3.6986173633440513,2116,0.03536977491961415,2440,1.54,35.4,Industrial
T00023,R0153,6.12,47.77,118.69,2024-02-26,0,-0.18608493813322832,-0.4780943088985159,0,0,2,0,0,1,0,0,0,0,1,0,0,0,0,0,0,4.784905066885279,1.9629077254238845,6.911584478250989,-0.1845014366899495,-0.4780943088985159,-0.39234860994022236,0.30667446062280795,0.23606811145510836,0.23685782556750298,0,19.393790849673202,0,Zone_3,Aadhya Ghosh,20,Male,Mumbai,2020-05-04,76,14,4.54,0,0,5,1,Low,28.84,0.3794736842105263,460.95,6.065131578947368,2309,0.18421052631578946,12971,2.11,38.0,Business
T00024,R0214,1.1,10.71,13.4,2023-01-10,0,-1.4175381965289349,-1.6062370501863434,0,1,1,1,0,0,0,0,0,0,1,0,0,0,0,0,0,2.667228206581955,0.7419373447293773,3.2726136343907144,-1.4349757691556593,-1.6062370501863434,-1.4226056126337343,0.026915718992454034,0.041795665634674926,0.052369573874950226,0,12.181818181818182,0,Zone_3,Aarav Kumar,20,Female,Kolkata,2022-09-14,210,2,4.53,0,2,9,0,Medium,40.76,0.1940952380952381,681.69,3.2461428571428574,1446,0.009523809523809525,12971,2.11,38.0,Business
T00025,R0272,10.62,56.33,170.34,2023-01-15,0,0.41800434666246217,0.5331890249252336,0,6,1,0,0,1,0,0,0,1,0,0,0,0,0,0,0,5.143649886535898,2.4527277514237653,7.505331438384317,0.4289186342745668,0.5331890249252336,-0.154383150062822,0.4439100860877883,0.41021671826625383,0.2794703305455994,0,16.039548022598872,0,Zone_2,Kavya Ghosh,21,Male,Kolkata,2020-01-15,432,4,4.79,0,2,1,1,High,40.29,0.09326388888888888,691.76,1.6012962962962962,2419,0.009259259259259259,6371,0.91,58.4,Residential
T00026,R0045,5.87,48.76,86.71,2024-02-14,0,-0.5601173742952067,-0.5342767163331686,0,2,2,0,1,0,0,0,0,0,1,0,0,0,0,0,0,4.47403591796329,1.927164106234258,6.982836100038436,-0.5643111921487148,-0.5342767163331686,-0.3648269037160839,0.22170262514613664,0.22639318885448917,0.24178614097968934,0,14.771720613287902,0,Zone_3,Saanvi Iyer,34,Other,Ahmedabad,2023-07-12,100,16,4.88,0,2,7,2,Low,87.53,0.8753,1529.85,15.298499999999999,1145,0.16,12971,2.11,38.0,Business
T00027,R0096,0.78,5.31,10.51,2023-01-12,0,-1.451339126501046,-1.6781505317026988,0,3,1,0,0,1,0,0,0,0,0,0,0,0,0,0,1,2.4432162227337915,0.5766133643039938,2.3043437243605824,-1.4692987895832963,-1.6781505317026988,-1.572724010219945,0.019236900839621637,0.029411764705882356,0.02548785344484269,0,13.474358974358974,0,Zone_9,Reyansh Das,40,Female,Kolkata,2019-12-28,121,3,4.46,0,5,12,0,Low,27.41,0.2265289256198347,354.95,2.933471074380165,2437,0.024793388429752067,11037,1.83,56.1,Mixed
T00028,R0191,6.26,58.43,134.46,2023-05-14,0,-0.001641801226586614,-0.4466321607351104,0,6,5,0,0,1,0,1,0,0,0,0,0,0,0,0,0,4.908676393786758,1.9823798288367047,7.643951857514541,0.0027906159549764744,-0.4466321607351104,-0.09600377322374005,0.34857583165054734,0.24148606811145512,0.2899243329350856,0,21.479233226837064,0,Zone_1,Meera Gupta,33,Other,Surat,2020-08-14,87,6,4.56,0,4,8,2,Low,83.17,0.9559770114942528,1326.52,15.24735632183908,2207,0.06896551724137931,4921,2.43,30.9,Residential
T00029,R0197,7.04,42.69,72.84,2024-06-13,0,-0.722338446514301,-0.27134304953899374,0,3,6,0,1,0,0,0,0,0,0,0,0,1,0,0,0,4.301900590194597,2.0844290831908747,6.5337584895678535,-0.7290379372460591,-0.27134304953899374,-0.5335711024842873,0.1848496120735466,0.271671826625387,0.2115690959776981,0,10.34659090909091,0,Zone_6,Saanvi Das,29,Female,Bengaluru,2020-10-08,475,87,3.87,0,3,10,0,High,71.08,0.14964210526315788,973.0,2.048421052631579,2152,0.1831578947368421,14627,0.54,37.6,Mixed
T00030,R0284,10.25,88.43,216.17,2024-03-15,0,0.9540239385731395,0.4500390619219477,0,4,3,1,0,0,0,1,0,0,0,0,0,0,0,0,0,5.38068045697316,2.4203681286504293,9.403722667114339,0.9732176052775439,0.4500390619219477,0.7379873244774301,0.5656817940269954,0.3958978328173375,0.4392672242134608,0,21.089756097560976,0,Zone_1,Vivaan Das,28,Female,Surat,2019-07-31,135,19,4.95,0,2,7,0,Low,60.91,0.45118518518518513,986.33,7.306148148148148,2587,0.14074074074074075,4921,2.43,30.9,Residential
T00031,R0251,7.27,44.39,170.59,2023-04-08,0,0.4209283025424026,-0.2196552346991133,0,5,4,0,1,0,0,1,0,0,0,0,0,0,0,0,0,5.14510791029753,2.1126345090356,6.662582082045969,0.43188775368872223,-0.2196552346991133,-0.48631160694788755,0.4445743437134658,0.2805727554179567,0.22003185981680604,0,23.46492434662999,0,Zone_1,Vivaan Iyer,46,Female,Mumbai,2020-01-13,213,26,4.48,0,0,1,0,Medium,38.41,0.18032863849765257,762.5799999999999,3.5801877934272297,2421,0.12206572769953052,4921,2.43,30.9,Residential
T00032,R0228,17.34,154.38,192.42,2023-11-30,0,0.6762481299787997,2.0433721367687,0,3,11,0,0,1,0,0,0,0,0,0,1,0,0,0,0,5.264863990288817,2.9090844668283187,12.424974849069113,0.691151260932776,2.0433721367687,2.5713777542571687,0.5025773195876289,0.6702786377708979,0.7675726802070888,0,11.096885813148788,0,Zone_5,Kavya Ghosh,21,Female,Pune,2020-05-18,10,0,4.84,0,0,5,0,Low,38.44,3.844,675.22,67.522,2295,0.0,2590,1.31,43.9,Business
T00033,R0083,5.41,34.07,133.62,2024-04-19,1,-0.011466292983186459,-0.6376523460129297,0,4,4,1,0,0,0,0,1,0,0,0,0,0,0,0,0,4.902455994582567,1.8578592709325787,5.836951259004995,-0.007185625276585882,-0.6376523460129297,-0.7732045445570901,0.3463439260282708,0.20859133126934987,0.168657905217045,0,24.69870609981516,1,Zone_10,Kavya Patel,45,Female,Mumbai,2021-12-31,475,39,4.4,0,4,12,0,High,92.62,0.19498947368421055,1415.3300000000002,2.9796421052631583,1703,0.08210526315789474,2440,1.54,35.4,Industrial
T00034,R0105,7.69,72.38,65.12,2024-06-21,0,-0.812630204086861,-0.12526879020889647,0,4,6,0,0,1,0,0,0,0,0,0,0,0,0,1,0,4.191471272952824,2.162172939277301,8.50764362206128,-0.8207243447551795,-0.12526879020889647,0.2918020872073039,0.1643373365926241,0.29682662538699695,0.35936877737953005,0,8.46814044213264,0,Zone_8,Diya Das,31,Female,Jaipur,2020-09-28,346,9,3.69,0,0,9,0,High,95.2,0.27514450867052026,1301.12,3.7604624277456646,2162,0.02601156069364162,4516,1.93,31.0,Business
T00035,R0221,7.49,44.42,65.75,2023-08-15,0,-0.8052618352694113,-0.17021471615661873,0,1,8,0,1,0,0,0,0,0,0,1,0,0,0,0,0,4.200954297280359,2.138889000323256,6.664833081180653,-0.8132421638315078,-0.17021471615661873,-0.4854776158501864,0.16601126580933148,0.28908668730650156,0.22018120270808442,0,8.778371161548732,0,Zone_4,Diya Patel,21,Female,Delhi,2021-01-13,106,1,4.41,0,2,1,0,Low,58.73,0.5540566037735849,913.29,8.615943396226415,2055,0.009433962264150943,4038,2.46,48.2,Business
T00036,R0081,6.59,49.9,125.55,2023-07-29,0,-0.10585158878766325,-0.3724713829213687,0,5,7,0,1,0,0,1,0,0,0,0,0,0,0,0,0,4.840637486991133,2.0268315914075385,7.063993204979744,-0.10302879996552393,-0.3724713829213687,-0.3331352420034394,0.3249016898713997,0.25425696594427244,0.2474611708482676,0,19.051593323216995,0,Zone_1,Diya Reddy,42,Other,Mumbai,2022-01-31,114,2,3.9,0,0,1,2,Low,52.92,0.46421052631578946,812.0699999999999,7.123421052631579,1672,0.017543859649122806,4921,2.43,30.9,Residential
T00037,R0067,8.71,57.85,106.26,2024-06-07,0,-0.33146402448386586,0.1039554321244869,0,4,6,1,0,0,0,0,1,0,0,0,0,0,0,0,0,4.675255793554779,2.2731562823032334,7.605918747922567,-0.3321260539617584,0.1039554321244869,-0.1121276011126293,0.27364757147412055,0.3363003095975233,0.28703703703703703,0,12.199770378874856,0,Zone_10,Saanvi Iyer,32,Male,Pune,2022-07-24,348,9,3.38,0,6,7,1,High,113.07,0.32491379310344826,1846.81,5.3069252873563215,1498,0.02586206896551724,2440,1.54,35.4,Industrial
T00038,R0026,10.71,65.12,172.96,2023-10-27,0,0.4486474042842378,0.553414691601709,0,4,10,1,0,0,0,1,0,0,0,0,0,0,0,0,0,5.158825387729438,2.460443177609626,8.069696400732806,0.46003500573491596,0.553414691601709,0.08997624156362098,0.45087150600488896,0.41369969040247684,0.3232277976901633,0,16.14939309056956,0,Zone_1,Aarav Kumar,26,Female,Surat,2020-04-17,44,5,3.17,0,4,4,0,Low,79.29,1.8020454545454547,973.19,22.11795454545455,2326,0.11363636363636363,4921,2.43,30.9,Residential
T00039,R0077,14.7,144.74,322.96,2024-03-07,0,2.2030209322484886,1.4500859142587668,0,3,3,0,0,0,1,0,0,0,0,0,1,0,0,0,0,5.780620051380789,2.7536607123542622,12.030793822520607,2.2415066542281865,1.4500859142587668,2.303388614862526,0.8494260814114145,0.5681114551083591,0.719583831142971,0,21.970068027210885,0,Zone_5,Reyansh Das,28,Male,Mumbai,2019-09-07,406,72,3.79,0,5,9,1,High,146.85999999999999,0.3617241379310345,2343.82,5.7729556650246305,2549,0.17733990147783252,2590,1.31,43.9,Business
T00040,R0110,0.15,1.26,3.27,2024-08-15,0,-1.5592915775884464,-1.8197301984380236,0,3,8,0,0,1,0,0,0,0,0,0,0,0,0,0,1,1.451613827240533,0.1397619423751587,1.1224972160321824,-1.555284487817238,-1.8197301984380236,-1.685312808409603,0.0,0.005030959752321981,0.005326563122262047,0,21.8,0,Zone_9,Vivaan Patel,19,Female,Kolkata,2023-02-04,224,28,4.43,0,5,2,0,Medium,59.52,0.26571428571428574,946.68,4.226249999999999,1303,0.125,11037,1.83,56.1,Mixed
T00041,R0056,5.45,34.13,108.87,2024-02-24,0,-0.3009379250972879,-0.6286631608233852,0,5,2,1,0,0,0,1,0,0,0,0,0,0,0,0,0,4.699297848712789,1.864080130807681,5.842088667591412,-0.30112844727797555,-0.6286631608233852,-0.7715365623616877,0.2805824210861941,0.21013931888544893,0.16895659099960175,0,19.976146788990825,0,Zone_1,Meera Patel,40,Other,Hyderabad,2021-02-26,93,13,3.25,0,4,2,2,Low,66.22,0.7120430107526882,927.79,9.976236559139785,2011,0.13978494623655913,4921,2.43,30.9,Residential
T00042,R0120,5.76,45.5,57.73,2024-02-25,0,-0.8990623398979001,-0.558996975604416,0,6,2,0,1,0,0,0,0,0,0,1,0,0,0,0,0,4.072950669534428,1.9110228900548727,6.745368781616021,-0.9084915146376148,-0.558996975604416,-0.4554539363329443,0.1447018811775959,0.22213622291021673,0.22555754679410592,0,10.022569444444445,0,Zone_4,Ishaan Gupta,18,Other,Surat,2020-07-12,311,15,4.55,0,6,7,2,Medium,68.2,0.21929260450160773,1013.95,3.260289389067524,2240,0.04823151125401929,4038,2.46,48.2,Business
T00043,R0178,12.69,71.08,174.11,2023-08-07,0,0.4620976013319638,0.9983793584841585,0,0,8,1,0,0,0,0,0,1,0,0,0,0,0,0,0,5.165414347883809,2.6166656393003573,8.430895563343197,0.4736929550400311,0.9983793584841585,0.2556624729735866,0.45392709108300566,0.4903250773993808,0.3528972520908005,0,13.720252167060679,0,Zone_2,Saanvi Ghosh,27,Male,Delhi,2021-05-15,56,7,3.13,0,5,5,1,Low,63.260000000000005,1.1296428571428572,1040.54,18.581071428571427,1933,0.125,6371,0.91,58.4,Residential
T00044,R0164,6.22,35.17,149.59,2024-04-02,0,0.17531600862740745,-0.45562134592465486,0,1,4,0,0,1,0,0,0,0,1,0,0,0,0,0,0,5.0145609120987285,1.9768549529047348,5.930430001273095,0.18248172289966433,-0.45562134592465486,-0.7426248709747137,0.3887767031565522,0.23993808049535603,0.1741338112305854,0,24.04983922829582,0,Zone_3,Aadhya Ghosh,37,Other,Ahmedabad,2022-07-06,249,23,4.02,0,2,7,2,Medium,100.28,0.40273092369477914,1758.49,7.062208835341366,1516,0.09236947791164658,12971,2.11,38.0,Business
T00045,R0221,1.48,7.57,22.98,2024-07-11,0,-1.305492207209618,-1.520839790885671,0,3,7,0,1,0,0,0,0,0,0,0,0,0,0,0,1,3.177220149599368,0.9082585601768908,2.751363298439521,-1.3211991132052223,-1.520839790885671,-1.5098966808597902,0.052370071208417475,0.0565015479876161,0.03673835125448029,0,15.527027027027028,0,Zone_9,Diya Patel,21,Female,Delhi,2021-01-13,106,1,4.41,0,2,1,0,Low,58.73,0.5540566037735849,913.29,8.615943396226415,2055,0.009433962264150943,11037,1.83,56.1,Mixed
T00046,R0247,8.44,82.23,70.49,2023-08-13,0,-0.749823631785741,0.04327843209506161,0,6,8,1,0,0,0,0,0,1,0,0,0,0,0,0,0,4.26955757977876,2.244955980157409,9.068075870878012,-0.7569476597391205,0.04327843209506161,0.5656291642858549,0.1786055903921777,0.3258513931888545,0.4084030266825966,0,8.351895734597155,0,Zone_2,Aadhya Das,37,Male,Bengaluru,2021-05-11,249,47,4.92,0,1,5,1,Medium,133.48,0.5360642570281124,2367.44,9.507791164658634,1937,0.18875502008032127,6371,0.91,58.4,Residential
T00047,R0207,7.83,61.12,158.67,2023-09-03,0,0.28151408618684326,-0.093806642045491,0,6,9,1,0,0,0,1,0,0,0,0,0,0,0,0,0,5.07310918535161,2.178155014615869,7.8179281142768255,0.29032014002179013,-0.093806642045491,-0.02122257146320188,0.41290254012116057,0.30224458204334365,0.3033154121863799,0,20.26436781609195,0,Zone_1,Ishaan Iyer,31,Male,Mumbai,2023-12-06,47,3,3.93,0,2,12,1,Low,63.47,1.3504255319148937,1231.46,26.20127659574468,998,0.06382978723404255,4921,2.43,30.9,Residential
T00048,R0077,8.9,76.5,91.12,2023-08-03,0,-0.5085387925730576,0.14665406177482287,0,3,8,0,0,0,1,0,1,0,0,0,0,0,0,0,0,4.523092074952484,2.2925347571405443,8.74642784226795,-0.5119359256830126,0.14665406177482287,0.40633686462493135,0.23342012966308853,0.34365325077399383,0.37987853444842695,0,10.238202247191012,0,Zone_10,Reyansh Das,28,Male,Mumbai,2019-09-07,406,72,3.79,0,5,9,1,High,146.85999999999999,0.3617241379310345,2343.82,5.7729556650246305,2549,0.17733990147783252,2440,1.54,35.4,Industrial
T00049,R0115,2.8,27.94,33.7,2024-08-08,0,-1.180112979077773,-1.2241966796307047,0,3,8,0,0,1,0,0,0,0,0,0,0,1,0,0,0,3.5467396869528134,1.33500106673234,5.285830114561004,-1.1938832727262367,-1.2241966796307047,-0.9436167255206956,0.08085343819747051,0.10758513931888546,0.13814217443249702,0,12.035714285714288,0,Zone_6,Aarav Ghosh,40,Female,Bengaluru,2020-03-01,170,15,4.4,0,6,3,0,Medium,83.48,0.49105882352941177,1425.97,8.388058823529413,2373,0.08823529411764706,14627,0.54,37.6,Mixed
T00050,R0010,16.6,90.94,193.05,2023-03-20,0,0.6836164987962499,1.877072210762128,0,0,3,1,0,0,0,0,0,0,1,0,0,0,0,0,0,5.268115857814915,2.8678989020441064,9.536246641105713,0.698633441856448,1.877072210762128,0.8077645796517611,0.5042512488043362,0.6416408668730651,0.4517622461170848,0,11.629518072289157,0,Zone_3,Vivaan Gupta,25,Female,Surat,2023-05-14,173,1,3.38,0,6,5,0,Medium,85.25,0.49277456647398843,1204.51,6.962485549132948,1204,0.005780346820809248,12971,2.11,38.0,Business
T00051,R0230,6.38,47.94,95.38,2023-07-18,0,-0.45871458437887297,-0.4196646051664771,0,1,7,0,0,0,1,0,0,0,1,0,0,0,0,0,0,4.5682987112121864,1.998773638612381,6.923871749245504,-0.4613421308658038,-0.4196646051664771,-0.38762266038658255,0.2447390796046338,0.24613003095975233,0.23770410195141375,0,14.949843260188088,0,Zone_3,Kavya Gupta,32,Male,Chennai,2022-11-22,183,23,3.65,0,1,11,1,Medium,58.66,0.32054644808743166,908.22,4.962950819672131,1377,0.12568306010928962,12971,2.11,38.0,Business
T00052,R0032,7.06,36.36,101.01,2024-05-24,0,-0.3928670979626146,-0.2668484569442216,0,4,5,0,0,1,0,1,0,0,0,0,0,0,0,0,0,4.625070847694428,2.0869135565185366,6.029925372672534,-0.3944775616590229,-0.2668484569442216,-0.7095432240992341,0.25969816133489215,0.2724458204334365,0.18005774591796095,0,14.307365439093486,0,Zone_1,Kavya Reddy,18,Female,Mumbai,2023-09-20,213,24,4.0,0,2,9,0,Medium,66.19,0.3107511737089202,1378.79,6.473192488262911,1075,0.11267605633802817,4921,2.43,30.9,Residential
T00053,R0082,3.5,24.24,60.44,2024-07-22,0,-0.8673666581593458,-1.0668859388136769,0,0,7,0,1,0,0,0,0,0,1,0,0,0,0,0,0,4.118061088839417,1.5040773967762742,4.923413450036469,-0.8763062601881696,-1.0668859388136769,-1.0464756275705067,0.15190243383994045,0.1346749226006192,0.1197232178414974,0,17.268571428571427,0,Zone_3,Kavya Singh,26,Other,Pune,2022-12-27,274,23,3.15,0,1,12,2,Medium,24.62,0.08985401459854014,297.65999999999997,1.0863503649635036,1342,0.08394160583941605,12971,2.11,38.0,Business
T00054,R0228,3.34,32.09,80.26,2023-01-13,0,-0.6355554359976694,-1.1028426795718547,0,4,1,0,0,1,0,0,0,0,0,0,0,0,1,0,0,4.397653890559581,1.4678743481123135,5.664803615307419,-0.6409144730339253,-1.1028426795718547,-0.8282479570053672,0.20456477840365608,0.1284829721362229,0.15880127439267225,0,24.029940119760482,0,Zone_7,Kavya Ghosh,21,Female,Pune,2020-05-18,10,0,4.84,0,0,5,0,Low,38.44,3.844,675.22,67.522,2295,0.0,11070,0.64,45.2,Industrial
T00055,R0266,1.8900000000000001,14.21,45.33,2024-01-23,0,-1.0440905515429446,-1.4287006426928406,0,1,1,0,1,0,0,0,0,0,0,0,0,0,0,0,1,3.835789699428557,1.0612565021243408,3.769615364994153,-1.055759837579725,-1.4287006426928406,-1.3253066512352645,0.1117547029439898,0.0723684210526316,0.06979291119076066,0,23.98412698412698,0,Zone_9,Diya Reddy,29,Other,Chennai,2020-09-25,98,13,3.9,0,4,9,2,Low,72.97,0.7445918367346939,1247.45,12.729081632653061,2165,0.1326530612244898,11037,1.83,56.1,Mixed
T00056,R0158,6.03,42.1,137.35,2023-08-05,0,0.032159128745524464,-0.49831997557499086,0,5,8,1,0,0,0,0,0,0,1,0,0,0,0,0,0,4.929786706232935,1.9501867058225735,6.488451279003334,0.03711363638261333,-0.49831997557499086,-0.5499729274057436,0.35625464980337973,0.23258513931888547,0.20863201911589008,0,22.777777777777775,0,Zone_3,Aarav Iyer,27,Male,Ahmedabad,2020-07-26,441,60,3.57,0,6,7,1,High,25.46,0.057732426303854875,384.87,0.8727210884353742,2226,0.1360544217687075,12971,2.11,38.0,Business
T00057,R0154,3.21,21.26,61.28,2023-01-05,0,-0.8575421664027459,-1.132057531437874,0,3,1,0,0,0,1,0,0,0,0,0,1,0,0,0,0,4.131640346965797,1.43746264769429,4.610856753359402,-0.8663300189566072,-1.132057531437874,-1.1293187432754896,0.15413433946221702,0.12345201238390094,0.10488849064117882,0,19.090342679127726,0,Zone_5,Kavya Patel,18,Other,Kolkata,2019-03-25,466,79,4.68,0,0,3,2,High,138.62,0.2974678111587983,2059.52,4.419570815450644,2715,0.16952789699570817,2590,1.31,43.9,Business
T00058,R0020,18.28,161.83,161.65,2024-01-26,0,0.3163676402757333,2.2546179887229947,0,4,1,1,0,0,0,0,1,0,0,0,0,0,0,0,0,5.091600652919361,2.9590682891823996,12.721242077721813,0.32571204343852334,2.2546179887229947,2.7784855435196265,0.4208204910192369,0.7066563467492261,0.8046594982078854,0,8.842997811816192,0,Zone_10,Diya Das,35,Female,Chennai,2019-09-17,274,21,4.03,0,1,9,0,Medium,53.85,0.19653284671532847,746.06,2.722846715328467,2539,0.07664233576642336,2440,1.54,35.4,Industrial
T00059,R0043,1.44,8.19,13.38,2023-12-21,0,-1.4177721129993301,-1.5298289760752157,0,3,12,0,0,1,0,0,1,0,0,0,0,0,0,0,0,2.6658383522929006,0.8919980393051105,2.8618176042508368,-1.4352132987087918,-1.5298289760752157,-1.4926608648406328,0.026862578382399832,0.05495356037151703,0.039824771007566706,0,9.291666666666668,0,Zone_10,Diya Kumar,28,Male,Ahmedabad,2021-12-10,85,16,4.68,0,4,12,1,Low,67.16,0.7901176470588235,862.5,10.147058823529411,1724,0.18823529411764706,2440,1.54,35.4,Industrial
T00060,R0146,2.36,17.35,27.83,2024-03-25,0,-1.248767463138774,-1.3230777167156935,0,0,3,0,0,1,0,0,0,0,0,1,0,0,0,0,0,3.3614165116503107,1.2119409739751128,4.165333119931706,-1.2635981965706067,-1.3230777167156935,-1.2380155830092088,0.06525666914656181,0.09055727554179567,0.0854241338112306,0,11.792372881355933,0,Zone_4,Kavya Gupta,30,Male,Surat,2020-04-15,80,11,3.89,0,2,4,1,Low,67.44,0.843,938.47,11.730875000000001,2328,0.1375,4038,2.46,48.2,Business
T00061,R0235,5.99,44.78,54.34,2024-02-15,0,-0.938711181629892,-0.5073091607645352,0,3,2,0,1,0,0,0,0,0,0,0,0,0,0,1,0,4.01349597435878,1.944480556245719,6.691786009728643,-0.9487527738935626,-0.5073091607645352,-0.4754697226777724,0.13569454777340845,0.23103715170278638,0.22197331740342494,0,9.07178631051753,0,Zone_8,Aarav Ghosh,34,Other,Delhi,2021-02-15,284,8,4.06,0,0,2,2,Medium,55.65,0.1959507042253521,846.06,2.9790845070422534,2022,0.028169014084507043,4516,1.93,31.0,Business
T00062,R0292,11.37,99.93,252.52,2023-04-04,0,1.3791671235164766,0.7017362472291919,0,1,4,0,0,1,0,0,0,0,1,0,0,0,0,0,0,5.535442715382666,2.5152741864043966,9.996499387285532,1.4049275680957467,0.7017362472291919,1.0576839119295454,0.6622648528005102,0.4392414860681114,0.49651533253683794,0,22.209322779243625,0,Zone_3,Diya Patel,37,Female,Jaipur,2020-06-28,141,19,4.39,0,6,6,0,Low,79.36,0.5628368794326241,1137.89,8.070141843971632,2254,0.1347517730496454,12971,2.11,38.0,Business
T00063,R0143,5.93,33.28,124.07,2023-07-09,0,-0.12316140759691058,-0.5207929385488521,0,6,7,0,0,0,1,0,0,0,0,0,0,0,1,0,0,4.828873580560815,1.9358598132018119,5.768882040742383,-0.12060598689732425,-0.5207929385488521,-0.7951663101298875,0.3209692847273886,0.22871517027863777,0.16472520908004779,0,20.922428330522767,0,Zone_7,Meera Kumar,42,Other,Kolkata,2023-03-28,74,13,4.56,0,1,3,2,Low,49.11,0.6636486486486486,863.3199999999999,11.666486486486486,1251,0.17567567567567569,11070,0.64,45.2,Industrial
T00064,R0243,11.38,101.38,252.89,2023-02-10,0,1.3834945782187882,0.7039835435265783,0,4,2,1,0,0,0,0,0,0,0,0,0,0,1,0,0,5.536901102350124,2.5160822672564502,10.0687635785135,1.4093218648286965,0.7039835435265783,1.0979934816517682,0.6632479540865128,0.4396284829721363,0.5037335722819594,0,22.222319859402457,0,Zone_7,Ishaan Patel,33,Male,Jaipur,2023-02-06,315,11,3.7,0,0,2,1,Medium,55.31,0.1755873015873016,948.53,3.011206349206349,1301,0.03492063492063492,11070,0.64,45.2,Industrial
T00065,R0215,3.07,22.86,73.11,2024-04-15,0,-0.7191805741639654,-1.1635196796012794,0,0,4,0,0,1,0,0,0,0,0,0,0,0,1,0,0,4.305550475963267,1.4036429994545037,4.7812132351527685,-0.7258312882787713,-1.1635196796012794,-1.0848392180647606,0.18556701030927833,0.11803405572755418,0.11285344484269215,0,23.814332247557005,0,Zone_7,Saanvi Gupta,26,Female,Hyderabad,2020-02-28,438,48,3.24,0,4,2,0,High,18.15,0.04143835616438356,372.1,0.8495433789954339,2375,0.1095890410958904,11070,0.64,45.2,Industrial
T00066,R0207,8.3,62.92,184.22,2023-01-26,0,0.5803423771167542,0.011816283931656334,0,3,1,0,1,0,0,0,0,0,1,0,0,0,0,0,0,5.221544307742123,2.2300144001592104,7.932212806020776,0.5937641441484773,0.011816283931656334,0.028816894398868437,0.48078966946540547,0.3204334365325078,0.31227598566308246,0,22.195180722891564,0,Zone_3,Ishaan Iyer,31,Male,Mumbai,2023-12-06,47,3,3.93,0,2,12,1,Low,63.47,1.3504255319148937,1231.46,26.20127659574468,998,0.06382978723404255,12971,2.11,38.0,Business
T00067,R0032,16.72,100.34,379.63,2024-05-03,0,3.0390383974410526,1.9040397663307609,0,4,5,0,0,0,1,0,0,0,0,0,0,1,0,0,0,5.94182777466688,2.8746939451769347,10.016985574512923,2.9145466430289444,1.9040397663307609,1.0690817902647944,0.9999999999999999,0.6462848297213623,0.49855635205097576,0,22.70514354066986,0,Zone_6,Kavya Reddy,18,Female,Mumbai,2023-09-20,213,24,4.0,0,2,9,0,Medium,66.19,0.3107511737089202,1378.79,6.473192488262911,1075,0.11267605633802817,14627,0.54,37.6,Mixed
T00068,R0211,3.16,20.03,65.53,2023-01-05,0,-0.8078349164437588,-1.1432940129248046,0,3,1,0,0,1,0,0,0,0,0,0,0,1,0,0,0,4.197652973753796,1.425515074273172,4.47548880012005,-0.8158549889159646,-1.1432940129248046,-1.1635123782812375,0.16542671909873524,0.1215170278637771,0.09876543209876544,0,20.737341772151897,0,Zone_6,Arjun Reddy,36,Female,Mumbai,2021-04-04,435,17,3.63,0,6,4,0,High,46.08,0.10593103448275862,645.88,1.4847816091954023,1974,0.03908045977011494,14627,0.54,37.6,Mixed
T00069,R0077,10.1,58.97,178.77,2023-02-03,0,0.5166001389340532,0.416329617461156,0,4,2,1,0,0,0,0,1,0,0,0,0,0,0,0,0,5.191678256058324,2.4069451083182885,7.679192665899196,0.5290373409198886,0.416329617461156,-0.08099193346511901,0.46630885322563503,0.39009287925696595,0.2926125049780964,0,17.700000000000003,0,Zone_10,Reyansh Das,28,Male,Mumbai,2019-09-07,406,72,3.79,0,5,9,1,High,146.85999999999999,0.3617241379310345,2343.82,5.7729556650246305,2549,0.17733990147783252,2440,1.54,35.4,Industrial
T00070,R0156,9.03,63.18,120.06,2023-08-31,0,-0.17006165991115477,0.1758689136408421,0,3,8,1,0,0,0,0,0,0,0,0,0,0,0,0,1,4.7962862904635415,2.305580601973844,7.948584779695062,-0.1682306623003776,0.1758689136408421,0.03604481724561186,0.3103145924115209,0.34868421052631576,0.31357029072082837,0,13.295681063122926,0,Zone_9,Ishaan Iyer,33,Female,Jaipur,2022-07-07,255,18,4.28,0,3,7,0,Medium,24.18,0.09482352941176471,484.23,1.8989411764705884,1515,0.07058823529411765,11037,1.83,56.1,Mixed
T00071,R0232,3.26,29.24,56.16,2024-03-01,0,-0.9174247828239258,-1.1208210499509434,0,4,3,0,0,0,1,0,0,1,0,0,0,0,0,0,0,4.045854353061666,1.449269160281279,5.407402333838309,-0.9271375845585109,-1.1208210499509434,-0.9074771112869784,0.14053034328834094,0.12538699690402477,0.1446136997212266,0,17.226993865030675,0,Zone_2,Meera Das,38,Male,Jaipur,2022-12-08,172,15,3.94,0,3,12,1,Medium,93.19999999999999,0.541860465116279,1490.84,8.667674418604651,1361,0.0872093023255814,6371,0.91,58.4,Residential
T00072,R0263,5.06,48.17,44.44,2023-07-21,0,-1.0544998344755325,-0.7163077164214436,0,4,7,0,0,1,0,0,0,0,0,0,0,0,0,0,1,3.816392774412896,1.801709800081223,6.940461079784253,-1.0663299026941184,-0.7163077164214436,-0.38122872863754015,0.10938994579657774,0.19504643962848295,0.23884906411788132,0,8.782608695652174,0,Zone_9,Ishaan Das,31,Other,Chennai,2020-12-30,297,21,3.84,0,2,12,2,Medium,104.61999999999999,0.3522558922558922,1547.67,5.2110101010101015,2069,0.0707070707070707,11037,1.83,56.1,Mixed
T00073,R0025,13.66,115.24,116.48,2024-02-23,0,-0.21193270811190154,1.2163670993306115,0,4,2,1,0,0,0,0,0,0,0,0,0,0,0,0,1,4.766268106330419,2.6851226964585053,10.734989520255713,-0.21074845231108363,1.2163670993306115,1.4832973687897086,0.3008024232118185,0.5278637770897833,0.5727299880525687,0,8.527086383601757,0,Zone_9,Meera Das,21,Female,Mumbai,2021-10-22,42,3,4.01,0,4,10,0,Low,47.25,1.125,719.4300000000001,17.129285714285714,1773,0.07142857142857142,11037,1.83,56.1,Mixed
T00074,R0048,8.68,58.17,87.92,2023-10-09,0,-0.545965427836295,0.09721354323232831,0,0,10,0,0,0,1,0,0,0,0,0,0,0,1,0,0,4.487737089095996,2.2700619012884857,7.626925986267338,-0.5499406541842023,0.09721354323232831,-0.10323169607048348,0.22491763205441598,0.3351393188854489,0.2886300278773397,0,10.129032258064516,0,Zone_7,Kavya Sharma,35,Male,Hyderabad,2019-05-31,207,1,3.02,0,4,5,1,Medium,29.13,0.14072463768115942,506.28000000000003,2.4457971014492754,2648,0.004830917874396135,11070,0.64,45.2,Industrial
T00075,R0008,1.94,14.17,31.82,2023-01-04,0,-1.202101127294925,-1.4174641612059102,0,2,1,1,0,0,0,0,0,0,0,0,1,0,0,0,0,3.4910380856619447,1.0784095813505903,3.7643060449437424,-1.2162110507206858,-1.4174641612059102,-1.3264186393655328,0.07585822085237538,0.07430340557275543,0.06959378733572283,0,16.402061855670105,0,Zone_5,Ishaan Ghosh,28,Female,Jaipur,2022-10-01,215,23,4.02,0,5,10,0,Medium,48.25,0.22441860465116278,893.27,4.1547441860465115,1429,0.10697674418604651,2590,1.31,43.9,Business
T00076,R0055,11.45,113.56,134.34,2023-11-11,0,-0.003045300048958068,0.7197146176082808,0,5,11,1,0,0,0,1,0,0,0,0,0,0,0,0,0,4.90779013080408,2.5217206229107165,10.656453443805777,0.0013654386361818037,0.7197146176082808,1.4365938673184433,0.34825698799022214,0.4423374613003096,0.5643667861409797,0,11.732751091703058,0,Zone_1,Kavya Singh,32,Male,Delhi,2021-11-07,425,12,4.19,0,6,11,1,High,71.7,0.16870588235294118,1109.56,2.610729411764706,1757,0.02823529411764706,4921,2.43,30.9,Residential
T00077,R0115,5.6,54.45,54.1,2023-11-26,0,-0.9415181792746349,-0.5949537163625938,0,6,11,0,0,0,1,0,0,0,0,1,0,0,0,0,0,4.009149716158869,1.8870696490323797,7.379024325749306,-0.9516031285311519,-0.5949537163625938,-0.20664659218542852,0.135056860452758,0.21594427244582043,0.2701115093588212,0,9.660714285714286,0,Zone_4,Aarav Ghosh,40,Female,Bengaluru,2020-03-01,170,15,4.4,0,6,3,0,Medium,83.48,0.49105882352941177,1425.97,8.388058823529413,2373,0.08823529411764706,4038,2.46,48.2,Business
T00078,R0220,9.8,70.64,194.44,2024-06-02,0,0.6998736934887184,0.3489107285395729,0,6,6,0,1,0,0,0,0,0,0,1,0,0,0,0,0,5.275253426949485,2.379546134130174,8.404760555780278,0.7151417457991522,0.3489107285395729,0.24343060354063614,0.5079445212031034,0.37848297213622295,0.3507068896853843,0,19.84081632653061,0,Zone_4,Meera Ghosh,32,Female,Kolkata,2023-04-18,491,63,3.78,0,1,4,0,High,55.8,0.11364562118126273,1115.33,2.2715478615071283,1230,0.12830957230142567,4038,2.46,48.2,Business
T00079,R0080,9.88,54.31,143.26,2023-03-23,0,0.10128144574731592,0.3668890989186618,0,3,3,0,1,0,0,0,1,0,0,0,0,0,0,0,0,4.971617227075527,2.3869262414277967,7.369531871157082,0.10730361933324815,0.3668890989186618,-0.21053855064136734,0.3719577000743968,0.38157894736842113,0.2694145758661888,0,14.499999999999998,0,Zone_10,Reyansh Kumar,19,Female,Mumbai,2021-05-15,34,6,4.6,0,5,5,0,Low,55.11,1.6208823529411764,843.6800000000001,24.814117647058826,1933,0.17647058823529413,2440,1.54,35.4,Industrial
T00080,R0020,2.41,13.57,55.01,2023-08-16,0,-0.9308749798716518,-1.3118412352287627,0,2,8,0,1,0,0,0,0,1,0,0,0,0,0,0,0,4.025530246221741,1.2267122912954254,3.6837480912787726,-0.9407955338636261,-1.3118412352287627,-1.3430984613195562,0.13747475821022423,0.09249226006191952,0.06660692951015532,0,22.825726141078835,0,Zone_2,Diya Das,35,Female,Chennai,2019-09-17,274,21,4.03,0,1,9,0,Medium,53.85,0.19653284671532847,746.06,2.722846715328467,2539,0.07664233576642336,6371,0.91,58.4,Residential
T00081,R0278,11.95,92.3,279.75,2023-01-06,0,1.6976443979595868,0.8320794324775863,0,4,1,0,0,1,0,0,0,0,0,0,1,0,0,0,0,5.637464593618552,2.5610957881455465,9.60728889958036,1.7283240546855583,0.8320794324775863,0.8455721760808808,0.734615793389308,0.461687306501548,0.45853245718837116,0,23.410041841004187,0,Zone_5,Aarav Reddy,20,Female,Mumbai,2021-09-02,382,58,4.27,0,3,9,0,High,97.55,0.25536649214659685,2111.36,5.527120418848168,1823,0.1518324607329843,2590,1.31,43.9,Business
T00082,R0264,2.96,24.84,67.86,2023-08-03,0,-0.7805836476427142,-1.1882399388725269,0,3,8,0,1,0,0,0,0,0,0,0,0,0,0,0,1,4.232075457910378,1.3762440252663892,4.983974317750845,-0.7881827959760358,-1.1882399388725269,-1.0297958056164835,0.17161760017004993,0.11377708978328174,0.12271007566706492,0,22.925675675675677,0,Zone_9,Aadhya Das,27,Other,Delhi,2019-02-06,401,54,3.59,0,2,2,2,High,12.44,0.031022443890274313,190.11,0.47408977556109727,2762,0.13466334164588528,11037,1.83,56.1,Mixed
T00083,R0213,1.47,10.77,19.52,2023-01-22,0,-1.3459597565879935,-1.5230870871830573,0,6,1,1,0,0,0,1,0,0,0,0,0,0,0,0,0,3.021400020302569,0.9042181506398859,3.281767816284388,-1.3622917258971339,-1.5230870871830573,-1.4209376304383319,0.043176745669040284,0.056114551083591334,0.05266825965750697,0,13.27891156462585,0,Zone_1,Kavya Ghosh,29,Female,Chennai,2019-06-04,456,26,3.74,0,1,6,0,High,61.089999999999996,0.13396929824561402,1064.3999999999999,2.3342105263157893,2644,0.05701754385964912,4921,2.43,30.9,Residential
T00084,R0129,3.59,30.5,29.92,2023-10-16,0,-1.224323191982472,-1.0466602721372018,0,0,10,1,0,0,0,0,0,0,0,0,0,0,1,0,0,3.4314032237192214,1.5238800240724537,5.522680508593631,-1.2387763582682672,-1.0466602721372018,-0.8724494851835293,0.07080986289722607,0.1381578947368421,0.15088610115491835,0,8.334261838440112,0,Zone_7,Vivaan Singh,35,Male,Hyderabad,2022-10-08,158,10,3.9,0,5,10,1,Low,89.88,0.5688607594936709,1508.3,9.54620253164557,1422,0.06329113924050633,11070,0.64,45.2,Industrial
T00085,R0042,6.27,52.47,156.34,2023-01-22,1,0.25426281738579876,-0.44438486443772435,0,6,1,1,0,0,0,0,0,0,1,0,0,0,0,0,0,5.0584090689010965,1.9837562915454279,7.243617880589782,0.2626479470818615,-0.44438486443772435,-0.26169000463370584,0.4067116590498459,0.24187306501547987,0.26025487853444845,0,24.934609250398726,1,Zone_3,Arjun Reddy,18,Female,Chennai,2021-05-20,23,4,3.03,0,3,5,0,Low,46.16,2.0069565217391303,738.48,32.10782608695652,1928,0.17391304347826086,12971,2.11,38.0,Business
T00086,R0254,8.55,54.29,70.74,2023-01-20,0,-0.7468996759058006,0.0679986913663091,0,4,1,0,0,0,1,0,0,1,0,0,0,0,0,0,0,4.273048472104136,2.256541154492639,7.368174807915458,-0.753978540324965,0.0679986913663091,-0.21109454470650152,0.17926984801785523,0.33010835913312697,0.26931501393866986,0,8.273684210526314,0,Zone_2,Meera Kumar,18,Male,Delhi,2020-03-09,363,70,3.68,0,0,3,1,High,82.37,0.2269146005509642,1214.6,3.346005509641873,2365,0.1928374655647383,6371,0.91,58.4,Residential
T00087,R0227,4.14,37.02,34.19,2023-04-03,0,-1.1743820255530897,-0.9230589757809659,0,0,4,0,1,0,0,0,0,0,0,0,0,0,1,0,0,3.5607619513334936,1.6370530794670737,6.084406298070503,-1.188063798674492,-0.9230589757809659,-0.6911954199498083,0.08215538314379849,0.15944272445820432,0.18334328952608522,0,8.258454106280194,0,Zone_7,Arjun Nair,25,Other,Pune,2020-07-11,320,23,4.12,0,5,7,2,Medium,28.32,0.0885,508.21,1.58815625,2241,0.071875,11070,0.64,45.2,Industrial
T00088,R0145,11.72,88.45,158.4,2023-11-29,0,0.2783562138365078,0.780391617637706,0,2,11,0,1,0,0,0,0,0,1,0,0,0,0,0,0,5.071416766356115,2.543175557911976,9.404786015641186,0.28711349105450246,0.780391617637706,0.7385433185425642,0.4121851418854289,0.4527863777089784,0.43936678614097974,0,13.515358361774744,0,Zone_3,Saanvi Nair,36,Female,Jaipur,2022-12-09,222,43,4.3,0,4,12,0,Medium,46.34,0.20873873873873874,654.6600000000001,2.948918918918919,1360,0.19369369369369369,12971,2.11,38.0,Business
T00089,R0154,9.26,64.5,184.33,2023-02-15,0,0.5816289177039281,0.22755672848072273,0,2,2,0,1,0,0,0,0,0,1,0,0,0,0,0,0,5.222138019809219,2.3282528397426234,8.031189202104505,0.595070556690706,0.22755672848072273,0.07274042554446335,0.4810819428207036,0.35758513931888547,0.32014137793707687,0,19.906047516198704,0,Zone_3,Kavya Patel,18,Other,Kolkata,2019-03-25,466,79,4.68,0,0,3,2,High,138.62,0.2974678111587983,2059.52,4.419570815450644,2715,0.16952789699570817,12971,2.11,38.0,Business
T00090,R0009,4.53,39.15,79.95,2024-07-12,0,-0.6391811412887954,-0.8354144201829073,0,4,7,1,0,0,0,0,0,0,0,0,0,0,1,0,0,4.393831680123644,1.7101878155342434,6.256996084384263,-0.6445961811074782,-0.8354144201829073,-0.6319820520130254,0.20374109894781592,0.1745356037151703,0.19394663480684984,0,17.649006622516556,0,Zone_7,Diya Patel,42,Female,Ahmedabad,2019-12-15,172,21,4.11,0,6,12,0,Medium,64.88,0.37720930232558136,916.39,5.327848837209302,2450,0.12209302325581395,11070,0.64,45.2,Industrial
T00091,R0205,12.44,87.74,134.42,2023-02-27,0,-0.0021096341673773203,0.9421969510495057,0,0,2,0,0,0,1,1,0,0,0,0,0,0,0,0,0,4.908381060057499,2.5982353350950036,9.366963221877194,0.0023155568487113593,0.9421969510495057,0.7188055292303028,0.3484695504304389,0.4806501547987616,0.4358323377140581,0,10.805466237942122,0,Zone_1,Diya Singh,31,Other,Surat,2019-05-12,100,14,4.66,0,6,5,2,Low,25.549999999999997,0.25549999999999995,265.9,2.659,2667,0.14,4921,2.43,30.9,Residential
T00092,R0059,13.81,120.47,115.41,2024-01-22,0,-0.22444723927804663,1.2500765437914032,0,0,1,1,0,0,0,0,0,0,0,1,0,0,0,0,0,4.75711844226015,2.6953026282797072,10.975882652433926,-0.22345628340366905,1.2500765437914032,1.6286898168222794,0.29795940057391856,0.5336687306501549,0.5987654320987654,0,8.356987690079652,0,Zone_4,Aarav Sharma,43,Male,Delhi,2021-08-02,357,11,3.27,0,0,8,1,High,35.0,0.09803921568627451,534.78,1.4979831932773109,1854,0.03081232492997199,4038,2.46,48.2,Business
T00093,R0119,7.51,47.47,142.75,2024-04-21,0,0.09531657575223756,-0.1657201235618466,0,6,4,0,0,1,0,0,0,0,0,1,0,0,0,0,0,4.96807567967746,2.1412419425852827,6.8898476035395735,0.10124661572837114,-0.1657201235618466,-0.40068852091723417,0.3706026145180147,0.2898606811145511,0.23536439665471923,0,19.00798934753662,0,Zone_4,Saanvi Iyer,47,Male,Hyderabad,2023-05-05,30,1,4.39,0,4,5,1,Low,29.23,0.9743333333333334,405.5,13.516666666666667,1213,0.03333333333333333,4038,2.46,48.2,Business
T00094,R0271,6.93,58.93,105.07,2024-04-18,0,-0.34538205447238235,-0.296063308810241,0,3,4,0,0,0,1,0,0,0,0,0,0,0,1,0,0,4.664099253517379,2.0706530356467567,7.676587783644502,-0.3462590623731385,-0.296063308810241,-0.08210392159538722,0.2704857051758954,0.26741486068111453,0.29241338112305854,0,15.16161616161616,0,Zone_7,Saanvi Iyer,22,Male,Bengaluru,2022-10-07,58,6,4.37,0,4,10,1,Low,65.02,1.1210344827586207,928.78,16.013448275862068,1423,0.10344827586206896,11070,0.64,45.2,Industrial
T00095,R0004,0.87,6.04,16.87,2024-04-09,0,-1.3769536889153617,-1.657924865026224,0,1,4,0,0,1,0,0,0,0,1,0,0,0,0,0,0,2.8831233291713367,0.6259384308664953,2.4576411454889016,-1.3937643916871816,-1.657924865026224,-1.5524302268425498,0.03613561483685833,0.03289473684210526,0.029121863799283155,0,19.390804597701152,0,Zone_3,Aarav Nair,19,Other,Kolkata,2019-07-28,464,5,3.19,0,6,7,2,High,37.21,0.08019396551724138,683.03,1.4720474137931034,2590,0.010775862068965518,12971,2.11,38.0,Business
T00096,R0298,5.96,50.55,107.7,2023-02-16,0,-0.31462203861540905,-0.5140510496566937,0,3,2,1,0,0,0,0,0,0,0,0,1,0,0,0,0,4.688591794127164,1.9401794743463283,7.109852319141376,-0.3150239261362231,-0.5140510496566937,-0.3150654348865808,0.2774736953980232,0.2298761609907121,0.25069693349263245,0,18.07046979865772,0,Zone_5,Vivaan Singh,35,Female,Ahmedabad,2020-03-25,65,11,3.88,0,2,3,0,Low,63.190000000000005,0.9721538461538463,1002.41,15.421692307692307,2349,0.16923076923076924,2590,1.31,43.9,Business
T00097,R0061,6.54,53.61,149.53,2023-12-24,0,0.17461425921622173,-0.38370786440829924,0,6,12,0,0,1,0,0,0,0,0,1,0,0,0,0,0,5.014162399872412,2.020222182019865,7.321885003194191,0.181769134240267,-0.38370786440829924,-0.22999834292106136,0.3886172813263896,0.25232198142414863,0.2659299084030267,0,22.863914373088686,0,Zone_4,Meera Reddy,25,Male,Mumbai,2020-08-20,168,25,3.69,0,3,8,1,Medium,34.47,0.20517857142857143,596.74,3.5520238095238095,2201,0.1488095238095238,4038,2.46,48.2,Business
T00098,R0127,9.23,58.17,197.25,2023-09-07,0,0.7327389575792488,0.22081483958856454,0,3,9,0,0,0,1,0,0,0,0,0,0,0,0,1,0,5.289528860514958,2.325324579963535,7.626925986267338,0.7485146480142595,0.22081483958856454,-0.10323169607048348,0.515410776915719,0.35642414860681115,0.2886300278773397,0,21.37053087757313,0,Zone_8,Vivaan Kumar,38,Male,Chennai,2020-03-17,43,2,4.83,0,1,3,1,Low,70.81,1.6467441860465117,1400.47,32.56906976744186,2357,0.046511627906976744,4516,1.93,31.0,Business
T00099,R0290,7.16,64.31,116.82,2023-07-01,0,-0.20795612811518271,-0.24437549397036037,0,5,7,0,1,0,0,0,0,1,0,0,0,0,0,0,0,4.7691580360935415,2.0992441689760155,8.019351594736323,-0.20671044990783233,-0.24437549397036037,0.06745848192568933,0.3017058135827399,0.27631578947368424,0.3191955396256472,0,16.31564245810056,0,Zone_2,Saanvi Kumar,34,Other,Chennai,2020-05-06,169,4,4.28,0,2,5,2,Medium,68.22,0.40366863905325445,1077.67,6.376745562130178,2307,0.023668639053254437,6371,0.91,58.4,Residential
T00100,R0127,9.22,64.89,200.69,2023-04-02,0,0.7729725904872289,0.21856754329117847,0,6,4,0,0,0,1,0,0,0,0,1,0,0,0,0,0,5.306731865149055,2.3243465847755584,8.055432949258531,0.7893697311530384,0.21856754329117847,0.08358230981457856,0.524550961845042,0.35603715170278644,0.32208283552369577,0,21.766811279826463,0,Zone_4,Vivaan Kumar,38,Male,Chennai,2020-03-17,43,2,4.83,0,1,3,1,Low,70.81,1.6467441860465117,1400.47,32.56906976744186,2357,0.046511627906976744,4038,2.46,48.2,Business
T00101,R0296,15.67,121.5,379.63,2024-01-11,1,2.963717293973788,1.6680736551052195,0,3,1,1,0,0,0,0,0,0,0,0,0,0,1,0,0,5.94182777466688,2.813610696762703,11.022703842524301,2.9145466430289444,1.6680736551052195,1.6573235111766862,0.9999999999999999,0.6056501547987616,0.6038928713659897,0,24.22654754307594,1,Zone_7,Reyansh Patel,37,Other,Hyderabad,2021-02-20,390,58,3.97,0,5,2,2,High,79.46000000000001,0.20374358974358978,1306.46,3.349897435897436,2017,0.14871794871794872,11070,0.64,45.2,Industrial
T00102,R0088,5.35,53.28,125.86,2023-05-10,0,-0.1022258834965371,-0.6511361237972465,0,2,5,0,1,0,0,0,0,0,0,0,1,0,0,0,0,4.843084116205751,1.8484548129046001,7.299315036357863,-0.09934709189197115,-0.6511361237972465,-0.2391722449957742,0.3257253693272399,0.20626934984520123,0.2642871365989646,0,23.525233644859814,0,Zone_5,Diya Iyer,22,Other,Jaipur,2019-07-07,438,0,4.78,0,6,7,2,High,62.25,0.1421232876712329,893.76,2.0405479452054793,2611,0.0,2590,1.31,43.9,Business
T00103,R0247,5.55,40.75,125.3,2024-04-15,0,-0.10877554466760367,-0.6061901978495242,0,0,4,0,0,1,0,0,0,0,0,0,1,0,0,0,0,4.838660029356445,1.8794650496471605,6.383572667401852,-0.10599791937967938,-0.6061901978495242,-0.5875025268022962,0.32423743224572216,0.2140092879256966,0.2019115890083632,0,22.576576576576578,0,Zone_5,Aadhya Das,37,Male,Bengaluru,2021-05-11,249,47,4.92,0,1,5,1,Medium,133.48,0.5360642570281124,2367.44,9.507791164658634,1937,0.18875502008032127,2590,1.31,43.9,Business
T00104,R0021,1.45,8.94,13.26,2023-06-28,0,-1.4191756118217014,-1.5275816797778294,0,2,6,0,0,1,0,1,0,0,0,0,0,0,0,0,0,2.65745841498615,0.8960880245566356,2.9899832775452104,-1.4366384760275863,-1.5275816797778294,-1.4718110873981034,0.026543734722074615,0.055340557275541796,0.04355834328952608,0,9.144827586206898,0,Zone_1,Diya Ghosh,37,Female,Pune,2019-05-08,380,17,3.91,0,2,5,0,High,34.72,0.09136842105263157,678.44,1.7853684210526317,2671,0.04473684210526316,4921,2.43,30.9,Residential
T00105,R0210,7.96,45.79,63.84,2024-06-22,0,-0.827600858192156,-0.06459179017947159,0,5,6,0,0,1,0,0,0,0,0,0,1,0,0,0,0,4.171922696867475,2.192770226986839,6.766830868286867,-0.8359262361556554,-0.06459179017947159,-0.4473920223884997,0.16093633754915507,0.30727554179566563,0.2270011947431302,0,8.020100502512562,0,Zone_5,Meera Iyer,34,Other,Mumbai,2022-01-02,94,5,3.4,0,6,1,2,Low,40.54,0.43127659574468086,518.19,5.512659574468086,1701,0.05319148936170213,2590,1.31,43.9,Business
T00106,R0073,12.88,86.01,193.62,2023-10-13,0,0.690283118202514,1.041077988134495,0,4,10,0,0,0,1,1,0,0,0,0,0,0,0,0,0,5.271048939393843,2.6304489550786583,9.274157643689264,0.7054030341207224,1.041077988134495,0.6707120425962023,0.505765756190881,0.4976780185758515,0.4272202309836719,0,15.032608695652174,0,Zone_1,Meera Das,41,Other,Ahmedabad,2021-06-19,490,30,3.01,0,5,6,2,High,78.61,0.16042857142857142,1275.7,2.6034693877551023,1898,0.061224489795918366,4921,2.43,30.9,Residential
T00107,R0051,0.76,6.83,9.71,2023-05-22,0,-1.4606957853168554,-1.6826451242974712,0,0,5,0,1,0,0,0,0,0,1,0,0,0,0,0,0,2.3711778844596574,0.5653138090500605,2.613426869074396,-1.4787999717085936,-1.6826451242974712,-1.5304684612697523,0.017111276437453506,0.028637770897832822,0.03305455993628037,0,12.776315789473685,0,Zone_3,Aarav Nair,21,Male,Kolkata,2020-04-05,213,14,4.02,0,6,4,1,Medium,59.18,0.2778403755868545,1101.02,5.169107981220657,2338,0.06572769953051644,12971,2.11,38.0,Business
T00108,R0185,4.67,31.35,52.05,2024-02-03,0,-0.9654946174901462,-0.8039522720195019,0,5,2,1,0,0,0,0,0,0,0,0,1,0,0,0,0,3.971234865059992,1.7351891177396608,5.599107071667768,-0.9759499077272266,-0.8039522720195019,-0.8488197374153295,0.12960994792220212,0.17995356037151702,0.15511748307447232,0,11.14561027837259,0,Zone_5,Vivaan Sharma,27,Male,Delhi,2021-08-27,201,12,4.05,0,4,8,1,Medium,43.730000000000004,0.21756218905472638,744.08,3.7018905472636816,1829,0.05970149253731343,2590,1.31,43.9,Business
T00109,R0162,8.18,49.59,93.5,2024-01-14,0,-0.48070273259602486,-0.015151271636977215,0,6,1,0,1,0,0,0,0,1,0,0,0,0,0,0,0,4.548599834499697,2.217027204632399,7.042016756583302,-0.48366990886025274,-0.015151271636977215,-0.34175315001301804,0.23974386225953873,0.3157894736842105,0.24591796097172441,0,11.430317848410759,0,Zone_2,Meera Patel,30,Male,Hyderabad,2023-08-14,394,38,4.28,0,0,8,1,High,53.13,0.13484771573604062,936.9000000000001,2.3779187817258887,1112,0.09644670050761421,6371,0.91,58.4,Residential
T00110,R0075,12.25,116.83,202.81,2023-06-30,0,0.7977677363491237,0.8994983213991697,0,4,6,0,1,0,0,0,0,0,0,1,0,0,0,0,0,5.317188187298288,2.583997552432231,10.808792717042916,0.8145478637850767,0.8994983213991697,1.5274988969678707,0.5301838665107875,0.47329721362229105,0.5806451612903226,0,16.55591836734694,0,Zone_4,Diya Reddy,18,Female,Mumbai,2021-04-30,108,7,4.83,0,4,4,0,Low,47.15,0.43657407407407406,704.8100000000001,6.526018518518519,1948,0.06481481481481481,4038,2.46,48.2,Business
T00111,R0046,9.91,84.04,230.69,2023-03-31,0,1.1238472960800792,0.37363098781082,0,4,3,0,0,0,1,0,0,0,0,0,0,0,0,1,0,5.445400271249282,2.3896797998449792,9.167333309092673,1.1456640608516926,0.37363098781082,0.6159466271804922,0.6042618769263471,0.3827399380804954,0.4174133811230586,0,23.278506559031282,0,Zone_8,Vivaan Singh,31,Female,Kolkata,2019-08-16,31,4,3.87,0,4,8,0,Low,80.02,2.581290322580645,1296.42,41.82,2571,0.12903225806451613,4516,1.93,31.0,Business
T00112,R0148,9.63,81.74,205.35,2024-07-23,0,0.8274751280893182,0.31070669148400903,0,1,7,1,0,0,0,1,0,0,0,0,0,0,0,0,0,5.329573756198591,2.363680192353857,9.041017641836564,0.844714117032896,0.31070669148400903,0.5520073096900688,0.5369327239876713,0.37190402476780193,0.4059637594583831,0,21.32398753894081,0,Zone_1,Aarav Kumar,44,Male,Ahmedabad,2019-09-30,412,34,3.36,0,0,9,1,High,23.19,0.056286407766990294,408.63,0.9918203883495146,2526,0.0825242718446602,4921,2.43,30.9,Residential
T00113,R0100,6.88,66.15,85.07,2024-04-29,0,-0.5792985248676158,-0.3072997902971715,0,0,4,0,1,0,0,0,0,0,0,0,1,0,0,0,0,4.455160918661383,2.064327903869788,8.133265027035575,-0.5837886155055746,-0.3072997902971715,0.11860993591802785,0.21734509512169198,0.2654798761609907,0.32835523695738755,0,12.364825581395348,0,Zone_5,Ishaan Gupta,28,Male,Delhi,2021-05-24,383,60,3.79,0,0,5,1,High,101.45,0.26488250652741513,1657.49,4.327650130548303,1924,0.1566579634464752,2590,1.31,43.9,Business
T00114,R0038,10.41,99.21,165.03,2023-12-29,0,0.35589952377252765,0.4859958026801255,0,4,12,0,0,0,1,0,0,0,1,0,0,0,0,0,0,5.112168494919695,2.4344901638739844,9.960421677820673,0.36585453791790495,0.4859958026801255,1.0376681255847169,0.42980125411839726,0.4020897832817338,0.4929311031461569,0,15.853025936599424,0,Zone_3,Aarav Singh,37,Other,Kolkata,2023-02-11,68,7,4.07,0,5,2,2,Low,29.73,0.43720588235294117,453.83,6.673970588235294,1296,0.10294117647058823,12971,2.11,38.0,Business
T00115,R0165,13.07,83.36,253.42,2024-07-07,0,1.3896933646842617,1.083776617784831,0,6,7,0,1,0,0,0,0,0,0,0,0,0,1,0,0,5.538986444728065,2.644044871126298,9.130169768410662,1.415616397986706,1.083776617784831,0.5970428289659322,0.6646561802529493,0.505030959752322,0.4140282755874154,0,19.389441469013004,0,Zone_7,Meera Reddy,37,Female,Kolkata,2021-12-09,34,5,3.27,0,3,12,0,Low,46.71,1.3738235294117647,779.6999999999999,22.932352941176468,1725,0.14705882352941177,11070,0.64,45.2,Industrial
T00116,R0215,0.54,3.96,5.27,2023-12-09,0,-1.5126252417445971,-1.7320856428399656,0,5,12,0,0,1,0,0,0,1,0,0,0,0,0,0,0,1.8357763546448294,0.43178241642553783,1.98997487421324,-1.5315315325039944,-1.7320856428399656,-1.6102536096164977,0.005314061005420341,0.02012383900928793,0.01876742333731581,0,9.759259259259258,0,Zone_2,Saanvi Gupta,26,Female,Hyderabad,2020-02-28,438,48,3.24,0,4,2,0,High,18.15,0.04143835616438356,372.1,0.8495433789954339,2375,0.1095890410958904,6371,0.91,58.4,Residential
T00117,R0093,11.64,60.74,173.51,2024-08-16,0,0.45508010722010656,0.7624132472586171,0,4,8,0,1,0,0,0,0,0,0,0,1,0,0,0,0,5.16198204659078,2.5368663887187113,7.793587107359486,0.4665670684460577,0.7624132472586171,-0.031786458700749906,0.4523328727813795,0.4496904024767802,0.30142373556352053,0,14.906357388316149,0,Zone_5,Diya Patel,33,Other,Surat,2019-05-30,119,18,3.77,0,3,5,2,Low,71.55000000000001,0.6012605042016808,1189.8899999999999,9.999075630252099,2649,0.15126050420168066,2590,1.31,43.9,Business
T00118,R0266,7.51,43.35,88.93,2023-05-02,0,-0.5341526460813356,-0.1657201235618466,0,1,5,1,0,0,0,0,0,1,0,0,0,0,0,0,0,4.499031589926425,2.1412419425852827,6.5840716885526085,-0.5379454117510143,-0.1657201235618466,-0.5152232983348615,0.22760123286215325,0.2898606811145511,0.21485463958582238,0,11.841544607190414,0,Zone_2,Diya Reddy,29,Other,Chennai,2020-09-25,98,13,3.9,0,4,9,2,Low,72.97,0.7445918367346939,1247.45,12.729081632653061,2165,0.1326530612244898,6371,0.91,58.4,Residential
T00119,R0108,5.35,31.23,133.14,2023-06-30,1,-0.017080288272672276,-0.6511361237972465,0,4,6,0,0,0,1,0,0,0,0,0,0,0,1,0,0,4.898884030671591,1.8484548129046001,5.588380803059147,-0.012886334551764564,-0.6511361237972465,-0.8521557018061341,0.3450685513869699,0.20626934984520123,0.15452011150935882,0,24.885981308411214,1,Zone_7,Reyansh Gupta,18,Male,Pune,2019-05-31,184,32,4.88,0,4,5,1,Medium,43.6,0.23695652173913045,874.89,4.754836956521739,2648,0.17391304347826086,11070,0.64,45.2,Industrial
T00120,R0175,4.22,29.16,40.82,2024-03-04,0,-1.0968387156170698,-0.905080605401877,0,0,3,1,0,0,0,0,0,1,0,0,0,0,0,0,0,3.7333746940004877,1.6524974018945473,5.4,-1.1093227518110895,-0.905080605401877,-0.9097010875475148,0.09977149537676692,0.16253869969040247,0.14421545201115094,0,9.672985781990523,0,Zone_2,Diya Patel,35,Male,Chennai,2022-08-18,98,8,3.48,0,3,8,1,Low,70.26,0.7169387755102041,1267.03,12.928877551020408,1473,0.08163265306122448,6371,0.91,58.4,Residential
T00121,R0236,1.1,6.91,17.89,2023-12-29,0,-1.365023948925205,-1.6062370501863434,0,4,12,0,0,0,1,0,0,0,0,0,1,0,0,0,0,2.9386326815134183,0.7419373447293773,2.6286878856189833,-1.3816503844774273,-1.6062370501863434,-1.5282444850092158,0.03884578594962271,0.041795665634674926,0.03345280764635604,0,16.263636363636362,0,Zone_5,Arjun Gupta,28,Male,Ahmedabad,2020-08-10,61,1,3.36,0,0,8,1,Low,50.01,0.8198360655737704,768.54,12.599016393442623,2211,0.01639344262295082,2590,1.31,43.9,Business
T00122,R0278,16.49,126.69,379.63,2023-11-14,0,2.9523723451596187,1.8523519514908802,0,1,11,1,0,0,0,1,0,0,0,0,0,0,0,0,0,5.94182777466688,2.8616292890305104,11.255665240224586,2.9145466430289444,1.8523519514908802,1.8016039710789888,0.9999999999999999,0.6373839009287925,0.6297291915571486,0,23.021831412977566,0,Zone_1,Aarav Reddy,20,Female,Mumbai,2021-09-02,382,58,4.27,0,3,9,0,High,97.55,0.25536649214659685,2111.36,5.527120418848168,1823,0.1518324607329843,4921,2.43,30.9,Residential
T00123,R0009,4.5600000000000005,34.92,49.82,2023-10-27,0,-0.9915763039392148,-0.828672531290749,0,4,10,0,1,0,0,0,1,0,0,0,0,0,0,0,0,3.928289977892018,1.7155981082624912,5.909314681077663,-1.0024344529014932,-0.828672531290749,-0.7495747967888902,0.12368476990115847,0.1756965944272446,0.17288928713659896,0,10.925438596491228,0,Zone_10,Diya Patel,42,Female,Ahmedabad,2019-12-15,172,21,4.11,0,6,12,0,Medium,64.88,0.37720930232558136,916.39,5.327848837209302,2450,0.12209302325581395,2440,1.54,35.4,Industrial
T00124,R0297,2.58,13.39,49.39,2024-05-25,0,-0.9966055080527123,-1.2736371981731989,0,5,5,0,0,1,0,0,0,0,0,0,0,0,0,1,0,3.9197927426925068,1.275362800412609,3.6592348927063973,-1.0075413382938405,-1.2736371981731989,-1.3481024079057633,0.1225422467849931,0.09907120743034058,0.06571087216248507,0,19.143410852713178,0,Zone_8,Saanvi Gupta,47,Male,Pune,2023-09-20,396,46,3.87,0,2,9,1,High,23.72,0.059898989898989896,402.58,1.0166161616161615,1075,0.11616161616161616,4516,1.93,31.0,Business
T00125,R0002,5.72,41.44,129.43,2024-03-30,0,-0.06047179353098785,-0.5679861607939604,0,5,3,0,1,0,0,0,0,0,0,0,0,0,0,0,1,4.8708366843821915,1.9050881545350582,6.437390775772433,-0.05694806665783122,-0.5679861607939604,-0.5683207315551694,0.3352109682219152,0.22058823529411764,0.2053464755077658,0,22.62762237762238,0,Zone_9,Ishaan Nair,39,Female,Mumbai,2019-11-23,70,5,4.12,0,5,11,0,Low,75.69,1.0812857142857142,1175.6100000000001,16.794428571428572,2472,0.07142857142857142,11037,1.83,56.1,Mixed
T00126,R0287,4.27,31.04,69.77,2023-07-13,0,-0.7582446247199695,-0.8938441239149464,0,3,7,1,0,0,0,1,0,0,0,0,0,0,0,0,0,4.259435182087693,1.6620303625532709,5.571355310873647,-0.7654987236518882,-0.8938441239149464,-0.8574376454249083,0.17669252843022637,0.1644736842105263,0.1535742731979291,0,16.339578454332553,0,Zone_1,Saanvi Singh,18,Other,Delhi,2021-12-17,320,34,3.33,0,4,12,2,Medium,40.28,0.12587500000000001,741.3399999999999,2.3166874999999996,1717,0.10625,4921,2.43,30.9,Residential
T00127,R0098,8.62,43.67,118.52,2024-04-15,0,-0.18807322813158783,0.08372976544801153,0,0,4,0,0,1,0,0,0,0,0,0,0,0,0,1,0,4.783483721384507,2.263844264677615,6.608328079022711,-0.18652043789157524,0.08372976544801153,-0.5063273932927156,0.3062227654373472,0.33281733746130027,0.21644763042612505,0,13.749419953596288,0,Zone_8,Diya Singh,21,Other,Bengaluru,2023-04-29,286,56,3.5,0,5,4,2,Medium,70.87,0.24779720279720283,1071.75,3.7473776223776225,1219,0.1958041958041958,4516,1.93,31.0,Business
T00128,R0113,15.58,134.76,327.97,2024-08-23,0,2.261617008082495,1.6478479884287445,0,4,8,0,0,0,1,0,1,0,0,0,0,0,0,0,0,5.795966561197395,2.8081971497071487,11.60861748874516,2.301007807287862,1.6478479884287445,2.025947576360603,0.8627378042299926,0.6021671826625388,0.6699024293110314,0,21.050706033376123,0,Zone_10,Aadhya Singh,26,Other,Chennai,2019-03-09,423,26,4.61,0,5,3,2,High,55.02,0.1300709219858156,1096.29,2.591702127659574,2731,0.061465721040189124,2440,1.54,35.4,Industrial
T00129,R0047,5.07,29.05,108.85,2023-03-14,0,-0.30117184156768323,-0.7140604201240575,0,1,3,0,0,0,1,0,0,0,0,1,0,0,0,0,0,4.699115798830619,1.803358605071407,5.389805191284746,-0.3013659768311081,-0.7140604201240575,-0.9127590549057524,0.28052928047613984,0.19543343653250775,0.1436678614097969,0,21.469428007889544,0,Zone_4,Reyansh Iyer,51,Female,Bengaluru,2021-10-07,69,3,4.86,0,3,10,0,Low,62.230000000000004,0.9018840579710146,1144.87,16.592318840579708,1788,0.043478260869565216,4038,2.46,48.2,Business
T00130,R0297,8.77,55.57,193.03,2024-01-21,0,0.6833825823258545,0.11743920990880327,0,6,1,0,0,1,0,0,0,0,0,0,0,1,0,0,0,5.268012786283181,2.2793164660546914,7.454528824815154,0.6983959123033155,0.11743920990880327,-0.17551092453791825,0.504198108194282,0.33862229102167185,0.27568697729988056,0,22.010262257696695,0,Zone_6,Saanvi Gupta,47,Male,Pune,2023-09-20,396,46,3.87,0,2,9,1,High,23.72,0.059898989898989896,402.58,1.0166161616161615,1075,0.11616161616161616,14627,0.54,37.6,Mixed
T00131,R0246,2.26,19.77,54.11,2024-04-15,0,-0.9414012210394371,-1.3455506796895547,0,0,4,0,0,0,1,1,0,0,0,0,0,0,0,0,0,4.009331187895144,1.1817271953786161,4.446346815083142,-0.9514843637545857,-1.3455506796895547,-1.1707403011279809,0.1350834307577851,0.08668730650154799,0.09747112704101951,0,23.942477876106196,0,Zone_1,Vivaan Das,29,Other,Mumbai,2021-03-31,240,34,4.79,0,2,3,2,Medium,83.74,0.34891666666666665,1550.55,6.460624999999999,1978,0.14166666666666666,4921,2.43,30.9,Residential
T00132,R0220,15.6,79.16,238.5,2023-01-24,0,1.2151916777694178,1.6523425810235166,0,1,1,0,1,0,0,1,0,0,0,0,0,0,0,0,0,5.4785534168509695,2.8094026953624978,8.89719056781409,1.2384193513499089,1.6523425810235166,0.4802840752877683,0.6250132851525135,0.6029411764705882,0.39312027080844286,0,15.288461538461538,0,Zone_1,Meera Ghosh,32,Female,Kolkata,2023-04-18,491,63,3.78,0,1,4,0,High,55.8,0.11364562118126273,1115.33,2.2715478615071283,1230,0.12830957230142567,4921,2.43,30.9,Residential
T00133,R0060,8.95,80.7,77.22,2023-07-28,0,-0.6711107394977449,0.1578905432617532,0,4,7,1,0,0,0,0,0,0,0,1,0,0,0,0,0,4.359525369327368,2.2975725511705014,8.983317872590282,-0.6770189651100558,0.1578905432617532,0.5230956183030953,0.19648740567541714,0.34558823529411764,0.4007865392273995,0,8.627932960893855,0,Zone_4,Aarav Nair,40,Female,Hyderabad,2023-08-01,123,7,4.57,0,1,8,0,Low,47.26,0.38422764227642275,732.38,5.954308943089431,1125,0.056910569105691054,4038,2.46,48.2,Business
T00134,R0039,2.59,13.62,50.28,2023-07-30,0,-0.9861962251201244,-1.2713899018758128,0,6,7,0,0,1,0,0,0,0,0,0,0,0,0,0,1,3.9373008126124147,1.2781522025001875,3.690528417449187,-0.9969712731794471,-1.2713899018758128,-1.341708476156721,0.12490700393240516,0.09945820433436534,0.0668558343289526,0,19.413127413127416,0,Zone_9,Aadhya Iyer,24,Male,Chennai,2023-11-18,190,14,4.2,0,5,11,1,Medium,33.86,0.17821052631578946,508.06,2.674,1016,0.07368421052631578,11037,1.83,56.1,Mixed
T00135,R0233,12.52,86.28,309.0,2024-01-13,1,2.039747235912616,0.9601753214285946,0,5,1,0,1,0,0,0,0,0,0,0,0,0,0,0,1,5.736572297479192,2.604170070614818,9.288702815786497,2.075711026141746,0.9601753214285946,0.6782179624755128,0.8123339355935806,0.4837461300309598,0.4285643170051772,0,24.680511182108628,1,Zone_9,Ishaan Iyer,30,Other,Hyderabad,2023-11-23,469,41,4.37,0,3,11,2,High,89.27,0.1903411513859275,1583.23,3.3757569296375265,1011,0.08742004264392324,11037,1.83,56.1,Mixed
T00136,R0009,14.0,100.64,155.38,2023-03-17,0,0.24303482680682745,1.2927751734417392,0,4,3,0,1,0,0,0,0,0,1,0,0,0,0,0,0,5.052288942696368,2.70805020110221,10.031948963187562,0.2512465285315045,1.2927751734417392,1.0774217012418061,0.4041609097672441,0.5410216718266254,0.5000497809637595,0,11.098571428571429,0,Zone_3,Diya Patel,42,Female,Ahmedabad,2019-12-15,172,21,4.11,0,6,12,0,Medium,64.88,0.37720930232558136,916.39,5.327848837209302,2450,0.12209302325581395,12971,2.11,38.0,Business
T00137,R0003,8.81,55.8,71.01,2023-01-25,0,-0.7437418035554648,0.1264283950983479,0,2,1,0,0,1,0,0,1,0,0,0,0,0,0,0,0,4.276804998260776,2.2834022735772717,7.469939758793239,-0.7507718913576771,0.1264283950983479,-0.16911699278887604,0.179987246253587,0.34017027863777094,0.27683193946634804,0,8.060158910329172,0,Zone_10,Kavya Reddy,34,Male,Pune,2023-05-04,45,9,3.76,0,3,5,1,Low,67.68,1.5040000000000002,971.71,21.593555555555557,1214,0.2,2440,1.54,35.4,Industrial
T00138,R0132,0.2,1.98,3.5,2023-12-18,0,-1.5333268493745755,-1.8084937169510935,0,0,12,0,0,0,1,1,0,0,0,0,0,0,0,0,0,1.5040773967762742,0.18232155679395465,1.407124727947029,-1.552552897956215,-1.8084937169510935,-1.665297022064775,0.0006111170156233407,0.006965944272445821,0.00891079251294305,0,17.5,0,Zone_1,Aadhya Iyer,23,Male,Surat,2022-12-09,484,25,3.32,0,4,12,1,High,69.39999999999999,0.1433884297520661,1091.99,2.2561776859504135,1360,0.05165289256198347,4921,2.43,30.9,Residential
T00139,R0053,16.93,85.55,323.75,2023-03-09,0,2.2122606328291003,1.9512329885758695,0,3,3,0,0,1,0,0,0,0,0,0,0,0,1,0,0,5.783055655550709,2.8864752876170416,9.249324299644812,2.2508890715769176,1.9512329885758695,0.6579241790981175,0.8515251355085557,0.6544117647058824,0.4249303066507368,0,19.122858830478442,0,Zone_7,Arjun Reddy,45,Female,Delhi,2019-09-16,63,7,4.85,0,0,9,0,Low,44.0,0.6984126984126984,713.04,11.318095238095237,2540,0.1111111111111111,11070,0.64,45.2,Industrial
T00140,R0101,9.55,63.77,164.23,2024-07-18,0,0.3465428649567182,0.29272832110492014,0,3,7,0,1,0,0,0,0,1,0,0,0,0,0,0,0,5.1073384426629,2.3561258599220753,7.985612061701971,0.3563533557926074,0.29272832110492014,0.05244664216706829,0.42767562971622913,0.36880804953560375,0.3165073675826364,0,17.196858638743453,0,Zone_2,Aarav Singh,37,Female,Delhi,2020-11-01,228,29,3.03,0,6,11,0,Medium,45.29,0.19864035087719298,671.3599999999999,2.9445614035087715,2128,0.12719298245614036,6371,0.91,58.4,Residential
T00141,R0112,13.85,137.6,135.59,2023-08-24,0,0.011574479350744024,1.2590657289809475,0,3,8,1,0,0,0,0,0,0,0,1,0,0,0,0,0,4.9169837380148005,2.6979998652487085,11.730302638892145,0.01621103570695906,1.2590657289809475,2.1048987336096476,0.35157827611860987,0.5352167182662538,0.6840402230187176,0,9.789891696750903,0,Zone_4,Meera Nair,41,Female,Delhi,2020-11-13,311,11,3.24,0,4,11,0,Medium,89.53,0.28787781350482317,1150.27,3.6986173633440513,2116,0.03536977491961415,4038,2.46,48.2,Business
T00142,R0277,5.25,37.61,93.01,2023-02-11,0,-0.48643368612070803,-0.6736090867711075,0,5,2,1,0,0,0,0,0,0,0,0,0,0,0,1,0,4.543401159590459,1.8325814637483102,6.132699242584786,-0.48948938291199734,-0.6736090867711075,-0.674793595028352,0.23844191731321077,0.20239938080495357,0.18628036638789325,0,17.716190476190476,0,Zone_8,Kavya Gupta,42,Female,Jaipur,2021-01-22,433,16,3.06,0,4,1,0,High,86.92999999999999,0.20076212471131638,1402.8,3.2397228637413393,2046,0.03695150115473441,4516,1.93,31.0,Business
T00143,R0278,6.01,35.02,140.33,2024-01-21,0,0.06701268283441446,-0.5028145681697631,0,6,1,1,0,0,0,1,0,0,0,0,0,0,0,0,0,4.9510975813800595,1.9473377010464987,5.917769850205397,0.07250553979934653,-0.5028145681697631,-0.7467948264632196,0.3641726007014561,0.23181114551083593,0.17338709677419356,0,23.349417637271216,0,Zone_1,Aarav Reddy,20,Female,Mumbai,2021-09-02,382,58,4.27,0,3,9,0,High,97.55,0.25536649214659685,2111.36,5.527120418848168,1823,0.1518324607329843,4921,2.43,30.9,Residential
T00144,R0227,8.55,47.24,140.57,2023-05-11,0,0.06981968047915704,0.0679986913663091,0,3,5,0,1,0,0,0,0,1,0,0,0,0,0,0,0,4.952794294406406,2.256541154492639,6.8731361109758335,0.07535589443693552,0.0679986913663091,-0.4070824526662764,0.36481028802210647,0.33010835913312697,0.2342194344882517,0,16.440935672514616,0,Zone_2,Arjun Nair,25,Other,Pune,2020-07-11,320,23,4.12,0,5,7,2,Medium,28.32,0.0885,508.21,1.58815625,2241,0.071875,6371,0.91,58.4,Residential
T00145,R0182,13.57,111.94,176.46,2023-09-26,0,0.48958278660340365,1.1961414326541364,0,1,9,0,0,1,0,0,0,0,0,0,0,1,0,0,0,5.178745231407191,2.6789646202071133,10.580170130957253,0.5016026775330923,1.1961414326541364,1.3915583480425802,0.46017111276437456,0.5243808049535604,0.5563022700119474,0,13.003684598378777,0,Zone_6,Meera Patel,43,Male,Jaipur,2020-09-30,8,0,4.4,0,2,9,1,Low,49.53,6.19125,835.81,104.47625,2160,0.0,14627,0.54,37.6,Mixed
T00146,R0288,8.71,64.91,143.0,2024-07-17,0,0.09824053163217798,0.1039554321244869,0,2,7,0,0,0,1,0,0,1,0,0,0,0,0,0,0,4.969813299576001,2.2731562823032334,8.056674251823763,0.10421573514252659,0.1039554321244869,0.08413830387971256,0.3712668721436922,0.3363003095975233,0.32218239745121463,0,16.41791044776119,0,Zone_2,Diya Ghosh,42,Male,Ahmedabad,2021-08-30,43,5,4.56,0,0,8,1,Low,52.08,1.2111627906976743,795.6,18.50232558139535,1826,0.11627906976744186,6371,0.91,58.4,Residential
T00147,R0043,1.72,11.0,28.33,2023-08-04,0,-1.242919551378893,-1.4669046797484044,0,4,8,0,0,0,1,0,0,0,0,0,0,1,0,0,0,3.3786108829893595,1.000631880307906,3.3166247903554,-1.2576599577422958,-1.4669046797484044,-1.4145436986892899,0.06658518439791689,0.06578947368421054,0.053813221823974515,0,16.47093023255814,0,Zone_6,Diya Kumar,28,Male,Ahmedabad,2021-12-10,85,16,4.68,0,4,12,1,Low,67.16,0.7901176470588235,862.5,10.147058823529411,1724,0.18823529411764706,14627,0.54,37.6,Mixed
T00148,R0162,9.31,67.23,101.61,2023-06-10,0,-0.38584960385075767,0.23879320996765344,0,5,6,0,1,0,0,0,0,0,1,0,0,0,0,0,0,4.630935393874117,2.333114298028869,8.19939022122987,-0.3873516750650499,0.23879320996765344,0.14863361543526993,0.2612923796365182,0.35952012383900933,0.33373158104340905,0,10.9140708915145,0,Zone_3,Meera Patel,30,Male,Hyderabad,2023-08-14,394,38,4.28,0,0,8,1,High,53.13,0.13484771573604062,936.9000000000001,2.3779187817258887,1112,0.09644670050761421,12971,2.11,38.0,Business
T00149,R0232,16.15,114.77,160.8,2023-09-24,0,0.3064261902839359,1.7759438773797525,0,6,9,0,1,0,0,0,0,0,0,1,0,0,0,0,0,5.086361004624392,2.8419981736119486,10.713076122197583,0.3156170374303949,1.7759438773797525,1.4702315082590571,0.4185620150919333,0.6242260061919505,0.5703902827558741,0,9.956656346749227,0,Zone_4,Meera Das,38,Male,Jaipur,2022-12-08,172,15,3.94,0,3,12,1,Medium,93.19999999999999,0.541860465116279,1490.84,8.667674418604651,1361,0.0872093023255814,4038,2.46,48.2,Business
T00150,R0240,8.33,48.26,75.22,2023-06-12,0,-0.6945023865372683,0.01855817282381452,0,0,6,0,0,0,1,0,0,0,0,0,0,0,0,0,1,4.333623895445714,2.2332350148592526,6.9469417731833625,-0.7007719204232994,0.01855817282381452,-0.3787267553444367,0.1911733446699968,0.32159442724458204,0.23929709279171643,0,9.03001200480192,0,Zone_9,Aarav Iyer,30,Male,Delhi,2020-05-18,174,2,4.07,0,0,5,1,Medium,92.12,0.5294252873563219,1221.47,7.0199425287356325,2295,0.011494252873563218,11037,1.83,56.1,Mixed
T00151,R0260,8.65,81.15,195.04,2023-05-30,0,0.7068911876005753,0.09047165434017011,0,1,5,0,0,0,1,0,0,0,0,0,0,1,0,0,0,5.278318720041347,2.2669579153508947,9.008329478876759,0.7222676323931252,0.09047165434017011,0.5356054847686128,0.5095387395047295,0.33397832817337464,0.4030266825965751,0,22.547976878612715,0,Zone_6,Reyansh Das,55,Other,Mumbai,2019-07-17,63,3,4.24,0,2,7,2,Low,37.79,0.5998412698412698,689.26,10.94063492063492,2601,0.047619047619047616,14627,0.54,37.6,Mixed
T00152,R0238,1.69,9.88,31.89,2023-01-25,0,-1.2012824196485414,-1.4736465686405629,0,2,1,0,0,1,0,0,0,0,0,0,0,0,1,0,0,3.4931686602009657,0.9895411936137477,3.1432467291003423,-1.2153796972847222,-1.4736465686405629,-1.4456793663368,0.0760442129875651,0.06462848297213623,0.04823775388291518,0,18.869822485207102,0,Zone_7,Reyansh Patel,30,Other,Pune,2019-04-22,362,56,4.91,0,0,4,2,High,38.73,0.10698895027624308,590.03,1.6299171270718231,2687,0.15469613259668508,11070,0.64,45.2,Industrial
T00153,R0252,0.99,7.74,20.96,2023-02-06,0,-1.3291177707195365,-1.6309573094575904,0,0,2,0,0,1,0,0,1,0,0,0,0,0,0,0,0,3.08922261664133,0.688134638736401,2.7820855486487113,-1.3451895980715984,-1.6309573094575904,-1.5051707313061502,0.047002869592942934,0.03753869969040248,0.037584627638391085,0,21.171717171717173,0,Zone_10,Reyansh Gupta,38,Other,Ahmedabad,2020-09-23,392,47,4.83,0,2,9,2,High,100.41,0.25614795918367345,1682.05,4.290943877551021,2167,0.11989795918367346,2440,1.54,35.4,Industrial
T00154,R0096,4.8100000000000005,27.53,43.26,2023-05-01,0,-1.0683009062288513,-0.7724901238560963,0,0,5,0,0,1,0,0,0,0,0,0,0,0,0,1,0,3.7900813346229034,1.75958057086382,5.246903848937962,-1.0803441463289323,-0.7724901238560963,-0.955014603855945,0.10625464980337974,0.1853715170278638,0.13610115491835922,0,8.993762993762992,0,Zone_8,Reyansh Das,40,Female,Kolkata,2019-12-28,121,3,4.46,0,5,12,0,Low,27.41,0.2265289256198347,354.95,2.933471074380165,2437,0.024793388429752067,4516,1.93,31.0,Business
T00155,R0134,6.37,46.88,146.78,2024-01-08,0,0.14245074453687712,-0.4219119014638631,0,0,1,1,0,0,0,0,0,0,1,0,0,0,0,0,0,4.995724681360501,1.9974177062012453,6.846897107449476,0.14910882068455703,-0.4219119014638631,-0.4170903458386904,0.38131044744393666,0.24574303405572756,0.2324273197929112,0,23.042386185243327,0,Zone_3,Aadhya Singh,34,Male,Jaipur,2022-07-30,410,29,4.59,0,5,7,1,High,55.82,0.13614634146341464,1084.4,2.644878048780488,1492,0.07073170731707316,12971,2.11,38.0,Business
T00156,R0272,8.52,83.6,139.92,2023-02-14,0,0.062217395191311885,0.06125680247415051,0,1,2,1,0,0,0,0,1,0,0,0,0,0,0,0,0,4.948192353473037,2.253394848803274,9.143303560529969,0.06763618396013128,0.06125680247415051,0.6037147577475414,0.36308321819534484,0.32894736842105265,0.41522301871764233,0,16.422535211267604,0,Zone_10,Kavya Ghosh,21,Male,Kolkata,2020-01-15,432,4,4.79,0,2,1,1,High,40.29,0.09326388888888888,691.76,1.6012962962962962,2419,0.009259259259259259,2440,1.54,35.4,Industrial
T00157,R0191,8.83,65.91,137.29,2023-02-01,0,0.03145737933433874,0.13092298769312005,0,2,2,0,0,0,1,0,0,0,1,0,0,0,0,0,0,4.929352929476567,2.285438934159075,8.118497397917917,0.03640104772321599,0.13092298769312005,0.11193800713641823,0.3560952279732171,0.34094427244582043,0.3271604938271605,0,15.548131370328425,0,Zone_3,Meera Gupta,33,Other,Surat,2020-08-14,87,6,4.56,0,4,8,2,Low,83.17,0.9559770114942528,1326.52,15.24735632183908,2207,0.06896551724137931,12971,2.11,38.0,Business
T00158,R0193,16.01,120.0,245.9,2024-03-14,0,1.3017407718156542,1.7444817292163477,0,3,3,1,0,0,0,0,0,0,0,1,0,0,0,0,0,5.508983396351134,2.8338014064077703,10.954451150103322,1.3263052860089104,1.7444817292163477,1.6156239562916277,0.6446753108725688,0.6188080495356039,0.5964257268020708,0,15.359150530918175,0,Zone_4,Kavya Singh,33,Female,Chennai,2022-01-03,389,68,4.41,0,0,1,0,High,56.09,0.14419023136246786,1005.6400000000001,2.5851928020565555,1700,0.17480719794344474,4038,2.46,48.2,Business
T00159,R0156,8.29,54.53,194.79,2024-02-27,0,0.7039672317206349,0.009568987634269872,0,1,2,0,0,0,1,0,0,0,0,0,0,0,0,0,1,5.277042656269182,2.2289385528257473,7.384443106964803,0.7192985129789697,0.009568987634269872,-0.2044226159248921,0.5088744818790519,0.32004643962848295,0.27050975706889685,0,23.496984318455972,0,Zone_9,Ishaan Iyer,33,Female,Jaipur,2022-07-07,255,18,4.28,0,3,7,0,Medium,24.18,0.09482352941176471,484.23,1.8989411764705884,1515,0.07058823529411765,11037,1.83,56.1,Mixed
T00160,R0284,13.32,86.84,297.22,2023-07-04,0,1.9019704348498236,1.1399590252194838,0,1,7,0,0,0,1,0,0,0,0,0,0,1,0,0,0,5.697831469162762,2.6616571615324998,9.318798205777396,1.9358061193467417,1.1399590252194838,0.693785796299268,0.7810341162716549,0.5147058823529412,0.43135205097570695,0,22.313813813813816,0,Zone_6,Vivaan Das,28,Female,Surat,2019-07-31,135,19,4.95,0,2,7,0,Low,60.91,0.45118518518518513,986.33,7.306148148148148,2587,0.14074074074074075,14627,0.54,37.6,Mixed
T00161,R0052,7.8,77.99,101.69,2023-11-24,0,-0.3849139379691768,-0.10054853093764939,0,4,11,0,0,1,0,0,0,0,0,0,0,0,0,0,1,4.631714741210204,2.174751721484161,8.831194709664146,-0.3864015568525202,-0.10054853093764939,0.44775842247742265,0.261504942076735,0.30108359133126933,0.3872958980485862,0,13.037179487179488,0,Zone_9,Reyansh Singh,23,Other,Hyderabad,2021-03-09,40,7,4.74,0,1,3,2,Low,30.590000000000003,0.76475,514.66,12.866499999999998,2000,0.175,11037,1.83,56.1,Mixed
T00162,R0040,15.24,117.92,127.82,2023-11-05,0,-0.07930206939780429,1.5714399143176168,0,6,11,0,1,0,0,0,0,0,0,0,0,0,0,1,0,4.858416081118745,2.787477334733532,10.859097568398582,-0.07606919568499249,1.5714399143176168,1.55780057351768,0.3309331491125518,0.5890092879256966,0.5860712863401035,0,8.387139107611548,0,Zone_8,Aarav Gupta,34,Other,Surat,2023-05-05,485,36,4.41,0,4,5,2,High,80.45,0.1658762886597938,1140.75,2.352061855670103,1213,0.07422680412371134,4516,1.93,31.0,Business
T00163,R0200,1.35,10.81,33.27,2023-12-31,1,-1.1851421831912703,-1.5500546427516906,0,6,12,1,0,0,0,0,0,1,0,0,0,0,0,0,0,3.5342703358865175,0.8544153281560676,3.2878564445547194,-1.198990158118584,-1.5500546427516906,-1.4198256423080637,0.07971091508130515,0.05147058823529412,0.05286738351254481,0,24.644444444444446,1,Zone_2,Kavya Kumar,30,Other,Bengaluru,2021-11-15,443,87,3.6,0,0,11,2,High,39.97,0.09022573363431151,489.45000000000005,1.1048532731376977,1749,0.1963882618510158,6371,0.91,58.4,Residential
T00164,R0098,5.01,36.18,75.78,2023-01-26,0,-0.6879527253662017,-0.7275441979083742,0,3,1,0,0,0,1,0,0,0,0,0,0,0,0,0,1,4.340944189572651,1.7934247485471162,6.014981296729027,-0.6941210929355911,-0.7275441979083742,-0.7145471706854412,0.1926612817515145,0.19311145510835914,0.17916168857029072,0,15.125748502994012,0,Zone_9,Diya Singh,21,Other,Bengaluru,2023-04-29,286,56,3.5,0,5,4,2,Medium,70.87,0.24779720279720283,1071.75,3.7473776223776225,1219,0.1958041958041958,11037,1.83,56.1,Mixed
T00165,R0055,12.92,113.26,307.72,2024-04-22,0,2.024776581807321,1.0500671733240392,0,0,4,0,0,0,1,0,0,0,1,0,0,0,0,0,0,5.7324347172293635,2.6333266549062735,10.64236815751081,2.0605091347412707,1.0500671733240392,1.4282539563414318,0.8089329365501117,0.49922600619195046,0.562873357228196,0,23.817337461300312,0,Zone_3,Kavya Singh,32,Male,Delhi,2021-11-07,425,12,4.19,0,6,11,1,High,71.7,0.16870588235294118,1109.56,2.610729411764706,1757,0.02823529411764706,12971,2.11,38.0,Business
T00166,R0230,7.14,50.26,122.74,2023-02-24,0,-0.13871685287819358,-0.2488700865651327,0,4,2,1,0,0,0,0,0,0,0,0,0,0,0,1,0,4.818182590102842,2.096790180014449,7.089428749906441,-0.13640170218063122,-0.2488700865651327,-0.3231273488310254,0.3174354341587841,0.2755417956656347,0.24925328554360812,0,17.19047619047619,0,Zone_8,Kavya Gupta,32,Male,Chennai,2022-11-22,183,23,3.65,0,1,11,1,Medium,58.66,0.32054644808743166,908.22,4.962950819672131,1377,0.12568306010928962,4516,1.93,31.0,Business
T00167,R0287,12.66,78.42,300.95,2024-03-27,0,1.945595856578534,0.9916374695920004,0,2,3,0,0,1,0,0,0,0,0,0,0,0,0,0,1,5.71026144075391,2.614471854142644,8.855506761332183,1.9801053810059406,0.9916374695920004,0.45971229487780624,0.7909448400467637,0.48916408668730654,0.38943647949024296,0,23.77172195892575,0,Zone_9,Saanvi Singh,18,Other,Delhi,2021-12-17,320,34,3.33,0,4,12,2,Medium,40.28,0.12587500000000001,741.3399999999999,2.3166874999999996,1717,0.10625,11037,1.83,56.1,Mixed
T00168,R0131,9.93,63.88,156.99,2024-01-19,0,0.2618651026736439,0.37812558040559213,0,4,1,1,0,0,0,0,0,0,0,0,0,0,0,0,1,5.062531739884758,2.391511302188447,7.992496481075234,0.27036765755866576,0.37812558040559213,0.0555046095253059,0.40843872887660754,0.3835139318885449,0.3170549581839905,0,15.809667673716014,0,Zone_9,Reyansh Ghosh,24,Male,Surat,2019-10-22,99,7,3.6,0,1,10,1,Low,26.97,0.2724242424242424,435.23,4.396262626262627,2504,0.0707070707070707,11037,1.83,56.1,Mixed
T00169,R0043,12.73,83.5,211.73,2024-03-09,0,0.9020944821453977,1.0073685436737032,0,5,3,0,0,0,1,1,0,0,0,0,0,0,0,0,0,5.360023755984015,2.6195832197798796,9.137833441248533,0.9204860444821431,1.0073685436737032,0.600934787421871,0.5538845785949622,0.4918730650154799,0.4147252090800478,0,16.632364493322857,0,Zone_1,Diya Kumar,28,Male,Ahmedabad,2021-12-10,85,16,4.68,0,4,12,1,Low,67.16,0.7901176470588235,862.5,10.147058823529411,1724,0.18823529411764706,4921,2.43,30.9,Residential
T00170,R0120,11.07,101.93,252.84,2024-08-05,0,1.3829097870428002,0.6343173583076088,0,0,8,0,0,0,1,0,1,0,0,0,0,0,0,0,0,5.53670414727494,2.4907230351094403,10.09603882718366,1.4087280409458656,0.6343173583076088,1.1132833184429567,0.6631151025613774,0.4276315789473685,0.5064715252887296,0,22.84010840108401,0,Zone_10,Ishaan Gupta,18,Other,Surat,2020-07-12,311,15,4.55,0,6,7,2,Medium,68.2,0.21929260450160773,1013.95,3.260289389067524,2240,0.04823151125401929,2440,1.54,35.4,Industrial
T00171,R0279,11.37,105.02,253.41,2023-10-17,0,1.3895764064490643,0.7017362472291919,0,1,10,0,1,0,0,0,0,0,0,0,0,0,1,0,0,5.5389471388695215,2.5152741864043966,10.24792661956554,1.41549763321014,0.7017362472291919,1.1991844015061768,0.6646296099479222,0.4392414860681114,0.5218538430904022,0,22.28759894459103,0,Zone_7,Diya Singh,25,Other,Pune,2022-04-21,454,84,3.73,0,3,4,2,High,41.55,0.09151982378854624,699.0699999999999,1.5398017621145372,1592,0.18502202643171806,11070,0.64,45.2,Industrial
T00172,R0084,15.46,79.01,340.61,2023-07-23,0,2.4094522173722823,1.6208804328601114,0,6,7,1,0,0,0,0,0,0,0,0,0,0,0,0,1,5.8336697354906235,2.800933195248924,8.888756943465156,2.4511264848675616,1.6208804328601114,0.4761141197992627,0.8963226697842491,0.5975232198142415,0.392373556352051,0,22.03169469598965,0,Zone_9,Kavya Sharma,38,Male,Jaipur,2019-07-21,366,6,4.67,0,6,7,1,High,74.9,0.20464480874316943,1435.8400000000001,3.923060109289618,2597,0.01639344262295082,11037,1.83,56.1,Mixed
T00173,R0015,12.93,82.38,257.06,2023-08-31,0,1.4322661622961945,1.0523144696214253,0,3,8,0,0,1,0,0,0,0,0,0,0,0,1,0,0,5.5531921160237,2.6340447877917144,9.076342875850383,1.4588467766568096,1.0523144696214253,0.5697991197743605,0.6743277712828143,0.4996130030959752,0.40914974113898844,0,19.880897138437742,0,Zone_7,Saanvi Patel,28,Other,Chennai,2022-12-19,46,1,3.87,0,0,12,2,Low,30.0,0.6521739130434783,597.85,12.996739130434783,1350,0.021739130434782608,11070,0.64,45.2,Industrial
T00174,R0080,12.97,93.21,158.32,2023-09-23,0,0.27742054795492677,1.0613036548109698,0,5,9,0,1,0,0,0,0,0,0,0,0,0,1,0,0,5.070914758313443,2.6369121732688705,9.654532614269838,0.2861633728419726,1.0613036548109698,0.8708699060444828,0.411972579445212,0.5011609907120743,0.4630625248904819,0,12.206630686198919,0,Zone_7,Reyansh Kumar,19,Female,Mumbai,2021-05-15,34,6,4.6,0,5,5,0,Low,55.11,1.6208823529411764,843.6800000000001,24.814117647058826,1933,0.17647058823529413,11070,0.64,45.2,Industrial
T00175,R0300,8.1,68.75,147.3,2023-10-02,0,0.14853257276715331,-0.033129642016066115,0,0,10,0,0,0,1,0,0,1,0,0,0,0,0,0,0,4.999237249143887,2.2082744135228043,8.2915619758885,0.15528458906600048,-0.033129642016066115,0.1908891643854624,0.382692103305346,0.3126934984520124,0.3412982875348467,0,18.185185185185187,0,Zone_2,Saanvi Iyer,38,Female,Kolkata,2023-07-08,291,7,3.67,0,5,7,0,Medium,54.879999999999995,0.1885910652920962,996.77,3.4253264604810996,1149,0.024054982817869417,6371,0.91,58.4,Residential
T00176,R0040,5.09,29.36,48.22,2023-09-04,0,-1.0102896215708335,-0.7095658275292853,0,0,9,1,0,0,0,1,0,0,0,0,0,0,0,0,0,3.89630004496291,1.8066480817218056,5.418486873657627,-1.021436817152088,-0.7095658275292853,-0.9041411468961738,0.11943352109682219,0.19620743034055727,0.1452110712863401,0,9.473477406679764,0,Zone_1,Aarav Gupta,34,Other,Surat,2023-05-05,485,36,4.41,0,4,5,2,High,80.45,0.1658762886597938,1140.75,2.352061855670103,1213,0.07422680412371134,4921,2.43,30.9,Residential
T00177,R0147,4.7,29.3,99.31,2023-06-06,0,-0.4127499979462095,-0.7972103831273435,0,1,6,1,0,0,0,0,1,0,0,0,0,0,0,0,0,4.608265390895394,1.7404661748405046,5.412947441089743,-0.41466757367528,-0.7972103831273435,-0.905809129091576,0.25518120948028483,0.18111455108359134,0.14491238550378335,0,21.129787234042553,0,Zone_10,Saanvi Nair,35,Other,Mumbai,2022-08-29,239,21,3.91,0,0,8,2,Medium,63.55,0.26589958158995813,1021.8,4.27531380753138,1462,0.08786610878661087,2440,1.54,35.4,Industrial
T00178,R0019,11.75,101.41,164.45,2023-04-26,0,0.3491159461310657,0.7871335065298642,0,2,4,1,0,0,0,0,0,0,1,0,0,0,0,0,0,5.1086690343676215,2.545531271604435,10.070253224224304,0.35896618087706417,0.7871335065298642,1.0988274727494693,0.42826017642682535,0.45394736842105265,0.5038829151732378,0,13.995744680851063,0,Zone_3,Kavya Patel,40,Other,Mumbai,2023-04-02,266,24,4.08,0,6,4,2,Medium,38.75,0.14567669172932332,632.99,2.3796616541353384,1246,0.09022556390977443,12971,2.11,38.0,Business
T00179,R0270,4.19,36.56,98.82,2024-01-02,0,-0.4184809514708928,-0.9118224942940352,0,1,1,0,1,0,0,0,0,0,1,0,0,0,0,0,0,4.603368564041463,1.6467336971777973,6.04648658313239,-0.42048704772702483,-0.9118224942940352,-0.7039832834478928,0.2538792645339568,0.1613777089783282,0.18105336519315013,0,23.584725536992835,0,Zone_3,Aadhya Reddy,35,Male,Hyderabad,2022-01-02,455,64,3.08,0,6,1,1,High,59.04,0.12975824175824174,1101.53,2.420945054945055,1701,0.14065934065934066,12971,2.11,38.0,Business
T00180,R0281,1.46,11.89,33.0,2023-05-23,0,-1.1883000555416061,-1.5253343834804434,0,1,5,0,0,0,1,0,0,0,0,0,0,0,1,0,0,3.5263605246161616,0.9001613499442714,3.448187929913334,-1.202196807085872,-1.5253343834804434,-1.3898019627908218,0.07899351684557339,0.05572755417956656,0.05824372759856632,0,22.602739726027398,0,Zone_7,Arjun Iyer,21,Female,Jaipur,2020-10-15,268,17,4.74,0,3,10,0,Medium,38.13,0.1422761194029851,549.63,2.050858208955224,2145,0.06343283582089553,11070,0.64,45.2,Industrial
T00181,R0057,3.18,19.42,75.71,2024-03-09,0,-0.6887714330125851,-1.1387994203300325,0,5,3,0,1,0,0,0,1,0,0,0,0,0,0,0,0,4.3400320779712045,1.430311246536665,4.406812907306141,-0.6949524463715547,-1.1387994203300325,-1.180470197267828,0.19247528961632476,0.12229102167182665,0.09572879330943848,0,23.808176100628927,0,Zone_10,Aadhya Reddy,39,Male,Bengaluru,2023-06-04,407,11,3.66,0,6,6,1,High,100.32,0.24648648648648647,1584.1100000000001,3.8921621621621623,1183,0.02702702702702703,2440,1.54,35.4,Industrial
T00182,R0051,6.76,49.58,154.69,2023-07-18,0,0.2349647085781919,-0.33426734586580487,0,1,7,0,1,0,0,0,0,0,0,0,0,0,0,1,0,5.047866850701583,2.048982334195127,7.041306696913578,0.24305175894843545,-0.33426734586580487,-0.34203114704558524,0.40232755872037407,0.2608359133126935,0.24586818000796493,0,22.88313609467456,0,Zone_8,Aarav Nair,21,Male,Kolkata,2020-04-05,213,14,4.02,0,6,4,1,Medium,59.18,0.2778403755868545,1101.02,5.169107981220657,2338,0.06572769953051644,4516,1.93,31.0,Business
T00183,R0023,5.16,48.34,100.06,2024-03-11,0,-0.40397813030638824,-0.6938347534475825,0,0,3,0,1,0,0,0,0,0,0,0,0,0,1,0,0,4.615714399863762,1.8180767775454285,6.952697318307479,-0.40576021543281365,-0.6938347534475825,-0.3765027790839001,0.2571739823573175,0.19891640866873067,0.23969534050179211,0,19.391472868217054,0,Zone_7,Meera Iyer,24,Other,Jaipur,2019-10-09,176,32,3.21,0,2,10,2,Medium,64.91,0.36880681818181815,1195.62,6.793295454545454,2517,0.18181818181818182,11070,0.64,45.2,Industrial
T00184,R0125,14.29,104.09,309.14,2023-09-12,0,2.0413846512053824,1.3579467660659361,0,1,9,0,0,0,1,0,0,0,0,0,0,0,1,0,0,5.737023808436003,2.727199019940971,10.202450685987166,2.077373733013673,1.3579467660659361,1.1733306774774408,0.81270591986396,0.5522445820433437,0.5172242134607726,0,21.633310006997903,0,Zone_7,Saanvi Ghosh,44,Male,Ahmedabad,2023-04-22,99,19,3.89,0,5,4,1,Low,55.769999999999996,0.5633333333333332,1116.76,11.28040404040404,1226,0.1919191919191919,11070,0.64,45.2,Industrial
T00185,R0103,11.0,74.86,89.96,2023-03-08,0,-0.5221059478559813,0.618586284225906,0,2,3,0,0,1,0,0,0,0,0,1,0,0,0,0,0,4.510419849442281,2.4849066497880004,8.652167358529306,-0.525712639764694,0.618586284225906,0.36074535128393403,0.2303379742799447,0.42492260061919507,0.3717144563918758,0,8.178181818181818,0,Zone_4,Ishaan Gupta,37,Other,Surat,2022-11-24,175,14,3.07,0,3,11,2,Medium,71.43,0.40817142857142863,1236.44,7.065371428571429,1375,0.08,4038,2.46,48.2,Business
T00186,R0222,17.92,173.85,213.11,2024-07-25,0,0.918234718602669,2.173715322017095,0,3,7,0,0,0,1,0,0,0,0,0,0,1,0,0,0,5.366489901651086,2.9402195636237325,13.185218997043622,0.9368755836482815,2.173715322017095,3.112637976665228,0.5575512806887023,0.6927244582043345,0.8644962166467542,0,11.892299107142858,0,Zone_6,Aarav Singh,27,Male,Surat,2022-08-28,475,12,3.44,0,6,8,1,High,79.05,0.16642105263157894,1325.63,2.7908000000000004,1463,0.02526315789473684,14627,0.54,37.6,Mixed
T00187,R0282,13.31,103.62,240.96,2024-05-01,0,1.2439634036280316,1.1377117289220977,0,2,5,0,0,0,1,0,0,0,0,0,0,0,0,0,1,5.488772423238713,2.6609585935683597,10.179390944452424,1.2676354863851986,1.1377117289220977,1.160264816946789,0.6315495801891806,0.5143188854489165,0.514884508164078,0,18.10368144252442,0,Zone_9,Reyansh Kumar,22,Other,Bengaluru,2022-05-02,319,3,4.47,0,0,5,2,Medium,92.87,0.29112852664576805,1399.75,4.387931034482759,1581,0.009404388714733543,11037,1.83,56.1,Mixed
T00188,R0050,13.15,88.72,164.35,2024-08-14,0,0.34794636377908966,1.1017549881639197,0,2,8,0,0,1,0,1,0,0,0,0,0,0,0,0,0,5.108064439427801,2.649714624089247,9.419129471453294,0.35777853311140206,1.1017549881639197,0.7460492384218745,0.42799447337655433,0.5081269349845202,0.44071087216248506,0,12.498098859315588,0,Zone_1,Diya Das,49,Male,Ahmedabad,2022-10-06,330,41,3.42,0,3,10,1,High,60.099999999999994,0.1821212121212121,915.81,2.775181818181818,1424,0.12424242424242424,4921,2.43,30.9,Residential
T00189,R0076,19.25,97.76,276.55,2024-06-21,0,1.6602177626963497,2.4726057295694472,0,4,6,1,0,0,0,0,1,0,0,0,0,0,0,0,0,5.626001097136171,3.0081547935525483,9.88736567544662,1.6903193261843688,2.4726057295694472,0.9973585558624939,0.7261132957806355,0.7441950464396285,0.4857128634010355,0,14.366233766233767,0,Zone_10,Reyansh Reddy,40,Male,Bengaluru,2022-01-02,137,13,3.34,0,6,1,1,Low,56.769999999999996,0.4143795620437956,864.8100000000001,6.3124817518248175,1701,0.0948905109489051,2440,1.54,35.4,Industrial
T00190,R0115,5.15,36.77,125.32,2023-12-02,1,-0.10854162819720849,-0.6960820497449686,0,5,12,0,0,1,0,0,0,0,0,0,0,1,0,0,0,4.838818369947386,1.8164520818184267,6.063827174318213,-0.105760389826547,-0.6960820497449686,-0.6981453457639847,0.32429057285577634,0.1985294117647059,0.18209876543209877,0,24.33398058252427,1,Zone_6,Aarav Ghosh,40,Female,Bengaluru,2020-03-01,170,15,4.4,0,6,3,0,Medium,83.48,0.49105882352941177,1425.97,8.388058823529413,2373,0.08823529411764706,14627,0.54,37.6,Mixed
T00191,R0272,0.48,4.4,11.34,2024-07-01,0,-1.441631592979644,-1.745569420624282,0,0,7,0,0,1,0,0,0,0,0,0,0,0,0,0,1,2.5128460184772416,0.3920420877760237,2.0976176963403033,-1.4594413131283002,-1.745569420624282,-1.5980217401835473,0.021442236156871082,0.01780185758513932,0.02095778574273198,0,23.625,0,Zone_9,Kavya Ghosh,21,Male,Kolkata,2020-01-15,432,4,4.79,0,2,1,1,High,40.29,0.09326388888888888,691.76,1.6012962962962962,2419,0.009259259259259259,11037,1.83,56.1,Mixed
T00192,R0110,6.84,51.48,83.3,2023-03-24,0,-0.600000132497594,-0.316288975486716,0,4,3,1,0,0,0,0,0,1,0,0,0,0,0,0,0,4.4343818650078095,2.0592388343623163,7.174956445860839,-0.6048099809577951,-0.316288975486716,-0.28921171085784453,0.21264215113189497,0.26393188854489164,0.25532656312226204,0,12.178362573099415,0,Zone_2,Vivaan Patel,19,Female,Kolkata,2023-02-04,224,28,4.43,0,5,2,0,Medium,59.52,0.26571428571428574,946.68,4.226249999999999,1303,0.125,6371,0.91,58.4,Residential
T00193,R0158,3.88,31.14,76.98,2023-10-18,0,-0.6739177371424876,-0.9814886795130047,0,2,10,1,0,0,0,0,0,0,0,0,0,0,1,0,0,4.356452383554451,1.5851452198650557,5.580322571321482,-0.6798693197476449,-0.9814886795130047,-0.8546576750992376,0.19584971835476672,0.14938080495356038,0.15407208283552368,0,19.840206185567013,0,Zone_7,Aarav Iyer,27,Male,Ahmedabad,2020-07-26,441,60,3.57,0,6,7,1,High,25.46,0.057732426303854875,384.87,0.8727210884353742,2226,0.1360544217687075,11070,0.64,45.2,Industrial
T00194,R0189,6.72,37.27,98.74,2023-07-09,0,-0.41941661735247376,-0.3432565310553493,0,6,7,0,1,0,0,0,1,0,0,0,0,0,0,0,0,4.602566800117977,2.0438143640366846,6.104916051838878,-0.42143716593955455,-0.3432565310553493,-0.6842454941356318,0.25366670209374004,0.2592879256965944,0.18458781362007168,0,14.693452380952381,0,Zone_10,Reyansh Gupta,29,Female,Delhi,2019-09-16,238,42,3.28,0,0,9,0,Medium,72.03,0.30264705882352944,1480.7,6.2214285714285715,2540,0.17647058823529413,2440,1.54,35.4,Industrial
T00195,R0223,2.75,20.37,46.02,2024-02-05,0,-1.036020433314309,-1.235433161117635,0,0,2,0,0,0,1,0,0,0,0,0,0,0,0,0,1,3.8505730431119236,1.3217558399823195,4.513313638558703,-1.047565067996656,-1.235433161117635,-1.1540604791739577,0.11358805399085983,0.10565015479876162,0.10045798486658702,0,16.734545454545454,0,Zone_9,Meera Ghosh,30,Female,Surat,2019-11-29,158,10,4.04,0,4,11,0,Low,56.4,0.3569620253164557,987.21,6.248164556962026,2466,0.06329113924050633,11037,1.83,56.1,Mixed
T00196,R0185,10.84,92.85,164.56,2024-06-22,0,0.3504024867182397,0.5826295434677282,0,5,6,0,0,1,0,0,0,0,0,0,0,0,1,0,0,5.109333666880532,2.4714836294558595,9.635870484808313,0.36027259341929274,0.5826295434677282,0.8608620128720688,0.4285524497821235,0.41873065015479877,0.46127041019514137,0,15.180811808118081,0,Zone_7,Vivaan Sharma,27,Male,Delhi,2021-08-27,201,12,4.05,0,4,8,1,Medium,43.730000000000004,0.21756218905472638,744.08,3.7018905472636816,1829,0.05970149253731343,11070,0.64,45.2,Industrial
T00197,R0187,10.56,80.12,167.39,2023-05-24,0,0.383501667279165,0.5197052471409173,0,2,5,1,0,0,0,0,0,0,0,0,1,0,0,0,0,5.126282717622217,2.4475508632442313,8.9509776002401,0.39388302518753227,0.5197052471409173,0.5069717904142059,0.4360718461047932,0.4078947368421053,0.3978992433293509,0,15.851325757575756,0,Zone_5,Saanvi Reddy,27,Other,Surat,2022-08-05,357,38,4.71,0,4,8,2,High,75.58,0.21170868347338936,1363.34,3.818879551820728,1486,0.10644257703081232,2590,1.31,43.9,Business
T00198,R0247,7.87,60.68,112.59,2023-05-13,0,-0.25742946160377445,-0.08481745685594655,0,5,5,0,0,1,0,0,0,0,0,1,0,0,0,0,0,4.73259547424333,2.1826747963214883,7.789736837660179,-0.25694795039534246,-0.08481745685594655,-0.03345444089615231,0.2904665745562759,0.30379256965944273,0.30112504978096377,0,14.306226175349428,0,Zone_4,Aadhya Das,37,Male,Bengaluru,2021-05-11,249,47,4.92,0,1,5,1,Medium,133.48,0.5360642570281124,2367.44,9.507791164658634,1937,0.18875502008032127,4038,2.46,48.2,Business
T00199,R0051,9.56,52.34,228.89,2024-02-02,0,1.102794813744508,0.2949756174023062,0,4,2,0,0,1,0,0,0,0,0,0,0,1,0,0,0,5.4376009336504225,2.3570732782781154,7.234638899074369,1.1242864010697733,0.2949756174023062,-0.26530396605707746,0.5994792220214687,0.3691950464396285,0.2596077260055755,0,23.94246861924686,0,Zone_6,Aarav Nair,21,Male,Kolkata,2020-04-05,213,14,4.02,0,6,4,1,Medium,59.18,0.2778403755868545,1101.02,5.169107981220657,2338,0.06572769953051644,14627,0.54,37.6,Mixed
T00200,R0223,7.29,64.81,133.2,2023-05-16,0,-0.016378538861486547,-0.21516064210434097,0,1,5,0,1,0,0,1,0,0,0,0,0,0,0,0,0,4.8993312245375815,2.1150499691472033,8.050465825031493,-0.012173745892367228,-0.21516064210434097,0.08135833355404216,0.3452279732171325,0.2813467492260062,0.3216845878136201,0,18.271604938271604,0,Zone_1,Meera Ghosh,30,Female,Surat,2019-11-29,158,10,4.04,0,4,11,0,Low,56.4,0.3569620253164557,987.21,6.248164556962026,2466,0.06329113924050633,4921,2.43,30.9,Residential
T00201,R0100,11.76,78.75,188.51,2023-12-12,0,0.6305174600165316,0.7893808028272503,0,1,12,0,0,1,0,0,1,0,0,0,0,0,0,0,0,5.244441793578718,2.546315277916644,8.874119674649425,0.6447142332953848,0.7893808028272503,0.4688861969525191,0.492188330322032,0.4543343653250774,0.3910792512943051,0,16.029761904761905,0,Zone_10,Ishaan Gupta,28,Male,Delhi,2021-05-24,383,60,3.79,0,0,5,1,High,101.45,0.26488250652741513,1657.49,4.327650130548303,1924,0.1566579634464752,2440,1.54,35.4,Industrial
T00202,R0295,8.35,45.08,97.01,2024-08-08,0,-0.43965039204166134,0.023052765418586647,0,3,8,1,0,0,0,0,0,1,0,0,0,0,0,0,0,4.585069514281089,2.2353763433005955,6.714164132637808,-0.44198347228551016,0.023052765418586647,-0.46712981170076073,0.24907003932405142,0.3223684210526316,0.22346674631620866,0,11.617964071856289,0,Zone_2,Kavya Gupta,18,Female,Delhi,2019-05-29,98,18,3.59,0,2,5,0,Low,44.769999999999996,0.45683673469387753,524.04,5.34734693877551,2650,0.1836734693877551,6371,0.91,58.4,Residential
T00203,R0098,6.67,55.29,86.4,2023-03-21,0,-0.5637430795863326,-0.35449301254227983,0,1,3,1,0,0,0,1,0,0,0,0,0,0,0,0,0,4.470495282661489,2.0373166153791646,7.4357245780085215,-0.5679929002222674,-0.35449301254227983,-0.18329484144979585,0.22087894569029654,0.2573529411764706,0.2742931103146157,0,12.95352323838081,0,Zone_1,Diya Singh,21,Other,Bengaluru,2023-04-29,286,56,3.5,0,5,4,2,Medium,70.87,0.24779720279720283,1071.75,3.7473776223776225,1219,0.1958041958041958,4921,2.43,30.9,Residential
T00204,R0124,12.65,71.89,238.72,2024-02-11,0,1.2177647589437652,0.9893901732946143,0,6,2,0,1,0,0,0,0,0,0,0,0,1,0,0,0,5.479471575589985,2.613739521630969,8.478797084492587,1.2410321764343657,0.9893901732946143,0.27818023261151825,0.6255978318631098,0.48877708978328177,0.3569295101553166,0,18.871146245059286,0,Zone_6,Aadhya Das,37,Other,Hyderabad,2022-06-09,419,25,3.59,0,3,6,2,High,42.58,0.10162291169451074,643.35,1.5354415274463007,1543,0.059665871121718374,14627,0.54,37.6,Mixed
T00205,R0024,14.3,71.55,222.77,2024-08-06,0,1.0312163738035667,1.3601940623633226,0,1,8,0,0,1,0,0,0,1,0,0,0,0,0,0,0,5.410618738635182,2.72785282839839,8.45872330792301,1.0516023578112481,1.3601940623633226,0.2687283335042382,0.5832181953448826,0.5526315789473685,0.355236957387495,0,15.578321678321679,0,Zone_2,Meera Kumar,41,Other,Chennai,2019-07-10,140,16,3.49,0,2,7,2,Low,30.97,0.2212142857142857,477.89,3.4135,2608,0.11428571428571428,6371,0.91,58.4,Residential
T00206,R0167,14.69,126.65,200.33,2023-06-23,0,0.7687620940201149,1.4478386179613807,0,4,6,0,0,0,1,0,0,0,0,0,1,0,0,0,0,5.304945352838257,2.753023566744941,11.253888216967503,0.7850941991966548,1.4478386179613807,1.800491982948721,0.5235944308640663,0.5677244582043344,0.6295300677021107,0,13.637168141592921,0,Zone_5,Kavya Nair,44,Male,Hyderabad,2022-08-25,117,5,4.75,0,3,8,1,Low,64.31,0.5496581196581197,1075.55,9.192735042735043,1466,0.042735042735042736,2590,1.31,43.9,Business
T00207,R0246,3.05,27.75,62.86,2024-07-06,0,-0.8390627652415226,-1.1680142721960518,0,5,7,1,0,0,0,0,0,1,0,0,0,0,0,0,0,4.156693187286636,1.3987168811184478,5.267826876426369,-0.8475651842591448,-1.1680142721960518,-0.9488986691394699,0.1583324476564991,0.11726006191950465,0.1371963361210673,0,20.60983606557377,0,Zone_2,Vivaan Das,29,Other,Mumbai,2021-03-31,240,34,4.79,0,2,3,2,Medium,83.74,0.34891666666666665,1550.55,6.460624999999999,1978,0.14166666666666666,6371,0.91,58.4,Residential
T00208,R0287,5.33,52.14,47.6,2023-09-15,0,-1.0175410321530858,-0.6556307163920186,0,4,9,1,0,0,0,0,0,0,0,0,1,0,0,0,0,3.883623530906448,1.8453002361560848,7.2208032794142785,-1.0288002332991937,-0.6556307163920186,-0.27086390670841864,0.11778616218514189,0.20549535603715172,0.2586121067303863,0,8.930581613508442,0,Zone_5,Saanvi Singh,18,Other,Delhi,2021-12-17,320,34,3.33,0,4,12,2,Medium,40.28,0.12587500000000001,741.3399999999999,2.3166874999999996,1717,0.10625,2590,1.31,43.9,Business
T00209,R0284,0.51,2.85,10.2,2023-08-11,0,-1.4549648317921722,-1.7388275317321238,0,4,8,0,0,0,1,0,0,0,0,0,0,0,1,0,0,2.4159137783010487,0.412109650826833,1.6881943016134133,-1.472980497656849,-1.7388275317321238,-1.641111280231441,0.018413221383781486,0.018962848297213626,0.01324173636001593,0,20.0,0,Zone_7,Vivaan Das,28,Female,Surat,2019-07-31,135,19,4.95,0,2,7,0,Low,60.91,0.45118518518518513,986.33,7.306148148148148,2587,0.14074074074074075,11070,0.64,45.2,Industrial
T00210,R0065,6.8100000000000005,66.23,169.57,2024-04-24,1,0.4089985625522456,-0.3230308643788742,0,2,4,0,0,1,0,0,1,0,0,0,0,0,0,0,0,5.139145769652782,2.0554049638515948,8.138181615078395,0.41977374647896787,-0.3230308643788742,0.12083391217856425,0.44186417260070143,0.2627708978328174,0.3287534846674632,0,24.90014684287812,1,Zone_10,Meera Nair,43,Other,Mumbai,2023-06-28,180,32,4.52,0,2,6,2,Medium,24.520000000000003,0.13622222222222224,426.71,2.370611111111111,1159,0.17777777777777778,2440,1.54,35.4,Industrial
T00211,R0092,10.08,81.12,86.38,2024-07-11,0,-0.563976996056728,0.41183502486638385,0,3,7,0,0,0,1,0,1,0,0,0,0,0,0,0,0,4.47026642352329,2.405141681319138,9.006664199358163,-0.5682304297754001,0.41183502486638385,0.5347714936709116,0.2208258050802423,0.3893188854489164,0.4028773397052967,0,8.569444444444445,0,Zone_10,Aarav Nair,21,Male,Surat,2019-07-18,252,23,4.51,0,3,7,1,Medium,57.190000000000005,0.22694444444444448,860.6700000000001,3.415357142857143,2600,0.09126984126984126,2440,1.54,35.4,Industrial
T00212,R0193,7.34,58.06,132.45,2023-01-16,0,-0.025150406501307804,-0.20392416061741045,0,0,1,0,0,0,1,0,0,0,0,0,1,0,0,0,0,4.8937268758505335,2.1210632163706555,7.619711280619496,-0.02108110413483358,-0.20392416061741045,-0.10628966342872108,0.34323520034009986,0.28328173374613,0.2880824372759857,0,18.044959128065393,0,Zone_5,Kavya Singh,33,Female,Chennai,2022-01-03,389,68,4.41,0,0,1,0,High,56.09,0.14419023136246786,1005.6400000000001,2.5851928020565555,1700,0.17480719794344474,2590,1.31,43.9,Business
T00213,R0070,17.65,151.29,379.63,2023-08-14,0,2.927343282827329,2.113038321987669,0,0,8,1,0,0,0,1,0,0,0,0,0,0,0,0,0,5.94182777466688,2.9258461460898246,12.299999999999999,2.9145466430289444,2.113038321987669,2.485476671193948,0.9999999999999999,0.6822755417956656,0.7521903624054161,0,21.508781869688388,0,Zone_1,Meera Reddy,33,Male,Bengaluru,2023-01-03,310,6,3.54,0,1,1,1,Medium,89.81,0.2897096774193548,1654.69,5.337709677419355,1335,0.01935483870967742,4921,2.43,30.9,Residential
T00214,R0127,5.97,42.78,71.24,2023-09-04,0,-0.7410517641459198,-0.5118037533593076,0,0,9,0,1,0,0,0,0,0,0,0,1,0,0,0,0,4.27999390910873,1.9416152247724325,6.540642170307133,-0.7480403014966541,-0.5118037533593076,-0.5310691291911837,0.1805983632692103,0.23026315789473684,0.21201712465153325,0,11.932998324958124,0,Zone_5,Vivaan Kumar,38,Male,Chennai,2020-03-17,43,2,4.83,0,1,3,1,Low,70.81,1.6467441860465117,1400.47,32.56906976744186,2357,0.046511627906976744,2590,1.31,43.9,Business
T00215,R0132,2.56,18.78,54.82,2023-02-12,0,-0.9330971863404065,-1.278131790767971,0,6,2,0,0,0,1,0,0,0,0,0,0,0,1,0,0,4.022132228108176,1.269760544863939,4.3335897360040905,-0.9430520646183842,-1.278131790767971,-1.1982620073521197,0.13696992241470932,0.09829721362229103,0.09254281162883314,0,21.4140625,0,Zone_7,Aadhya Iyer,23,Male,Surat,2022-12-09,484,25,3.32,0,4,12,1,High,69.39999999999999,0.1433884297520661,1091.99,2.2561776859504135,1360,0.05165289256198347,11070,0.64,45.2,Industrial
T00216,R0266,10.84,100.15,237.72,2023-07-01,0,1.2060689354240037,0.5826295434677282,0,5,7,0,0,0,1,0,0,0,0,0,0,1,0,0,0,5.475291317015396,2.4714836294558595,10.007497189607399,1.2291556987777439,0.5826295434677282,1.0637998466460206,0.6229408013603996,0.41873065015479877,0.497610513739546,0,21.929889298892988,0,Zone_6,Diya Reddy,29,Other,Chennai,2020-09-25,98,13,3.9,0,4,9,2,Low,72.97,0.7445918367346939,1247.45,12.729081632653061,2165,0.1326530612244898,14627,0.54,37.6,Mixed
T00217,R0149,8.75,46.78,158.78,2023-12-03,0,0.2828006267740172,0.11294461731403115,0,6,12,0,0,0,1,0,0,0,0,1,0,0,0,0,0,5.073797869053896,2.277267285009756,6.839590631024637,0.2916265525640187,0.11294461731403115,-0.41987031616436105,0.4131948134764587,0.3378482972136223,0.2319295101553166,0,18.146285714285714,0,Zone_4,Diya Reddy,30,Male,Jaipur,2019-09-14,89,8,4.57,0,5,9,1,Low,42.42,0.4766292134831461,661.12,7.428314606741573,2542,0.0898876404494382,4038,2.46,48.2,Business
T00218,R0091,10.75,99.03,209.14,2023-05-09,0,0.8718022992292149,0.5624038767912533,0,1,5,1,0,0,0,0,1,0,0,0,0,0,0,0,0,5.347773975260629,2.463853240590168,9.951381813597546,0.8897259673514926,0.5624038767912533,1.03266417899851,0.5470028695929429,0.41524767801857587,0.49203504579848667,0,19.45488372093023,0,Zone_10,Meera Das,41,Other,Surat,2022-04-16,334,43,3.4,0,5,4,2,High,49.879999999999995,0.14934131736526945,903.61,2.7054191616766468,1597,0.12874251497005987,2440,1.54,35.4,Industrial
T00219,R0273,9.52,62.91,231.76,2024-02-09,1,1.136361827246224,0.28598643221276154,0,4,2,0,0,1,0,0,0,0,0,0,0,0,0,1,0,5.450007879788469,2.3532782073095637,7.931582439841371,1.1583718919442778,0.28598643221276154,0.028538897366301236,0.607104899564247,0.36764705882352944,0.312226204699323,0,24.34453781512605,1,Zone_8,Aadhya Nair,43,Male,Delhi,2022-09-17,289,48,3.76,0,5,9,1,Medium,74.85,0.2589965397923875,957.47,3.313044982698962,1443,0.16608996539792387,4516,1.93,31.0,Business
T00220,R0166,9.22,87.28,208.55,2024-04-06,0,0.8649017633525558,0.21856754329117847,0,5,4,0,1,0,0,1,0,0,0,0,0,0,0,0,0,5.344962374371081,2.3243465847755584,9.34237657130133,0.882718845534086,0.21856754329117847,0.7060176657322185,0.5454352215963439,0.35603715170278644,0.4335424133811231,0,22.619305856832973,0,Zone_1,Reyansh Sharma,24,Other,Chennai,2021-03-16,349,63,4.29,0,1,3,2,High,43.16,0.12366762177650428,628.01,1.7994555873925502,1993,0.18051575931232092,4921,2.43,30.9,Residential
T00221,R0270,2.61,18.59,38.99,2023-10-26,0,-1.1182420726582336,-1.2668953092810409,0,3,10,0,0,1,0,1,0,0,0,0,0,0,0,0,0,3.688629422858727,1.2837077723447896,4.31161222746202,-1.1310567059227072,-1.2668953092810409,-1.2035439509708938,0.09490912955680732,0.10023219814241487,0.09159697331740342,0,14.938697318007664,0,Zone_1,Aadhya Reddy,35,Male,Hyderabad,2022-01-02,455,64,3.08,0,6,1,1,High,59.04,0.12975824175824174,1101.53,2.420945054945055,1701,0.14065934065934066,4921,2.43,30.9,Residential
T00222,R0283,4.37,22.07,62.46,2024-03-04,0,-0.8437410946494271,-0.8713711609410852,0,0,3,0,0,1,0,1,0,0,0,0,0,0,0,0,0,4.150409786155049,1.6808279085207734,4.697871858618538,-0.8523157753217935,-0.8713711609410852,-1.106800983637558,0.15726963545541503,0.168343653250774,0.10892074870569494,0,14.292906178489702,0,Zone_1,Diya Nair,19,Male,Surat,2023-06-15,245,45,3.55,0,3,6,1,Medium,55.97,0.22844897959183674,1013.23,4.135632653061225,1172,0.1836734693877551,4921,2.43,30.9,Residential
T00223,R0260,5.05,27.22,67.14,2023-06-16,0,-0.7890046405769425,-0.7185550127188297,0,4,6,0,0,0,1,0,0,0,0,0,0,0,0,1,0,4.22156441223282,1.80005827204275,5.217278984298233,-0.7967338598888035,-0.7185550127188297,-0.9636325118655239,0.1697045382080986,0.1946594427244582,0.13455794504181598,0,13.295049504950496,0,Zone_8,Reyansh Das,55,Other,Mumbai,2019-07-17,63,3,4.24,0,2,7,2,Low,37.79,0.5998412698412698,689.26,10.94063492063492,2601,0.047619047619047616,4516,1.93,31.0,Business
T00224,R0084,6.26,43.28,123.04,2023-03-13,0,-0.13520810582226495,-0.4466321607351104,0,0,3,1,0,0,0,1,0,0,0,0,0,0,0,0,0,4.820604094232248,1.9823798288367047,6.5787536813594105,-0.13283875888364455,-0.4466321607351104,-0.5171692775628308,0.3182325433095972,0.24148606811145512,0.21450617283950615,0,19.65495207667732,0,Zone_1,Kavya Sharma,38,Male,Jaipur,2019-07-21,366,6,4.67,0,6,7,1,High,74.9,0.20464480874316943,1435.8400000000001,3.923060109289618,2597,0.01639344262295082,4921,2.43,30.9,Residential
T00225,R0230,5.76,28.81,115.75,2024-01-07,0,-0.2204706592813276,-0.558996975604416,0,6,1,0,0,1,0,0,0,0,0,0,0,0,0,1,0,4.760034896549007,1.9110228900548727,5.367494760127856,-0.21941828100041758,-0.558996975604416,-0.919430983687362,0.29886279094484003,0.22213622291021673,0.14247311827956988,0,20.09548611111111,0,Zone_8,Kavya Gupta,32,Male,Chennai,2022-11-22,183,23,3.65,0,1,11,1,Medium,58.66,0.32054644808743166,908.22,4.962950819672131,1377,0.12568306010928962,4516,1.93,31.0,Business
T00226,R0282,10.06,93.03,113.24,2023-08-30,0,-0.2498271763159295,0.4073404322716117,0,2,8,0,0,1,0,0,0,0,0,0,0,0,0,1,0,4.738301498591274,2.403334996094189,9.645206063117573,-0.24922823991853837,0.4073404322716117,0.865865959458276,0.2921936443830375,0.3885448916408669,0.46216646754281165,0,11.256461232604373,0,Zone_8,Reyansh Kumar,22,Other,Bengaluru,2022-05-02,319,3,4.47,0,0,5,2,Medium,92.87,0.29112852664576805,1399.75,4.387931034482759,1581,0.009404388714733543,4516,1.93,31.0,Business
T00227,R0067,11.0,56.68,274.82,2023-07-18,1,1.6399839880071616,0.618586284225906,0,1,7,0,0,1,0,0,0,0,0,0,0,1,0,0,0,5.619748479046192,2.4849066497880004,7.528612089887485,1.6697730198384129,0.618586284225906,-0.14465325392297498,0.7215166330109469,0.42492260061919507,0.28121266427718045,0,24.983636363636364,1,Zone_6,Saanvi Iyer,32,Male,Pune,2022-07-24,348,9,3.38,0,6,7,1,High,113.07,0.32491379310344826,1846.81,5.3069252873563215,1498,0.02586206896551724,14627,0.54,37.6,Mixed
T00228,R0139,2.34,21.45,50.18,2023-12-16,0,-0.9873658074721005,-1.3275723093104657,0,5,12,0,0,1,0,0,0,0,0,0,0,0,0,0,1,3.935348830731643,1.205970806988609,4.631414470763764,-0.9981589209451093,-1.3275723093104657,-1.1240367996567158,0.12464130088213414,0.08978328173374614,0.10583432895260853,0,21.444444444444446,0,Zone_9,Diya Gupta,44,Other,Kolkata,2023-10-09,155,7,4.39,0,0,10,2,Low,58.92,0.38012903225806455,1002.23,6.466,1056,0.04516129032258064,11037,1.83,56.1,Mixed
T00229,R0202,11.43,101.31,137.08,2024-05-27,0,0.029001256395189023,0.7152200250135087,0,0,5,1,0,0,0,0,0,1,0,0,0,0,0,0,0,4.9278332273351175,2.5201129055226197,10.065286881157437,0.033906987415325655,0.7152200250135087,1.096047502423799,0.35553725156764804,0.44156346749226005,0.5033851055356432,0,11.99300087489064,0,Zone_2,Aadhya Reddy,27,Male,Ahmedabad,2021-10-28,317,0,4.72,0,3,10,1,Medium,73.7,0.23249211356466878,909.14,2.86794952681388,1767,0.0,6371,0.91,58.4,Residential
T00230,R0040,10.93,60.73,105.22,2023-08-23,0,-0.34362768094441803,0.6028552101442032,0,2,8,0,0,1,0,0,0,0,0,0,1,0,0,0,0,4.665512414994253,2.4790562361098245,7.792945527847606,-0.3444775907246452,0.6028552101442032,-0.03206445573331711,0.2708842597513019,0.42221362229102166,0.3013739545997611,0,9.626715462031108,0,Zone_5,Aarav Gupta,34,Other,Surat,2023-05-05,485,36,4.41,0,4,5,2,High,80.45,0.1658762886597938,1140.75,2.352061855670103,1213,0.07422680412371134,2590,1.31,43.9,Business
T00231,R0026,10.33,93.77,103.48,2023-08-22,0,-0.3639784138688033,0.4680174323010366,0,1,8,1,0,0,0,0,0,0,0,0,1,0,0,0,0,4.648995665528121,2.427454075039915,9.683491106000975,-0.3651426618471671,0.4680174323010366,0.886437739868238,0.26626102667658624,0.3989938080495356,0.46585025886101156,0,10.017424975798646,0,Zone_5,Aarav Kumar,26,Female,Surat,2020-04-17,44,5,3.17,0,4,4,0,Low,79.29,1.8020454545454547,973.19,22.11795454545455,2326,0.11363636363636363,2590,1.31,43.9,Business
T00232,R0263,0.91,5.48,15.01,2023-09-17,0,-1.3987079206621185,-1.6489356798366794,0,6,9,0,0,0,1,0,0,0,0,0,0,0,0,1,0,2.773213527008623,0.6471032420585384,2.340939982143925,-1.4158546401284982,-1.6489356798366794,-1.567998060666305,0.03119353810181741,0.03444272445820434,0.026334129828753487,0,16.494505494505493,0,Zone_8,Ishaan Das,31,Other,Chennai,2020-12-30,297,21,3.84,0,2,12,2,Medium,104.61999999999999,0.3522558922558922,1547.67,5.2110101010101015,2069,0.0707070707070707,4516,1.93,31.0,Business
T00233,R0089,10.2,86.91,111.34,2023-12-14,0,-0.27204924100347655,0.438802580435017,0,3,12,1,0,0,0,0,0,1,0,0,0,0,0,0,0,4.721529987104287,2.4159137783010487,9.322553298319082,-0.2717935474661197,0.438802580435017,0.6957317755272372,0.28714528642788817,0.3939628482972136,0.4317005177220231,0,10.915686274509804,0,Zone_2,Saanvi Reddy,48,Other,Surat,2022-09-21,308,6,3.91,0,2,9,2,Medium,89.83,0.29165584415584417,1415.55,4.595941558441559,1439,0.01948051948051948,6371,0.91,58.4,Residential
T00234,R0169,8.41,64.65,179.19,2024-03-02,0,0.521512384812353,0.03653654320290342,0,5,3,1,0,0,0,0,0,0,0,0,0,1,0,0,0,5.194011849738723,2.2417729535972883,8.040522371090077,0.5340254615356697,0.03653654320290342,0.07691038103296935,0.4674248060367733,0.3246904024767802,0.32088809239346877,0,21.306777645659928,0,Zone_6,Reyansh Kumar,32,Male,Delhi,2023-02-21,497,81,4.19,0,1,2,1,High,70.41,0.14167002012072433,1412.41,2.841871227364185,1286,0.16297786720321933,14627,0.54,37.6,Mixed
T00235,R0133,12.8,120.24,107.26,2023-09-22,0,-0.3197682009641042,1.023099617755406,0,4,9,1,0,0,0,0,0,0,0,0,0,0,1,0,0,4.6845357413688316,2.624668592163159,10.965400129498239,-0.3202495763051366,1.023099617755406,1.622295885073237,0.2763046019768307,0.4945820433436533,0.5976204699322979,0,8.3796875,0,Zone_7,Diya Kumar,25,Female,Delhi,2019-07-13,155,11,4.4,0,5,7,0,Low,64.89,0.4186451612903226,817.27,5.272709677419355,2605,0.07096774193548387,11070,0.64,45.2,Industrial
T00236,R0067,16.92,98.41,247.24,2023-08-31,0,1.317413175332135,1.9489856922784838,0,3,8,0,0,1,0,0,0,1,0,0,0,0,0,0,0,5.514396020140125,2.8859174075467844,9.920181449953423,1.3422197660687836,1.9489856922784838,1.0154283629793524,0.6482357317462004,0.6540247678018577,0.48894862604540024,0,14.612293144208037,0,Zone_2,Saanvi Iyer,32,Male,Pune,2022-07-24,348,9,3.38,0,6,7,1,High,113.07,0.32491379310344826,1846.81,5.3069252873563215,1498,0.02586206896551724,6371,0.91,58.4,Residential
T00237,R0176,15.94,123.81,128.13,2023-12-22,0,-0.07567636410667815,1.7287506551346443,0,4,12,1,0,0,0,0,0,0,0,0,0,0,0,1,0,4.86081964885856,2.8296776892239084,11.126994203287786,-0.07238748761143969,1.7287506551346443,1.7215408256996765,0.33175682856839195,0.6160990712074303,0.6153922739944245,0,8.038268506900879,0,Zone_8,Kavya Gupta,43,Male,Mumbai,2019-05-24,260,13,3.95,0,4,5,1,Medium,91.05999999999999,0.3502307692307692,1638.07,6.3002692307692305,2655,0.05,4516,1.93,31.0,Business
T00238,R0073,8.56,81.63,170.79,2023-12-27,0,0.4232674672463548,0.07024598766369516,0,2,12,0,1,0,0,0,0,0,0,1,0,0,0,0,0,5.1462728006383545,2.25758772706331,9.034932207825358,0.43426304922004644,0.07024598766369516,0.5489493423318312,0.44510574981400786,0.33049535603715174,0.4054161688570291,0,19.952102803738317,0,Zone_4,Meera Das,41,Other,Ahmedabad,2021-06-19,490,30,3.01,0,5,6,2,High,78.61,0.16042857142857142,1275.7,2.6034693877551023,1898,0.061224489795918366,4038,2.46,48.2,Business
T00239,R0121,7.99,55.69,194.69,2024-07-22,1,0.7027976493686588,-0.0578499012873132,0,0,7,0,0,1,0,1,0,0,0,0,0,0,0,0,0,5.276531774476115,2.196112848483529,7.462573282722254,0.7181108652133077,-0.0578499012873132,-0.17217496014711364,0.508608778828781,0.30843653250773995,0.27628434886499403,0,24.36670838548185,1,Zone_1,Diya Iyer,29,Male,Pune,2023-07-13,378,10,4.17,0,3,7,1,High,87.96,0.23269841269841268,1464.3799999999999,3.8740211640211637,1144,0.026455026455026454,4921,2.43,30.9,Residential
T00240,R0062,11.16,77.6,131.63,2023-03-19,0,-0.034740981787512296,0.6545430249840838,0,6,3,0,1,0,0,0,0,0,0,0,0,0,0,1,0,4.887563296506261,2.498151876538021,8.809086218218097,-0.03081981581326338,0.6545430249840838,0.4369165382073074,0.34105643532787755,0.43111455108359137,0.3853544404619673,0,11.794802867383511,0,Zone_8,Kavya Sharma,38,Male,Jaipur,2019-05-13,57,3,3.58,0,0,5,1,Low,66.05,1.1587719298245613,889.51,15.605438596491227,2666,0.05263157894736842,4516,1.93,31.0,Business
T00241,R0057,2.42,24.09,30.44,2023-09-24,0,-1.218241363752196,-1.3095939389313769,0,6,9,0,0,1,0,0,0,1,0,0,0,0,0,0,0,3.448080967561006,1.2296405510745139,4.90815647672321,-1.2326005898868237,-1.3095939389313769,-1.0506455830590127,0.07219151875863536,0.09287925696594428,0.11897650338510554,0,12.578512396694215,0,Zone_2,Aadhya Reddy,39,Male,Bengaluru,2023-06-04,407,11,3.66,0,6,6,1,High,100.32,0.24648648648648647,1584.1100000000001,3.8921621621621623,1183,0.02702702702702703,6371,0.91,58.4,Residential
T00242,R0252,0.75,4.34,7.02,2024-02-08,0,-1.4921575505850144,-1.6848924205948572,0,3,2,0,0,1,0,0,0,1,0,0,0,0,0,0,0,2.081938421878423,0.5596157879354227,2.083266665599966,-1.5107476966049065,-1.6848924205948572,-1.5996897223789497,0.009963864385163142,0.028250773993808053,0.020659099960175228,0,9.36,0,Zone_2,Reyansh Gupta,38,Other,Ahmedabad,2020-09-23,392,47,4.83,0,2,9,2,High,100.41,0.25614795918367345,1682.05,4.290943877551021,2167,0.11989795918367346,6371,0.91,58.4,Residential
T00243,R0162,5.64,46.77,85.06,2023-12-22,0,-0.5794154831028133,-0.5859645311730493,0,4,12,0,0,1,0,0,0,1,0,0,0,0,0,0,0,4.455044727410454,1.8931119634883424,6.838859554048468,-0.5839073802821407,-0.5859645311730493,-0.420148313196928,0.2173185248166649,0.2174922600619195,0.23187972919155714,0,15.081560283687944,0,Zone_2,Meera Patel,30,Male,Hyderabad,2023-08-14,394,38,4.28,0,0,8,1,High,53.13,0.13484771573604062,936.9000000000001,2.3779187817258887,1112,0.09644670050761421,6371,0.91,58.4,Residential
T00244,R0076,14.1,117.87,299.16,2023-09-25,0,1.9246603324781613,1.3152481364156001,0,0,9,0,0,1,0,1,0,0,0,0,0,0,0,0,0,5.70431566581786,2.714694743820879,10.85679510721281,1.9588464860005879,1.3152481364156001,1.556410588354845,0.7861887554469126,0.544891640866873,0.5858223815213063,0,21.217021276595748,0,Zone_1,Reyansh Reddy,40,Male,Bengaluru,2022-01-02,137,13,3.34,0,6,1,1,Low,56.769999999999996,0.4143795620437956,864.8100000000001,6.3124817518248175,1701,0.0948905109489051,4921,2.43,30.9,Residential
T00245,R0202,6.34,58.22,58.89,2023-01-25,0,-0.8854951846149763,-0.4286537903560215,0,2,1,0,0,1,0,0,0,0,0,1,0,0,0,0,0,4.092509546276371,1.9933388426264242,7.630203142774116,-0.8947148005559334,-0.4286537903560215,-0.10184171090764826,0.1477840365607397,0.24458204334365324,0.288878932696137,0,9.288643533123029,0,Zone_4,Aadhya Reddy,27,Male,Ahmedabad,2021-10-28,317,0,4.72,0,3,10,1,Medium,73.7,0.23249211356466878,909.14,2.86794952681388,1767,0.0,4038,2.46,48.2,Business
T00246,R0157,15.51,145.17,288.59,2023-12-16,0,1.8010354778742796,1.6321169143470418,0,5,12,0,1,0,0,0,0,0,0,0,0,0,0,1,0,5.668466129528634,2.8039662579320366,12.04865137681392,1.8333121171700948,1.6321169143470418,2.3153424872629094,0.758103943033266,0.5994582043343654,0.7217244125846276,0,18.6067053513862,0,Zone_8,Kavya Nair,36,Female,Hyderabad,2021-11-23,319,27,4.65,0,1,11,0,Medium,113.9,0.3570532915360502,1875.93,5.880658307210031,1741,0.08463949843260188,4516,1.93,31.0,Business
T00247,R0056,5.94,56.15,62.89,2023-03-13,0,-0.8387118905359296,-0.5185456422514658,0,0,3,1,0,0,0,1,0,0,0,0,0,0,0,0,0,4.157162854614252,1.937301774518713,7.493330367733695,-0.8472088899294462,-0.5185456422514658,-0.159387096649029,0.1584121585715804,0.22910216718266257,0.2785742731979291,0,10.587542087542086,0,Zone_1,Meera Patel,40,Other,Hyderabad,2021-02-26,93,13,3.25,0,4,2,2,Low,66.22,0.7120430107526882,927.79,9.976236559139785,2011,0.13978494623655913,4921,2.43,30.9,Residential
T00248,R0011,0.06,0.36,3.27,2023-10-12,1,-1.5659581969947105,-1.8399558651144987,0,3,10,1,0,0,0,0,0,0,0,0,0,0,1,0,0,1.451613827240533,0.05826890812397577,0.6,-1.555284487817238,-1.8399558651144987,-1.710332541340638,0.0,0.001547987616099071,0.0008462763839107926,0,54.5,1,Zone_7,Vivaan Nair,26,Male,Chennai,2020-04-14,208,34,4.0,0,1,4,1,Medium,88.96000000000001,0.4276923076923077,1633.78,7.8547115384615385,2329,0.16346153846153846,11070,0.64,45.2,Industrial
T00249,R0082,7.38,41.21,121.67,2023-09-12,0,-0.1512313840443385,-0.194934975427866,0,1,9,1,0,0,0,0,0,0,0,0,1,0,0,0,0,4.80949782304466,2.1258479144939915,6.419501538281613,-0.1491095332732165,-0.194934975427866,-0.5747146633042116,0.31459241152088424,0.2848297213622291,0.20420151334129827,0,16.486449864498645,0,Zone_5,Kavya Singh,26,Other,Pune,2022-12-27,274,23,3.15,0,1,12,2,Medium,24.62,0.08985401459854014,297.65999999999997,1.0863503649635036,1342,0.08394160583941605,2590,1.31,43.9,Business
T00250,R0019,12.44,100.53,277.71,2023-10-23,0,1.6737849179792728,0.9421969510495057,0,0,10,0,0,0,1,0,0,1,0,0,0,0,0,0,0,5.630171814719692,2.5982353350950036,10.026464980241043,1.7040960402660497,0.9421969510495057,1.0743637338835685,0.7291954511637793,0.4806501547987616,0.4995021903624054,0,22.323954983922828,0,Zone_2,Kavya Patel,40,Other,Mumbai,2023-04-02,266,24,4.08,0,6,4,2,Medium,38.75,0.14567669172932332,632.99,2.3796616541353384,1246,0.09022556390977443,6371,0.91,58.4,Residential
T00251,R0098,7.65,60.38,105.72,2024-01-16,0,-0.3377797691845372,-0.13425797539844092,0,1,1,0,1,0,0,0,0,0,0,0,0,0,0,1,0,4.670208582167313,2.157559320943788,7.770456872024965,-0.3385393518963343,-0.13425797539844092,-0.04179435187316393,0.272212775002657,0.29527863777089786,0.29963162086818,0,13.819607843137254,0,Zone_8,Diya Singh,21,Other,Bengaluru,2023-04-29,286,56,3.5,0,5,4,2,Medium,70.87,0.24779720279720283,1071.75,3.7473776223776225,1219,0.1958041958041958,4516,1.93,31.0,Business
T00252,R0095,7.52,46.67,157.71,2024-04-18,0,0.2702860956078723,-0.16347282726446052,0,3,4,0,1,0,0,0,0,0,0,0,0,0,0,0,1,5.067078637519467,2.1424163408412245,6.831544481301428,0.27891872147143343,-0.16347282726446052,-0.42292828352259865,0.4103517908385588,0.29024767801857587,0.23138191955396256,0,20.972074468085108,0,Zone_9,Kavya Iyer,29,Female,Chennai,2020-10-07,481,77,4.26,0,2,10,0,High,114.75,0.23856548856548856,1879.6100000000001,3.907713097713098,2153,0.1600831600831601,11037,1.83,56.1,Mixed
T00253,R0183,7.39,49.26,151.29,2024-05-18,0,0.19519890861100217,-0.19268767913047993,0,5,5,0,0,1,0,0,0,1,0,0,0,0,0,0,0,5.0257865978636,2.127040520479115,7.018546858146634,0.20267173491592125,-0.19268767913047993,-0.35092705208773106,0.3932936550111595,0.2852167182662539,0.24427518916766228,0,20.472259810554803,0,Zone_2,Arjun Patel,43,Other,Jaipur,2022-08-27,406,66,3.79,0,5,8,2,High,57.78,0.14231527093596058,851.14,2.0964039408866997,1464,0.1625615763546798,6371,0.91,58.4,Residential
T00254,R0199,0.81,7.51,9.48,2023-12-30,0,-1.4633858247264007,-1.6714086428105404,0,5,12,0,0,0,1,0,0,0,0,0,1,0,0,0,0,2.349468678892896,0.5933268452777344,2.7404379212089442,-1.4815315615696167,-1.6714086428105404,-1.5115646630551927,0.01650015942183016,0.03057275541795666,0.03643966547192354,0,11.703703703703704,0,Zone_5,Aarav Das,29,Male,Ahmedabad,2021-08-03,344,27,3.91,0,1,8,1,High,85.15,0.24752906976744188,1600.5,4.652616279069767,1853,0.07848837209302326,2590,1.31,43.9,Business
T00255,R0189,13.79,108.02,332.1,2023-11-18,0,2.3099207592191107,1.2455819511966306,0,5,11,0,1,0,0,0,0,0,1,0,0,0,0,0,0,5.808442745199634,2.6939512767227085,10.393267051317405,2.35005766000971,1.2455819511966306,1.2825835112762938,0.8737113402061856,0.5328947368421053,0.5367881322182397,0,24.082668600435102,0,Zone_3,Reyansh Gupta,29,Female,Delhi,2019-09-16,238,42,3.28,0,0,9,0,Medium,72.03,0.30264705882352944,1480.7,6.2214285714285715,2540,0.17647058823529413,12971,2.11,38.0,Business
T00256,R0089,4.59,37.26,55.71,2024-02-14,0,-0.9226879034078184,-0.8219306423985908,0,2,2,0,0,1,0,0,0,0,0,0,0,0,0,0,1,4.037950562025936,1.7209792871670078,6.104096984812741,-0.9324819995039907,-0.8219306423985908,-0.684523491168199,0.13933467956212137,0.17685758513931887,0.18453803265631222,0,12.137254901960786,0,Zone_9,Saanvi Reddy,48,Other,Surat,2022-09-21,308,6,3.91,0,2,9,2,Medium,89.83,0.29165584415584417,1415.55,4.595941558441559,1439,0.01948051948051948,11037,1.83,56.1,Mixed
T00257,R0248,13.45,76.93,208.47,2023-06-24,0,0.8639660974709747,1.169173877085503,0,5,6,0,0,0,1,0,0,0,0,0,1,0,0,0,0,5.344580531017675,2.670694414558441,8.770974860299168,0.8817687273215561,1.169173877085503,0.41829073702531494,0.5452226591561271,0.5197368421052632,0.3820191158900837,0,15.499628252788105,0,Zone_5,Vivaan Ghosh,18,Female,Chennai,2021-10-24,104,12,3.65,0,6,10,0,Low,57.72,0.5549999999999999,939.6600000000001,9.03519230769231,1771,0.11538461538461539,2590,1.31,43.9,Business
T00258,R0036,7.65,72.54,96.95,2024-07-05,0,-0.44035214145284707,-0.13425797539844092,0,4,7,0,1,0,0,0,0,0,0,0,1,0,0,0,0,4.58445714439055,2.157559320943788,8.517041739947034,-0.4426960609449075,-0.13425797539844092,0.29625003972837705,0.24891061749388882,0.29527863777089786,0.36016527279968147,0,12.673202614379084,0,Zone_5,Aadhya Das,30,Female,Surat,2022-03-16,177,15,4.9,0,2,3,0,Medium,65.17,0.36819209039548023,1041.52,5.884293785310734,1628,0.0847457627118644,2590,1.31,43.9,Business
T00259,R0277,13.34,120.48,265.12,2024-04-28,0,1.5265344998654735,1.1444536178142557,0,6,4,0,1,0,0,0,0,0,0,0,0,0,0,1,0,5.583947334873687,2.663052835171474,10.976338187209794,1.5545711865691814,1.1444536178142557,1.6289678138548467,0.6957434371346584,0.5154798761609908,0.5988152130625249,0,19.874062968515744,0,Zone_8,Kavya Gupta,42,Female,Jaipur,2021-01-22,433,16,3.06,0,4,1,0,High,86.92999999999999,0.20076212471131638,1402.8,3.2397228637413393,2046,0.03695150115473441,4516,1.93,31.0,Business
T00260,R0030,9.72,89.48,187.93,2024-01-22,0,0.62373388237507,0.330932358160484,0,0,1,0,0,1,0,0,0,0,0,0,0,0,0,1,0,5.2413765760852264,2.372111155642656,9.459386872308373,0.6378258762545443,0.330932358160484,0.7671770128969709,0.4906472526304602,0.37538699690402483,0.44449422540820394,0,19.334362139917694,0,Zone_8,Saanvi Patel,25,Other,Mumbai,2021-01-08,442,58,3.72,0,4,1,2,High,81.05,0.1833710407239819,1585.25,3.5865384615384617,2060,0.13122171945701358,4516,1.93,31.0,Business
T00261,R0297,7.47,64.32,112.52,2023-03-15,0,-0.25824816925015787,-0.17470930875139104,0,2,3,0,0,1,0,0,0,0,0,0,0,0,1,0,0,4.731979032851787,2.136530508663963,8.019975062305368,-0.25777930383130604,-0.17470930875139104,0.06773647895825613,0.2902805824210862,0.288312693498452,0.3192453205894066,0,15.062918340026775,0,Zone_7,Saanvi Gupta,47,Male,Pune,2023-09-20,396,46,3.87,0,2,9,1,High,23.72,0.059898989898989896,402.58,1.0166161616161615,1075,0.11616161616161616,11070,0.64,45.2,Industrial
T00262,R0258,9.13,74.19,153.15,2023-10-21,0,0.21695314035775903,0.1983418766147035,0,5,10,0,0,0,1,0,0,0,0,1,0,0,0,0,0,5.037926154332159,2.315501318260592,8.613361713059541,0.224761983357238,0.1983418766147035,0.34211955010194117,0.39823573174620047,0.35255417956656354,0.36837913181999205,0,16.774370208105147,0,Zone_4,Vivaan Nair,32,Female,Jaipur,2020-01-29,313,39,3.76,0,2,1,0,Medium,29.230000000000004,0.09338658146964858,499.35,1.5953674121405752,2405,0.12460063897763578,4038,2.46,48.2,Business
T00263,R0171,0.64,4.35,8.82,2024-04-14,0,-1.4711050682494435,-1.7096126798661044,0,6,4,0,0,1,0,0,0,0,0,0,1,0,0,0,0,2.2844211223663744,0.49469624183610705,2.085665361461421,-1.4893700368229872,-1.7096126798661044,-1.5994117253463824,0.01474651929004145,0.023993808049535607,0.020708880923934685,0,13.78125,0,Zone_5,Kavya Singh,23,Female,Jaipur,2019-05-13,276,19,4.3,0,0,5,0,Medium,12.120000000000001,0.043913043478260874,143.11999999999998,0.518550724637681,2666,0.06884057971014493,2590,1.31,43.9,Business
T00264,R0194,8.03,50.32,196.06,2023-08-26,1,0.7188209275907324,-0.04886071609776895,0,5,8,0,0,0,1,0,0,0,0,0,0,0,0,1,0,5.283508250894329,2.200552367428894,7.093659140387279,0.7343816396028796,-0.04886071609776895,-0.32145936663562297,0.5122489106174939,0.309984520123839,0.24955197132616488,0,24.415940224159403,1,Zone_8,Arjun Iyer,30,Other,Jaipur,2023-02-10,10,2,4.06,0,4,2,2,Low,43.61,4.361,684.55,68.455,1297,0.2,4516,1.93,31.0,Business
T00265,R0247,16.58,92.71,367.35,2023-02-15,0,2.7221985382907095,1.8725776181673552,0,2,2,1,0,0,0,0,1,0,0,0,0,0,0,0,0,5.909033573128823,2.866761892257031,9.628603221651622,2.7687034974056286,1.8725776181673552,0.85697005441613,0.9673716654267192,0.6408668730650154,0.4605734767025089,0,22.156212303980702,0,Zone_10,Aadhya Das,37,Male,Bengaluru,2021-05-11,249,47,4.92,0,1,5,1,Medium,133.48,0.5360642570281124,2367.44,9.507791164658634,1937,0.18875502008032127,2440,1.54,35.4,Industrial
T00266,R0029,14.54,94.52,264.43,2023-08-18,0,1.5184643816368382,1.414129173500589,0,4,8,0,0,0,1,0,0,0,0,0,0,0,1,0,0,5.581351152435311,2.7434173449395014,9.722139682189306,1.5463764169861125,1.414129173500589,0.9072875173107673,0.6939100860877883,0.5619195046439629,0.4695838311429709,0,18.186382393397526,0,Zone_7,Kavya Iyer,30,Male,Surat,2022-07-24,4,0,3.69,0,6,7,1,Low,59.769999999999996,14.942499999999999,1137.77,284.4425,1498,0.0,11070,0.64,45.2,Industrial
T00267,R0276,3.07,28.47,50.2,2023-07-26,0,-0.9871318910017053,-1.1635196796012794,0,2,7,1,0,0,0,0,0,0,1,0,0,0,0,0,0,3.9357395320454622,1.4036429994545037,5.33572862878164,-0.9979213913919769,-1.1635196796012794,-0.9288828827946418,0.12469444149218835,0.11803405572755418,0.14078056551174828,0,16.351791530944627,0,Zone_3,Aadhya Ghosh,26,Other,Chennai,2022-11-07,196,1,3.63,0,0,11,2,Medium,30.5,0.1556122448979592,500.22,2.5521428571428575,1392,0.00510204081632653,12971,2.11,38.0,Business
T00268,R0181,10.53,91.09,114.62,2023-09-16,0,-0.23368693985865827,0.5129633582487586,0,5,9,0,0,0,1,0,0,0,0,0,0,0,0,0,1,4.75030895165433,2.4449523342809676,9.544108130150246,-0.23283870075240018,0.5129633582487586,0.811934535140267,0.29586034647677756,0.40673374613003094,0.4525089605734767,0,10.885090218423553,0,Zone_9,Arjun Patel,32,Male,Hyderabad,2019-01-09,349,32,3.75,0,2,1,1,High,29.669999999999998,0.08501432664756446,463.99,1.329484240687679,2790,0.09169054441260745,11037,1.83,56.1,Mixed
T00269,R0234,9.24,82.63,141.91,2023-08-09,0,0.08549208399563772,0.2230621358859506,0,2,8,0,1,0,0,0,0,0,0,0,0,0,1,0,0,4.962215061493703,2.3263016196113617,9.090104509850258,0.09127037449680879,0.2230621358859506,0.5767490455885369,0.3683707088957381,0.3568111455108359,0.4103942652329749,0,15.358225108225108,0,Zone_7,Saanvi Nair,32,Other,Pune,2022-12-01,183,31,3.98,0,3,12,2,Medium,63.46,0.34677595628415303,1138.75,6.222677595628415,1368,0.16939890710382513,11070,0.64,45.2,Industrial
T00270,R0129,12.09,107.4,169.03,2023-05-25,0,0.40268281785157434,0.863541580640992,0,3,5,0,1,0,0,0,0,0,0,1,0,0,0,0,0,5.135974892069394,2.5718485799218085,10.363397126425292,0.4133604485443922,0.863541580640992,1.2653476952571365,0.44042937612923794,0.46710526315789475,0.5337017124651534,0,13.980976013234079,0,Zone_4,Vivaan Singh,35,Male,Hyderabad,2022-10-08,158,10,3.9,0,5,10,1,Low,89.88,0.5688607594936709,1508.3,9.54620253164557,1422,0.06329113924050633,4038,2.46,48.2,Business
T00271,R0186,8.47,61.46,150.05,2023-11-14,0,0.18069608744649793,0.050020320987220195,0,1,11,0,0,0,1,0,0,0,0,0,0,0,0,0,1,5.017610907832681,2.248128907197987,7.839642849007856,0.18794490262171046,0.050020320987220195,-0.011770672355921859,0.38999893718779893,0.32701238390092885,0.3050079649542015,0,17.71546635182999,0,Zone_9,Ishaan Sharma,18,Other,Hyderabad,2020-12-11,373,19,3.26,0,4,12,2,High,68.58,0.18386058981233244,938.8199999999999,2.5169436997319035,2088,0.05093833780160858,11037,1.83,56.1,Mixed
T00272,R0268,6.83,55.86,110.21,2024-06-12,0,-0.28526552158080737,-0.31853627178410204,0,2,6,0,1,0,0,0,0,0,0,0,1,0,0,0,0,4.71142030583075,2.057962510002712,7.473954776421918,-0.28521396721810244,-0.31853627178410204,-0.1674490105934736,0.2841428419598257,0.26354489164086686,0.2771306252489048,0,16.136163982430453,0,Zone_5,Ishaan Kumar,34,Male,Chennai,2022-10-16,10,0,4.6,0,6,10,1,Low,42.519999999999996,4.252,726.0799999999999,72.60799999999999,1414,0.0,2590,1.31,43.9,Business
T00273,R0157,14.65,125.74,288.9,2023-03-18,0,1.8046611831654058,1.4388494327718364,0,5,3,0,0,1,0,0,0,0,0,0,0,0,0,0,1,5.66953603592761,2.750470916986162,11.21338485917611,1.8369938252436475,1.4388494327718364,1.7751942529851181,0.7589276224891061,0.5661764705882354,0.625,0,19.72013651877133,0,Zone_9,Kavya Nair,36,Female,Hyderabad,2021-11-23,319,27,4.65,0,1,11,0,Medium,113.9,0.3570532915360502,1875.93,5.880658307210031,1741,0.08463949843260188,11037,1.83,56.1,Mixed
T00274,R0088,9.08,47.12,207.15,2023-11-08,0,0.8485276104248894,0.1871053951277728,0,2,11,0,1,0,0,0,1,0,0,0,0,0,0,0,0,5.3382589736409845,2.3105532626432224,6.864400920692205,0.8660917768148154,0.1871053951277728,-0.4104184170570812,0.5417153788925497,0.3506191950464396,0.23362206292313817,0,22.81387665198238,0,Zone_10,Diya Iyer,22,Other,Jaipur,2019-07-07,438,0,4.78,0,6,7,2,High,62.25,0.1421232876712329,893.76,2.0405479452054793,2611,0.0,2440,1.54,35.4,Industrial
T00275,R0018,14.28,111.85,278.59,2024-07-03,0,1.684077242676663,1.35569946976855,0,2,7,1,0,0,0,0,0,0,0,0,0,0,1,0,0,5.633324244340946,2.7265447837383743,10.575916035975323,1.7145473406038767,1.35569946976855,1.3890563747494764,0.7315336380061642,0.5518575851393189,0.5558542413381123,0,19.509103641456583,0,Zone_7,Aarav Reddy,49,Female,Delhi,2023-01-09,446,86,3.29,0,0,1,0,High,54.19,0.12150224215246637,1044.33,2.3415470852017934,1329,0.19282511210762332,11070,0.64,45.2,Industrial
T00276,R0099,12.87,123.91,270.61,2024-03-13,0,1.5907445709889654,1.0388306918371084,0,2,3,0,0,0,1,0,0,0,1,0,0,0,0,0,0,5.604367213857996,2.6297282343267403,11.131486872830601,1.6197730489040352,1.0388306918371084,1.7243207960253468,0.7103305345945372,0.4972910216718266,0.6158900836320191,0,21.02641802641803,0,Zone_3,Diya Gupta,35,Other,Mumbai,2021-08-21,80,8,3.7,0,5,8,2,Low,69.37,0.867125,1282.66,16.033250000000002,1835,0.1,12971,2.11,38.0,Business
T00277,R0250,6.38,48.44,91.22,2023-09-27,0,-0.5073692102210815,-0.4196646051664771,0,2,9,0,0,0,1,0,1,0,0,0,0,0,0,0,0,4.52417702677856,1.998773638612381,6.959885056522126,-0.5107482779173504,-0.4196646051664771,-0.3737228087582297,0.23368583271335955,0.24613003095975233,0.24019315013938666,0,14.297805642633229,0,Zone_10,Aadhya Iyer,34,Female,Jaipur,2021-02-01,163,31,4.63,0,0,2,0,Low,75.32,0.46208588957055213,1127.31,6.91601226993865,2036,0.1901840490797546,2440,1.54,35.4,Industrial
T00278,R0045,7.16,58.69,62.36,2023-02-02,0,-0.8449106770014033,-0.24437549397036037,0,3,2,0,1,0,0,0,0,0,0,0,0,1,0,0,0,4.14883274750617,2.0992441689760155,7.6609398901179215,-0.8535034230874557,-0.24437549397036037,-0.08877585037699665,0.157003932405144,0.27631578947368424,0.29121863799283154,0,8.70949720670391,0,Zone_6,Saanvi Iyer,34,Other,Ahmedabad,2023-07-12,100,16,4.88,0,2,7,2,Low,87.53,0.8753,1529.85,15.298499999999999,1145,0.16,14627,0.54,37.6,Mixed
T00279,R0254,17.65,102.86,180.18,2023-02-16,0,0.533091250096917,2.113038321987669,0,3,2,0,0,1,0,0,0,1,0,0,0,0,0,0,0,5.1994910122411415,2.9258461460898246,10.14199191480648,0.5457831744157253,2.113038321987669,1.1391370424716927,0.47005526623445637,0.6822755417956656,0.5111011549183593,0,10.208498583569407,0,Zone_2,Meera Kumar,18,Male,Delhi,2020-03-09,363,70,3.68,0,0,3,1,High,82.37,0.2269146005509642,1214.6,3.346005509641873,2365,0.1928374655647383,6371,0.91,58.4,Residential
T00280,R0006,8.96,56.76,197.75,2023-02-04,0,0.7385868693391296,0.16013783955913966,0,5,2,1,0,0,0,0,0,0,0,0,0,0,0,1,0,5.292047753534441,2.298577071596507,7.533923280734945,0.7544528868425704,0.16013783955913966,-0.14242927766243857,0.516739292167074,0.34597523219814247,0.2816109119872561,0,22.070312499999996,0,Zone_8,Aarav Das,45,Female,Jaipur,2023-06-30,248,13,4.64,0,4,6,0,Medium,63.24,0.255,1095.43,4.417056451612903,1157,0.05241935483870968,4516,1.93,31.0,Business
T00281,R0173,4.21,33.25,38.42,2023-07-13,0,-1.1249086920644977,-0.907327901699263,0,3,7,0,0,1,0,0,0,0,1,0,0,0,0,0,0,3.674273301724574,1.6505798557652755,5.766281297335398,-1.1378262981869818,-0.907327901699263,-0.7960003012275887,0.09339462217026252,0.16215170278637772,0.1645758661887694,0,9.125890736342043,0,Zone_3,Saanvi Ghosh,26,Other,Mumbai,2020-01-15,389,55,4.28,0,2,1,2,High,50.04,0.1286375321336761,861.47,2.2145758354755785,2419,0.14138817480719795,12971,2.11,38.0,Business
T00282,R0234,2.0,17.63,21.3,2024-01-11,0,-1.3251411907228177,-1.4039803834215934,0,3,1,0,0,0,1,0,0,0,0,0,0,0,0,1,0,3.104586678466073,1.0986122886681098,4.198809355043403,-1.341151595668347,-1.4039803834215934,-1.2302316660973311,0.04790625996386439,0.07662538699690404,0.08681800079649542,0,10.65,0,Zone_8,Saanvi Nair,32,Other,Pune,2022-12-01,183,31,3.98,0,3,12,2,Medium,63.46,0.34677595628415303,1138.75,6.222677595628415,1368,0.16939890710382513,4516,1.93,31.0,Business
T00283,R0232,12.87,74.19,128.37,2024-03-24,0,-0.07286936646193524,1.0388306918371084,0,6,3,0,1,0,0,0,0,1,0,0,0,0,0,0,0,4.86267651592981,2.6297282343267403,8.613361713059541,-0.06953713297385036,1.0388306918371084,0.34211955010194117,0.3323945158890424,0.4972910216718266,0.36837913181999205,0,9.974358974358974,0,Zone_2,Meera Das,38,Male,Jaipur,2022-12-08,172,15,3.94,0,3,12,1,Medium,93.19999999999999,0.541860465116279,1490.84,8.667674418604651,1361,0.0872093023255814,6371,0.91,58.4,Residential
T00284,R0129,8.8,75.07,115.67,2024-01-03,0,-0.22140632516290853,0.12418109880096186,0,2,1,0,0,0,1,1,0,0,0,0,0,0,0,0,0,4.759349436835766,2.2823823856765264,8.664294547163086,-0.22036839921294732,0.12418109880096186,0.36658328896784204,0.29865022850462325,0.33978328173374617,0.37275985663082434,0,13.14431818181818,0,Zone_1,Vivaan Singh,35,Male,Hyderabad,2022-10-08,158,10,3.9,0,5,10,1,Low,89.88,0.5688607594936709,1508.3,9.54620253164557,1422,0.06329113924050633,4921,2.43,30.9,Residential
T00285,R0133,4.04,28.1,81.2,2024-06-12,0,-0.6245613618890934,-0.9455319387548269,0,2,6,0,1,0,0,0,0,0,0,0,0,0,0,0,1,4.409155302062135,1.6174060820832772,5.300943312279429,-0.6297505840367009,-0.9455319387548269,-0.9391687729996229,0.20706238707620364,0.15557275541795665,0.13893866985264836,0,20.0990099009901,0,Zone_9,Diya Kumar,25,Female,Delhi,2019-07-13,155,11,4.4,0,5,7,0,Low,64.89,0.4186451612903226,817.27,5.272709677419355,2605,0.07096774193548387,11037,1.83,56.1,Mixed
T00286,R0127,11.37,66.58,179.05,2024-08-23,0,0.5198749695195864,0.7017362472291919,0,4,8,0,1,0,0,0,0,0,0,1,0,0,0,0,0,5.193234590094884,2.5152741864043966,8.15965685553014,0.5323627546637428,0.7017362472291919,0.13056380831841108,0.4670528217663939,0.4392414860681114,0.3304958183990442,0,15.747581354441515,0,Zone_4,Vivaan Kumar,38,Male,Chennai,2020-03-17,43,2,4.83,0,1,3,1,Low,70.81,1.6467441860465117,1400.47,32.56906976744186,2357,0.046511627906976744,4038,2.46,48.2,Business
T00287,R0237,8.8,81.48,147.6,2023-09-02,0,0.1520413198230816,0.12418109880096186,0,5,9,0,1,0,0,0,0,0,0,0,1,0,0,0,0,5.001258132283659,2.2823823856765264,9.026627277117406,0.15884753236298682,0.12418109880096186,0.5447793868433256,0.38348921245615897,0.33978328173374617,0.40466945440063723,0,16.77272727272727,0,Zone_5,Aadhya Nair,40,Male,Chennai,2022-12-13,36,3,3.71,0,1,12,1,Low,97.37,2.7047222222222222,1759.7,48.88055555555556,1356,0.08333333333333333,2590,1.31,43.9,Business
T00288,R0180,0.30000000000000004,2.4,6.82,2024-01-07,0,-1.4944967152889668,-1.7860207539772321,0,6,1,0,1,0,0,0,0,1,0,0,0,0,0,0,0,2.05668455455722,0.26236426446749106,1.5491933384829668,-1.5131229921362308,-1.7860207539772321,-1.6536211466969586,0.009432458284621107,0.0108359133126935,0.011001592990840301,0,22.73333333333333,0,Zone_2,Diya Kumar,33,Male,Hyderabad,2019-12-03,44,4,4.53,0,1,12,1,Low,5.65,0.12840909090909092,84.89,1.929318181818182,2462,0.09090909090909091,6371,0.91,58.4,Residential
T00289,R0277,10.94,104.91,138.1,2024-08-15,0,0.04093099638534572,0.6051025064415892,0,3,8,0,1,0,0,1,0,0,0,0,0,0,0,0,0,4.935193098929397,2.479894107964456,10.24255827418131,0.04602099462507968,0.6051025064415892,1.1961264341479392,0.3582474226804123,0.42260061919504643,0.5213062524890482,0,12.623400365630713,0,Zone_1,Kavya Gupta,42,Female,Jaipur,2021-01-22,433,16,3.06,0,4,1,0,High,86.92999999999999,0.20076212471131638,1402.8,3.2397228637413393,2046,0.03695150115473441,4921,2.43,30.9,Residential
T00290,R0068,14.67,124.27,256.47,2024-04-21,0,1.4253656264195353,1.4433440253666086,0,6,4,0,0,0,1,1,0,0,0,0,0,0,0,0,0,5.550903208462204,2.7517480563679295,11.147645491313401,1.451839654839403,1.4433440253666086,1.734328689197761,0.6727601232862154,0.5669504643962848,0.6176821983273596,0,17.482617586912067,0,Zone_1,Meera Singh,30,Female,Ahmedabad,2022-08-31,456,70,4.97,0,2,8,0,High,71.8,0.15745614035087718,1100.63,2.4136622807017547,1460,0.15350877192982457,4921,2.43,30.9,Residential
T00291,R0169,20.8,164.64,379.11,2023-02-18,0,2.859741422883107,2.8209366556642945,0,5,2,0,0,1,0,0,1,0,0,0,0,0,0,0,0,5.940460684515219,3.0819099697950434,12.831211945876351,2.908370874647501,2.8209366556642945,2.8566027096709683,0.9986183441385909,0.8041795665634676,0.818647949024293,0,18.22644230769231,0,Zone_10,Reyansh Kumar,32,Male,Delhi,2023-02-21,497,81,4.19,0,1,2,1,High,70.41,0.14167002012072433,1412.41,2.841871227364185,1286,0.16297786720321933,2440,1.54,35.4,Industrial
T00292,R0190,8.17,66.73,198.59,2024-08-05,1,0.7484113610957295,-0.017398567934363278,0,0,8,1,0,0,0,0,0,0,0,1,0,0,0,0,0,5.2962652624219055,2.2159372862683733,8.16884324736373,0.7644291280741328,-0.017398567934363278,0.1347337638069171,0.5189711977893506,0.3154024767801858,0.3312425328554361,0,24.307221542227662,1,Zone_4,Saanvi Iyer,35,Other,Surat,2020-09-25,274,47,4.12,0,4,9,2,Medium,69.99,0.25543795620437953,1117.92,4.08,2165,0.17153284671532848,4038,2.46,48.2,Business
T00293,R0109,9.16,66.29,213.82,2023-05-12,0,0.9265387533016997,0.2050837655068617,0,4,5,0,0,1,0,0,1,0,0,0,0,0,0,0,0,5.369800468169901,2.318458442150336,8.141867107733951,0.9453078827844827,0.2050837655068617,0.12250189437396666,0.5594377723456265,0.3537151702786378,0.32905217045001994,0,23.342794759825328,0,Zone_10,Vivaan Kumar,35,Female,Delhi,2022-11-19,62,5,3.35,0,5,11,0,Low,43.24,0.6974193548387098,690.39,11.13532258064516,1380,0.08064516129032258,2440,1.54,35.4,Industrial
T00294,R0094,16.03,147.85,146.27,2023-01-12,0,0.13648587454179878,1.7489763218111198,0,3,1,0,0,0,1,0,0,0,0,0,0,1,0,0,0,4.992267636738071,2.834976494674597,12.159358535712318,0.14305181707968,1.7489763218111198,2.389845691990881,0.37995536188755447,0.6195820433436533,0.7350657108721624,0,9.124766063630693,0,Zone_6,Diya Iyer,41,Other,Delhi,2023-04-13,480,62,4.87,0,3,4,2,High,47.72,0.09941666666666667,749.6,1.5616666666666668,1235,0.12916666666666668,14627,0.54,37.6,Mixed
T00295,R0229,8.84,79.58,96.2,2023-04-08,0,-0.4491240090926683,0.1331702839905061,0,5,4,0,0,0,1,1,0,0,0,0,0,0,0,0,0,4.576770711466393,2.286455711064162,8.920762299265686,-0.45160341918737384,0.1331702839905061,0.49195995065558473,0.24691784461685617,0.3413312693498452,0.3952110712863401,0,10.882352941176471,0,Zone_1,Reyansh Ghosh,22,Female,Mumbai,2020-11-23,146,16,4.43,0,0,11,0,Low,38.68,0.26493150684931505,688.5,4.715753424657534,2106,0.1095890410958904,4921,2.43,30.9,Residential
T00296,R0084,9.38,67.84,183.0,2023-12-18,0,0.5660734724226449,0.2545242840493563,0,0,12,1,0,0,0,0,0,0,0,0,1,0,0,0,0,5.214935757608986,2.3398808777377424,8.2365041127896,0.5792748414073988,0.2545242840493563,0.16559143442186036,0.47754809225209904,0.36222910216718274,0.33676821983273597,0,19.50959488272921,0,Zone_5,Kavya Sharma,38,Male,Jaipur,2019-07-21,366,6,4.67,0,6,7,1,High,74.9,0.20464480874316943,1435.8400000000001,3.923060109289618,2597,0.01639344262295082,2590,1.31,43.9,Business
T00297,R0013,4.85,41.88,92.68,2023-12-07,0,-0.49029330788222936,-0.763500938666552,0,3,12,0,0,0,1,0,0,0,0,0,0,0,1,0,0,4.539884719289462,1.766441661243765,6.471475874945375,-0.49340862053868256,-0.763500938666552,-0.5560888621222188,0.23756509724731642,0.18691950464396284,0.207536837913182,0,19.109278350515467,0,Zone_7,Ishaan Gupta,43,Female,Kolkata,2019-04-01,6,0,3.91,0,0,4,0,Low,80.51,13.418333333333335,1432.84,238.80666666666664,2708,0.0,11070,0.64,45.2,Industrial
T00298,R0222,1.03,6.71,22.09,2023-08-10,0,-1.315901490142206,-1.6219681242680462,0,3,8,0,0,0,1,0,1,0,0,0,0,0,0,0,0,3.139399623366404,0.708035793053696,2.5903667693977237,-1.3317691783196157,-1.6219681242680462,-1.533804425660557,0.050005314061005425,0.03908668730650155,0.032457188371166866,0,21.446601941747574,0,Zone_10,Aarav Singh,27,Male,Surat,2022-08-28,475,12,3.44,0,6,8,1,High,79.05,0.16642105263157894,1325.63,2.7908000000000004,1463,0.02526315789473684,2440,1.54,35.4,Industrial
T00299,R0110,12.56,73.2,187.1,2023-12-07,0,0.6140263488536677,0.9691645066181394,0,3,12,0,0,0,1,0,0,0,1,0,0,0,0,0,0,5.236973736306985,2.6071242825122494,8.555699854482976,0.6279683997995481,0.9691645066181394,0.3145978438778027,0.48844191731321074,0.4852941176470589,0.3634508164078057,0,14.896496815286623,0,Zone_3,Vivaan Patel,19,Female,Kolkata,2023-02-04,224,28,4.43,0,5,2,0,Medium,59.52,0.26571428571428574,946.68,4.226249999999999,1303,0.125,12971,2.11,38.0,Business
T00300,R0030,1.63,9.91,36.07,2023-09-08,0,-1.152393877335938,-1.4871303464248795,0,4,9,0,0,1,0,0,1,0,0,0,0,0,0,0,0,3.612808017162641,0.9669838461896731,3.1480152477394387,-1.1657360206800431,-1.4871303464248795,-1.4448453752390988,0.08715060048889361,0.06230650154798762,0.048387096774193554,0,22.12883435582822,0,Zone_10,Saanvi Patel,25,Other,Mumbai,2021-01-08,442,58,3.72,0,4,1,2,High,81.05,0.1833710407239819,1585.25,3.5865384615384617,2060,0.13122171945701358,2440,1.54,35.4,Industrial
T00301,R0037,13.7,92.43,300.6,2024-01-21,0,1.941502318346618,1.2253562845201555,0,6,1,0,0,0,1,0,1,0,0,0,0,0,0,0,0,5.709101636133801,2.6878474937846906,9.614052215377239,1.9759486138261233,1.2253562845201555,0.8491861375042528,0.7900148793708153,0.5294117647058824,0.4591796097172442,0,21.941605839416063,0,Zone_10,Aadhya Iyer,32,Other,Ahmedabad,2020-11-21,489,6,3.36,0,5,11,2,High,78.09,0.15969325153374234,1314.66,2.6884662576687117,2108,0.012269938650306749,2440,1.54,35.4,Industrial
T00302,R0191,4.06,26.03,73.11,2023-05-07,0,-0.7191805741639654,-0.9410373461600547,0,6,5,0,1,0,0,0,0,0,0,0,0,0,0,1,0,4.305550475963267,1.6213664832993742,5.101960407529639,-0.7258312882787713,-0.9410373461600547,-0.9967141587410036,0.18556701030927833,0.15634674922600617,0.12863401035444044,0,18.007389162561577,0,Zone_8,Meera Gupta,33,Other,Surat,2020-08-14,87,6,4.56,0,4,8,2,Low,83.17,0.9559770114942528,1326.52,15.24735632183908,2207,0.06896551724137931,4516,1.93,31.0,Business
T00303,R0047,9.33,90.48,95.23,2024-01-23,0,-0.4604689579068371,0.24328780256242558,0,1,1,1,0,0,0,0,0,1,0,0,0,0,0,0,0,4.566741159368309,2.3350522831315472,9.512097560475292,-0.46312360251429696,0.24328780256242558,0.7949767161536766,0.24434052502922732,0.3602941176470588,0.44947232178414975,0,10.206859592711684,0,Zone_2,Reyansh Iyer,51,Female,Bengaluru,2021-10-07,69,3,4.86,0,3,10,0,Low,62.230000000000004,0.9018840579710146,1144.87,16.592318840579708,1788,0.043478260869565216,6371,0.91,58.4,Residential
T00304,R0153,6.14,51.22,62.16,2023-06-15,0,-0.8472498417053558,-0.47359971630374376,0,3,6,1,0,0,0,0,0,0,0,1,0,0,0,0,0,4.145671189387441,1.965712776351493,7.1568149340331555,-0.8558787186187802,-0.47359971630374376,-0.2964396337045879,0.15647252630460196,0.23684210526315788,0.2540322580645161,0,10.123778501628664,0,Zone_4,Aadhya Ghosh,20,Male,Mumbai,2020-05-04,76,14,4.54,0,0,5,1,Low,28.84,0.3794736842105263,460.95,6.065131578947368,2309,0.18421052631578946,4038,2.46,48.2,Business
T00305,R0037,13.87,104.8,212.4,2023-05-15,0,0.9099306839036382,1.2635603215757194,0,0,5,0,0,1,0,0,0,0,0,0,0,1,0,0,0,5.363168338867653,2.6993457604720636,10.237187113655782,0.9284432845120799,1.2635603215757194,1.1930684667897016,0.5556647890317781,0.5359907120743034,0.5207586618876942,0,15.313626532083635,0,Zone_6,Aadhya Iyer,32,Other,Ahmedabad,2020-11-21,489,6,3.36,0,5,11,2,High,78.09,0.15969325153374234,1314.66,2.6884662576687117,2108,0.012269938650306749,14627,0.54,37.6,Mixed
T00306,R0164,9.5,52.89,128.05,2024-01-14,0,-0.0766120299882589,0.2814918396179894,0,6,1,0,0,1,0,0,1,0,0,0,0,0,0,0,0,4.860199926164623,2.3513752571634776,7.2725511342306834,-0.07333760582396925,0.2814918396179894,-0.2500141292658894,0.33154426612817517,0.3668730650154799,0.2623456790123457,0,13.478947368421053,0,Zone_10,Aadhya Ghosh,37,Other,Ahmedabad,2022-07-06,249,23,4.02,0,2,7,2,Medium,100.28,0.40273092369477914,1758.49,7.062208835341366,1516,0.09236947791164658,2440,1.54,35.4,Industrial
T00307,R0090,17.8,146.74,379.63,2024-03-08,0,3.519268911162468,2.146747766448461,0,4,3,0,0,0,1,0,0,0,0,1,0,0,0,0,0,5.94182777466688,2.9338568698359038,12.113628688382354,2.9145466430289444,2.146747766448461,2.3589880213759375,0.9999999999999999,0.6880804953560372,0.7295400238948626,0,21.32752808988764,0,Zone_4,Kavya Iyer,33,Female,Mumbai,2021-01-31,152,25,4.51,0,6,1,0,Low,108.13000000000001,0.7113815789473685,1919.8799999999999,12.63078947368421,2037,0.16447368421052633,4038,2.46,48.2,Business
T00308,R0074,2.58,22.59,36.36,2023-04-16,0,-1.1490020885152068,-1.2736371981731989,0,6,4,0,1,0,0,0,0,0,1,0,0,0,0,0,0,3.620600613360642,1.275362800412609,4.752893855326458,-1.1622918421596227,-1.2736371981731989,-1.0923451379440712,0.08792113933467956,0.09907120743034058,0.11150935882118677,0,14.093023255813954,0,Zone_3,Vivaan Ghosh,23,Male,Kolkata,2023-09-11,199,22,4.89,0,0,9,1,Medium,46.19,0.2321105527638191,817.27,4.106884422110553,1084,0.11055276381909548,12971,2.11,38.0,Business
T00309,R0080,10.07,64.41,162.79,2023-01-19,0,0.3297008790882614,0.4095877285689978,0,3,1,0,0,0,1,0,0,0,0,1,0,0,0,0,0,5.098585119494288,2.4042387467205457,8.025584090893322,0.339251227967072,0.4095877285689978,0.07023845225135973,0.42384950579232644,0.3889318885448917,0.3196933492632417,0,16.165839126117177,0,Zone_4,Reyansh Kumar,19,Female,Mumbai,2021-05-15,34,6,4.6,0,5,5,0,Low,55.11,1.6208823529411764,843.6800000000001,24.814117647058826,1933,0.17647058823529413,4038,2.46,48.2,Business
T00310,R0004,8.24,60.17,80.25,2024-07-23,0,-0.635672394232867,-0.00166749385266044,0,1,7,0,0,1,0,0,0,0,0,0,1,0,0,0,0,4.3975308212098465,2.2235418856535927,7.756932383358772,-0.6410332378104916,-0.00166749385266044,-0.04763228955707215,0.20453820809862897,0.31811145510835914,0.2985862206292314,0,9.739077669902912,0,Zone_5,Aarav Nair,19,Other,Kolkata,2019-07-28,464,5,3.19,0,6,7,2,High,37.21,0.08019396551724138,683.03,1.4720474137931034,2590,0.010775862068965518,2590,1.31,43.9,Business
T00311,R0007,9.4,56.5,111.17,2023-06-17,0,-0.27403753100183603,0.2590188766441284,0,5,6,0,1,0,0,1,0,0,0,0,0,0,0,0,0,4.720015577657132,2.341805806147327,7.516648189186454,-0.2738125486677454,0.2590188766441284,-0.149657200509182,0.28669359124242744,0.3630030959752322,0.28031660692951016,0,11.826595744680851,0,Zone_1,Ishaan Ghosh,18,Female,Mumbai,2021-03-26,458,82,4.03,0,4,3,0,High,39.620000000000005,0.08650655021834062,596.9200000000001,1.3033187772925765,1983,0.17903930131004367,4921,2.43,30.9,Residential
T00312,R0027,15.98,118.94,161.91,2023-02-26,0,0.3194085543908712,1.737739840324189,0,6,2,1,0,0,0,0,0,0,0,0,1,0,0,0,0,5.093197901078078,2.8320361808832013,10.90596167240652,0.32879992762924487,1.737739840324189,1.5861562708395198,0.42151131894994154,0.6176470588235294,0.5911489446435683,0,10.132040050062578,0,Zone_5,Ishaan Iyer,39,Male,Jaipur,2019-10-05,403,61,3.98,0,5,10,1,High,57.83,0.14349875930521092,827.28,2.052803970223325,2521,0.1513647642679901,2590,1.31,43.9,Business
T00313,R0017,10.93,83.99,142.44,2023-12-01,0,0.09169087046111142,0.6028552101442032,0,4,12,0,0,1,0,0,0,0,0,0,0,0,0,1,0,4.965916829296877,2.4790562361098245,9.164605828948673,0.09756490765481836,0.6028552101442032,0.6145566420176566,0.3697789350621745,0.42221362229102166,0.41716447630426123,0,13.032021957913999,0,Zone_8,Meera Das,49,Female,Mumbai,2023-03-18,288,21,3.83,0,5,3,0,Medium,55.980000000000004,0.19437500000000002,812.31,2.820520833333333,1261,0.07291666666666667,4516,1.93,31.0,Business
T00314,R0173,2.26,18.32,40.95,2023-06-22,0,-1.0953182585595007,-1.3455506796895547,0,3,6,0,0,1,0,0,0,0,1,0,0,0,0,0,0,3.7364784329132155,1.1817271953786161,4.280186911806539,-1.1077788097157286,-1.3455506796895547,-1.2110498708502042,0.10011690934211925,0.08668730650154799,0.09025288729589805,0,18.119469026548675,0,Zone_3,Saanvi Ghosh,26,Other,Mumbai,2020-01-15,389,55,4.28,0,2,1,2,High,50.04,0.1286375321336761,861.47,2.2145758354755785,2419,0.14138817480719795,12971,2.11,38.0,Business
T00315,R0080,10.67,101.39,221.3,2023-08-25,0,1.0140235132295172,0.5444255064121644,0,4,8,1,0,0,0,0,0,0,0,0,1,0,0,0,0,5.404027820970151,2.4570214462984645,10.069260151570223,1.034143935656014,0.5444255064121644,1.0982714786843353,0.5793123605058986,0.41215170278637775,0.5037833532457189,0,20.740393626991565,0,Zone_5,Reyansh Kumar,19,Female,Mumbai,2021-05-15,34,6,4.6,0,5,5,0,Low,55.11,1.6208823529411764,843.6800000000001,24.814117647058826,1933,0.17647058823529413,2590,1.31,43.9,Business
T00316,R0212,5.92,31.63,94.3,2024-05-05,0,-0.47134607378021554,-0.5230402348462381,0,6,5,0,0,1,0,1,0,0,0,0,0,0,0,0,0,4.557029810660157,1.9344157696295783,5.624055476255546,-0.4741687267349553,-0.5230402348462381,-0.8410358205034519,0.24186948666170688,0.228328173374613,0.15651135005973715,0,15.929054054054054,0,Zone_1,Aadhya Iyer,36,Female,Ahmedabad,2023-09-11,73,12,3.22,0,0,9,0,Low,58.58,0.8024657534246575,1128.49,15.458767123287672,1084,0.1643835616438356,4921,2.43,30.9,Residential
T00317,R0113,5.63,55.52,108.99,2024-08-23,0,-0.2995344262749166,-0.5882118274704353,0,4,8,0,0,0,1,0,0,0,0,1,0,0,0,0,0,4.700389452569025,1.891604804197771,7.451174404078864,-0.29970326995918106,-0.5882118274704353,-0.17690090970075345,0.2809012647465193,0.21710526315789475,0.27543807248108326,0,19.358792184724688,0,Zone_4,Aadhya Singh,26,Other,Chennai,2019-03-09,423,26,4.61,0,5,3,2,High,55.02,0.1300709219858156,1096.29,2.591702127659574,2731,0.061465721040189124,4038,2.46,48.2,Business
T00318,R0102,13.23,79.32,207.3,2023-08-18,0,0.8502819839528537,1.1197333585430087,0,4,8,0,0,0,1,0,0,0,0,0,0,0,0,1,0,5.3389793482669266,2.655352412101761,8.906177631284926,0.8678732484633087,1.1197333585430087,0.4847320278088411,0.5421139334679562,0.5112229102167183,0.3939167662285942,0,15.668934240362812,0,Zone_8,Aarav Nair,18,Female,Chennai,2023-05-13,123,22,4.1,0,5,5,0,Low,35.83,0.29130081300813004,483.3,3.9292682926829268,1205,0.17886178861788618,4516,1.93,31.0,Business
T00319,R0178,4.99,39.38,106.51,2023-12-24,0,-0.32854006860392543,-0.7320387905031464,0,6,12,1,0,0,0,0,0,1,0,0,0,0,0,0,0,4.6775838664971365,1.7900914121273581,6.275348595894893,-0.329156934547603,-0.7320387905031464,-0.6255881202639829,0.27431182909979807,0.1923374613003096,0.1950915969733174,0,21.344689378757515,0,Zone_2,Saanvi Ghosh,27,Male,Delhi,2021-05-15,56,7,3.13,0,5,5,1,Low,63.260000000000005,1.1296428571428572,1040.54,18.581071428571427,1933,0.125,6371,0.91,58.4,Residential
T00320,R0294,6.1,41.42,74.02,2023-01-15,0,-0.7085373747609823,-0.4825889014932882,0,6,1,0,0,1,0,0,0,0,0,0,0,1,0,0,0,4.317754744653741,1.9600947840472698,6.435837163881635,-0.7150236936112455,-0.4825889014932882,-0.5688767256203033,0.1879849080667446,0.23529411764705882,0.2052469135802469,0,12.134426229508197,0,Zone_6,Arjun Reddy,24,Male,Surat,2021-04-02,41,7,3.2,0,4,4,1,Low,56.68,1.3824390243902438,835.4,20.37560975609756,1976,0.17073170731707318,14627,0.54,37.6,Mixed
T00321,R0040,8.16,74.12,71.85,2024-02-03,0,-0.7339173117988651,-0.01964586423174934,0,5,2,0,1,0,0,0,0,0,0,0,0,0,1,0,0,4.288402532641213,2.214846178686039,8.609297300012354,-0.7407956501261149,-0.01964586423174934,0.340173570873972,0.18221915187586352,0.315015479876161,0.3680306650736759,0,8.805147058823529,0,Zone_7,Aarav Gupta,34,Other,Surat,2023-05-05,485,36,4.41,0,4,5,2,High,80.45,0.1658762886597938,1140.75,2.352061855670103,1213,0.07422680412371134,11070,0.64,45.2,Industrial
T00322,R0094,12.73,115.69,253.21,2023-07-11,0,1.3872372417451122,1.0073685436737032,0,1,7,0,0,1,0,0,0,0,0,0,0,0,1,0,0,5.53816069708466,2.6195832197798796,10.75592859775482,1.4131223376788158,1.0073685436737032,1.4958072352552263,0.6640982038473802,0.4918730650154799,0.5749701314217444,0,19.89080911233307,0,Zone_7,Diya Iyer,41,Other,Delhi,2023-04-13,480,62,4.87,0,3,4,2,High,47.72,0.09941666666666667,749.6,1.5616666666666668,1235,0.12916666666666668,11070,0.64,45.2,Industrial
T00323,R0150,10.91,87.34,95.48,2024-04-17,0,-0.4575450020268967,0.598360617549431,0,2,4,1,0,0,0,0,0,0,0,0,0,0,1,0,0,4.5693357329788755,2.477378383367209,9.34558719396486,-0.4601544831001415,0.598360617549431,0.7076856479276208,0.24500478265490488,0.4214396284829722,0.43384109916367986,0,8.75160403299725,0,Zone_7,Ishaan Gupta,33,Male,Pune,2022-02-27,215,16,4.95,0,6,2,1,Medium,55.46,0.25795348837209303,753.84,3.506232558139535,1645,0.07441860465116279,11070,0.64,45.2,Industrial
T00324,R0074,6.83,40.8,78.43,2023-11-03,0,-0.6569587930388332,-0.31853627178410204,0,4,11,1,0,0,0,0,0,1,0,0,0,0,0,0,0,4.374876130645041,2.057962510002712,6.387487769068525,-0.6626484271455433,-0.31853627178410204,-0.586112541639461,0.19970241258369648,0.26354489164086686,0.20216049382716048,0,11.483162518301611,0,Zone_2,Vivaan Ghosh,23,Male,Kolkata,2023-09-11,199,22,4.89,0,0,9,1,Medium,46.19,0.2321105527638191,817.27,4.106884422110553,1084,0.11055276381909548,6371,0.91,58.4,Residential
T00325,R0075,6.64,33.91,133.09,2024-02-28,0,-0.01766507944866016,-0.3612349014344382,0,2,2,0,0,1,0,0,0,0,0,0,0,1,0,0,0,4.898511216291551,2.033397603178429,5.823229344616267,-0.013480158434595452,-0.3612349014344382,-0.7776524970781631,0.3449356998618344,0.2561919504643963,0.16786140979689365,0,20.043674698795183,0,Zone_6,Diya Reddy,18,Female,Mumbai,2021-04-30,108,7,4.83,0,4,4,0,Low,47.15,0.43657407407407406,704.8100000000001,6.526018518518519,1948,0.06481481481481481,14627,0.54,37.6,Mixed
T00326,R0038,2.2,17.29,35.33,2024-06-10,0,-1.1610487867405614,-1.359034457473871,0,0,6,0,0,1,0,0,0,0,1,0,0,0,0,0,0,3.5926438462331105,1.1631508098056809,4.158124577258358,-1.1745246141459431,-1.359034457473871,-1.2396835652046112,0.08518439791688809,0.0843653250773994,0.08512544802867383,0,16.05909090909091,0,Zone_3,Aarav Singh,37,Other,Kolkata,2023-02-11,68,7,4.07,0,5,2,2,Low,29.73,0.43720588235294117,453.83,6.673970588235294,1296,0.10294117647058823,12971,2.11,38.0,Business
T00327,R0059,4.2,31.26,68.6,2023-11-23,0,-0.7719287382380906,-0.9095751979966491,0,3,11,0,0,0,1,0,0,0,0,0,0,0,0,1,0,4.242764567340374,1.6486586255873816,5.591064299397745,-0.7793942025101357,-0.9095751979966491,-0.851321710708433,0.17358380274205545,0.16176470588235295,0.1546694544006372,0,16.333333333333332,0,Zone_8,Aarav Sharma,43,Male,Delhi,2021-08-02,357,11,3.27,0,0,8,1,High,35.0,0.09803921568627451,534.78,1.4979831932773109,1854,0.03081232492997199,4516,1.93,31.0,Business
T00328,R0096,4.73,37.52,89.79,2023-08-10,0,-0.5240942378543406,-0.7904684942351852,0,3,8,0,0,1,0,0,0,0,0,0,0,0,0,0,1,4.508549147383666,1.7457155307266483,6.125357132445422,-0.5277316409663195,-0.7904684942351852,-0.6772955683214554,0.229886279094484,0.18227554179566566,0.18583233771405816,0,18.983086680761097,0,Zone_9,Reyansh Das,40,Female,Kolkata,2019-12-28,121,3,4.46,0,5,12,0,Low,27.41,0.2265289256198347,354.95,2.933471074380165,2437,0.024793388429752067,11037,1.83,56.1,Mixed
T00329,R0195,7.25,40.59,150.9,2024-07-06,0,0.19063753743829526,-0.2241498272938854,0,5,7,0,1,0,0,0,0,0,0,0,0,0,1,0,0,5.023222409601727,2.1102132003465894,6.371028174478591,0.19803990862983892,-0.2241498272938854,-0.5919504793233691,0.3922574131151026,0.27979876160990713,0.20111509358821186,0,20.813793103448276,0,Zone_7,Aadhya Reddy,33,Male,Kolkata,2021-05-27,72,10,4.97,0,3,5,1,Low,70.32000000000001,0.9766666666666668,1044.17,14.502361111111112,1921,0.1388888888888889,11070,0.64,45.2,Industrial
T00330,R0233,17.93,155.66,164.79,2023-08-01,0,0.35309252612778474,2.1759626183144802,0,1,8,1,0,0,0,0,0,0,0,0,0,0,0,1,0,5.110721927251374,2.9407479652212314,12.476377679438851,0.36300418328031564,2.1759626183144802,2.606961374425752,0.4291635667977468,0.6931114551083591,0.7739446435682995,0,9.19074177356386,0,Zone_8,Ishaan Iyer,30,Other,Hyderabad,2023-11-23,469,41,4.37,0,3,11,2,High,89.27,0.1903411513859275,1583.23,3.3757569296375265,1011,0.08742004264392324,4516,1.93,31.0,Business
T00331,R0014,4.62,33.69,68.83,2023-07-22,0,-0.7692386988285453,-0.8151887535064324,0,5,7,0,1,0,0,0,0,0,0,0,1,0,0,0,0,4.246063716857944,1.7263316639055997,5.80430874437258,-0.7766626126491126,-0.8151887535064324,-0.7837684317946383,0.1741949197576788,0.1780185758513932,0.16676622859418555,0,14.898268398268398,0,Zone_5,Aarav Das,26,Female,Ahmedabad,2021-06-08,325,53,3.0,0,1,6,0,High,42.19,0.1298153846153846,881.0,2.710769230769231,1909,0.16307692307692306,2590,1.31,43.9,Business
T00332,R0067,6.52,63.41,59.94,2023-06-29,0,-0.8732145699192266,-0.3882024570030716,0,3,6,0,0,1,0,0,0,0,1,0,0,0,0,0,0,4.109889773557563,2.017566137961748,7.963039620647382,-0.8822444990164805,-0.3882024570030716,0.04243874899465407,0.15057391858858538,0.2515479876160991,0.3147152528872959,0,9.193251533742332,0,Zone_3,Saanvi Iyer,32,Male,Pune,2022-07-24,348,9,3.38,0,6,7,1,High,113.07,0.32491379310344826,1846.81,5.3069252873563215,1498,0.02586206896551724,12971,2.11,38.0,Business
T00333,R0256,2.26,18.78,22.4,2024-07-21,0,-1.3122757848510798,-1.3455506796895547,0,6,7,0,1,0,0,0,0,0,1,0,0,0,0,0,0,3.152736022363656,1.1817271953786161,4.3335897360040905,-1.328087470246063,-1.3455506796895547,-1.1982620073521197,0.05082899351684557,0.08668730650154799,0.09254281162883314,0,9.91150442477876,0,Zone_3,Aadhya Sharma,31,Female,Delhi,2021-03-25,265,8,3.65,0,3,3,0,Medium,41.45,0.15641509433962264,753.8,2.8445283018867924,1984,0.03018867924528302,12971,2.11,38.0,Business
T00334,R0178,11.0,61.05,200.36,2024-01-27,0,0.7691129687257078,0.618586284225906,0,5,1,1,0,0,0,0,1,0,0,0,0,0,0,0,0,5.30509435082706,2.4849066497880004,7.813449942247022,0.7854504935263534,0.618586284225906,-0.023168550691171283,0.5236741417791476,0.42492260061919507,0.3029669454400637,0,18.214545454545455,0,Zone_10,Saanvi Ghosh,27,Male,Delhi,2021-05-15,56,7,3.13,0,5,5,1,Low,63.260000000000005,1.1296428571428572,1040.54,18.581071428571427,1933,0.125,2440,1.54,35.4,Industrial
T00335,R0170,0.11,1.02,3.27,2024-05-14,1,-1.5536775822989608,-1.8287193836275684,0,1,5,0,0,1,0,0,0,1,0,0,0,0,0,0,0,1.451613827240533,0.10436001532424277,1.0099504938362078,-1.555284487817238,-1.8287193836275684,-1.6919847371912122,0.0,0.0034829721362229105,0.004131819992035045,0,29.727272727272727,1,Zone_2,Saanvi Kumar,29,Other,Bengaluru,2020-05-20,28,3,3.68,0,2,5,2,Low,53.51,1.9110714285714285,943.71,33.70392857142857,2293,0.10714285714285714,6371,0.91,58.4,Residential
T00336,R0224,3.47,17.54,72.48,2023-01-08,0,-0.7265489429814151,-1.073627827705835,0,6,1,1,0,0,0,0,0,1,0,0,0,0,0,0,0,4.297013260346925,1.4973884086254776,4.188078318274385,-0.733313469202443,-1.073627827705835,-1.2327336393904347,0.18389308109257094,0.1335139318885449,0.08636997212266029,0,20.887608069164266,0,Zone_2,Ishaan Sharma,29,Female,Ahmedabad,2020-08-04,200,1,4.31,0,1,8,0,Medium,41.71,0.20855,514.14,2.5707,2217,0.005,6371,0.91,58.4,Residential
T00337,R0115,13.21,99.53,292.15,2024-05-15,0,1.8426726096046313,1.1152387659482366,0,2,5,0,0,0,1,0,0,0,0,0,0,0,0,1,0,5.680684423410224,2.6539459421090092,9.976472322419383,1.8755923776276684,1.1152387659482366,1.0465640306268629,0.7675629716229142,0.5104489164086687,0.4945240939864596,0,22.11582134746404,0,Zone_8,Aarav Ghosh,40,Female,Bengaluru,2020-03-01,170,15,4.4,0,6,3,0,Medium,83.48,0.49105882352941177,1425.97,8.388058823529413,2373,0.08823529411764706,4516,1.93,31.0,Business
T00338,R0136,2.52,16.42,53.39,2023-02-11,0,-0.9498222139736655,-1.2871209759575157,0,5,2,1,0,0,0,1,0,0,0,0,0,0,0,0,0,3.9961803134348695,1.2584609896100056,4.052159917870962,-0.9600354276673533,-1.2871209759575157,-1.263869307037945,0.13317036879583377,0.09674922600619196,0.08079450418160097,0,21.186507936507937,0,Zone_1,Diya Ghosh,34,Male,Hyderabad,2019-01-19,339,11,3.82,0,5,1,1,High,26.86,0.0792330383480826,342.78999999999996,1.0111799410029498,2780,0.032448377581120944,4921,2.43,30.9,Residential
T00339,R0152,8.48,84.12,165.16,2024-05-08,0,0.35741998083009663,0.05226761728460626,0,2,5,0,0,1,0,0,0,0,0,0,1,0,0,0,0,5.112951179567857,2.2491843162669305,9.171695590238482,0.36739848001326575,0.05226761728460626,0.6181706034410286,0.4301466680837496,0.32739938080495357,0.4178116288331342,0,19.47641509433962,0,Zone_5,Arjun Patel,34,Female,Bengaluru,2021-05-04,143,24,3.91,0,1,5,0,Low,48.53,0.3393706293706294,914.56,6.395524475524475,1944,0.16783216783216784,2590,1.31,43.9,Business
T00340,R0223,12.0,90.38,197.57,2023-09-14,0,0.7364816211055725,0.843315913964517,0,3,9,0,0,0,1,1,0,0,0,0,0,0,0,0,0,5.2911416827989415,2.5649493574615367,9.506839643120104,0.7523151208643784,0.843315913964517,0.7921967458280058,0.5162610266765862,0.46362229102167185,0.44897451214655515,0,16.464166666666667,0,Zone_1,Meera Ghosh,30,Female,Surat,2019-11-29,158,10,4.04,0,4,11,0,Low,56.4,0.3569620253164557,987.21,6.248164556962026,2466,0.06329113924050633,4921,2.43,30.9,Residential
T00341,R0054,15.63,117.8,255.15,2023-08-12,0,1.4099271393734498,1.6590844699156753,0,5,8,1,0,0,0,0,0,0,0,0,1,0,0,0,0,5.5457632103852115,2.8112082932048366,10.853570840972107,1.4361627043326621,1.6590844699156753,1.5544646091268752,0.6692528430226379,0.6041021671826626,0.58547391477499,0,16.324376199616122,0,Zone_5,Meera Iyer,25,Other,Mumbai,2021-06-30,267,22,3.58,0,2,6,2,Medium,15.63,0.05853932584269663,255.15,0.9556179775280899,1887,0.08239700374531835,2590,1.31,43.9,Business
T00342,R0105,3.4,31.54,36.83,2023-02-12,0,-1.1435050514609189,-1.0893589017875378,0,6,2,0,1,0,0,0,0,0,0,0,1,0,0,0,0,3.6331024386449378,1.4816045409242156,5.616048432839588,-1.1567098976610104,-1.0893589017875378,-0.8435377937965555,0.08916994367095334,0.1308049535603715,0.156063321385902,0,10.83235294117647,0,Zone_5,Diya Das,31,Female,Jaipur,2020-09-28,346,9,3.69,0,0,9,0,High,95.2,0.27514450867052026,1301.12,3.7604624277456646,2162,0.02601156069364162,2590,1.31,43.9,Business
T00343,R0232,4.88,42.08,121.38,2024-06-08,1,-0.15462317286506944,-0.7567590497743936,0,5,6,0,0,1,0,0,0,0,0,0,0,0,1,0,0,4.807130958034395,1.7715567619105355,6.486909896090742,-0.1525537117936369,-0.7567590497743936,-0.5505289214708777,0.3138218726750983,0.18808049535603716,0.20853245718837116,0,24.87295081967213,1,Zone_7,Meera Das,38,Male,Jaipur,2022-12-08,172,15,3.94,0,3,12,1,Medium,93.19999999999999,0.541860465116279,1490.84,8.667674418604651,1361,0.0872093023255814,11070,0.64,45.2,Industrial
T00344,R0036,17.02,161.82,174.34,2023-08-24,0,0.46478764074150886,1.9714586552523443,0,3,8,1,0,0,0,0,0,0,0,0,0,0,0,1,0,5.1667269461604395,2.8914822521801917,12.720849028268514,0.476424544901054,1.9714586552523443,2.778207546487059,0.454538208098629,0.6578947368421053,0.8046097172441258,0,10.243243243243244,0,Zone_8,Aadhya Das,30,Female,Surat,2022-03-16,177,15,4.9,0,2,3,0,Medium,65.17,0.36819209039548023,1041.52,5.884293785310734,1628,0.0847457627118644,4516,1.93,31.0,Business
T00345,R0174,7.87,67.67,133.1,2023-01-22,0,-0.01754812121346265,-0.08481745685594655,0,6,1,1,0,0,0,0,0,0,0,0,0,0,0,0,1,4.898585790287632,2.1826747963214883,8.226177727231525,-0.013361393658029342,-0.08481745685594655,0.16086548486822036,0.3449622701668615,0.30379256965944273,0.3359219434488252,0,16.912325285895808,0,Zone_9,Aadhya Patel,32,Male,Kolkata,2019-02-07,320,7,3.8,0,3,2,1,Medium,62.14,0.1941875,921.79,2.88059375,2761,0.021875,11037,1.83,56.1,Mixed
T00346,R0051,4.32,22.26,93.22,2023-05-04,0,-0.48397756318155816,-0.8826076424280157,0,3,5,0,1,0,0,1,0,0,0,0,0,0,0,0,0,4.545632473271895,1.6714733033535532,4.71805044483418,-0.4869953226041069,-0.8826076424280157,-1.101519040018784,0.2389998937187799,0.16640866873065016,0.10986658701712466,0,21.578703703703702,0,Zone_1,Aarav Nair,21,Male,Kolkata,2020-04-05,213,14,4.02,0,6,4,1,Medium,59.18,0.2778403755868545,1101.02,5.169107981220657,2338,0.06572769953051644,4921,2.43,30.9,Residential
T00347,R0140,4.41,35.96,40.09,2023-02-08,0,-1.1053766667864957,-0.8623819757515407,0,2,2,0,0,1,0,0,0,0,0,1,0,0,0,0,0,3.7157647828953184,1.6882490928583902,5.99666574022598,-1.1179925805004234,-0.8623819757515407,-0.7206631054019164,0.09783186310978852,0.16989164086687308,0.17806650736758262,0,9.090702947845806,0,Zone_4,Aadhya Nair,29,Female,Delhi,2020-04-17,499,45,4.92,0,4,4,0,High,34.81,0.06975951903807616,618.11,1.2386973947895792,2326,0.09018036072144289,4038,2.46,48.2,Business
T00348,R0155,3.14,26.64,33.21,2023-06-30,0,-1.1858439326024561,-1.1477886055195767,0,4,6,0,0,0,1,0,0,0,1,0,0,0,0,0,0,3.5325179989895132,1.420695787837223,5.1613951602255765,-1.1997027467779813,-1.1477886055195767,-0.9797563397544131,0.07955149325114252,0.12074303405572757,0.13167064914376742,0,10.576433121019107,0,Zone_3,Meera Reddy,23,Male,Hyderabad,2019-02-10,353,8,3.14,0,6,2,1,High,60.91,0.17254957507082153,931.71,2.639405099150142,2758,0.0226628895184136,12971,2.11,38.0,Business
T00349,R0018,5.8,30.14,46.49,2023-04-28,0,-1.030523396260021,-0.5500077904148715,0,4,4,0,0,0,1,0,0,0,0,0,0,0,0,0,1,3.8605191625610304,1.916922612182061,5.489990892524322,-1.0419831234980437,-0.5500077904148715,-0.8824573783559433,0.1148368583271336,0.2236842105263158,0.14909398645957786,0,8.01551724137931,0,Zone_9,Aarav Reddy,49,Female,Delhi,2023-01-09,446,86,3.29,0,0,1,0,High,54.19,0.12150224215246637,1044.33,2.3415470852017934,1329,0.19282511210762332,11037,1.83,56.1,Mixed
T00350,R0184,13.44,90.43,219.56,2023-10-19,0,0.9936727803051317,1.1669265807881168,0,3,10,1,0,0,0,1,0,0,0,0,0,0,0,0,0,5.396169766715541,2.67000213346468,9.509468965194639,1.013478864533492,1.1669265807881168,0.7935867309908414,0.574689127431183,0.5193498452012384,0.4492234169653525,0,16.336309523809526,0,Zone_1,Meera Nair,29,Female,Surat,2020-03-04,285,27,3.97,0,2,3,0,Medium,69.16,0.24266666666666664,1212.72,4.2551578947368425,2370,0.09473684210526316,4921,2.43,30.9,Residential
T00351,R0278,12.44,86.85,295.14,2024-05-17,0,1.8776431219287189,0.9421969510495057,0,4,5,0,0,1,0,0,0,0,0,0,0,0,1,0,0,5.690832315480573,2.5982353350950036,9.31933474020544,1.9111030458209677,0.9421969510495057,0.6940637933318348,0.7755074928260176,0.4806501547987616,0.43140183193946635,0,23.72508038585209,0,Zone_7,Aarav Reddy,20,Female,Mumbai,2021-09-02,382,58,4.27,0,3,9,0,High,97.55,0.25536649214659685,2111.36,5.527120418848168,1823,0.1518324607329843,11070,0.64,45.2,Industrial
T00352,R0190,2.13,11.74,23.56,2024-07-31,0,-1.2987086295681562,-1.374765531555574,0,2,7,0,0,0,1,1,0,0,0,0,0,0,0,0,0,3.2011191032789417,1.1410330045520618,3.4263683398023628,-1.3143107561643816,-1.374765531555574,-1.3939719182793275,0.05391114889998937,0.08165634674922602,0.05749701314217444,0,11.061032863849766,0,Zone_1,Saanvi Iyer,35,Other,Surat,2020-09-25,274,47,4.12,0,4,9,2,Medium,69.99,0.25543795620437953,1117.92,4.08,2165,0.17153284671532848,4921,2.43,30.9,Residential
T00353,R0066,9.07,47.59,170.17,2023-06-11,0,0.4160160566641025,0.18485809883038673,0,6,6,0,1,0,0,1,0,0,0,0,0,0,0,0,0,5.142657214707572,2.309560706730471,6.898550572402873,0.4268996330729409,0.18485809883038673,-0.39735255652642937,0.4434583909023275,0.3502321981424149,0.23596176821983275,0,18.761852260198456,0,Zone_1,Arjun Patel,38,Female,Bengaluru,2022-06-03,167,28,4.72,0,4,6,0,Medium,42.47,0.25431137724550895,576.14,3.449940119760479,1549,0.16766467065868262,4921,2.43,30.9,Residential
T00354,R0094,5.99,57.23,112.32,2023-10-03,0,-0.2605873339541102,-0.5073091607645352,0,1,10,1,0,0,0,0,0,0,0,0,1,0,0,0,0,4.730215674962316,1.944480556245719,7.565051222562872,-0.26015459936263047,-0.5073091607645352,-0.12936341713178692,0.28974917632054414,0.23103715170278638,0.2839506172839506,0,18.751252086811352,0,Zone_5,Diya Iyer,41,Other,Delhi,2023-04-13,480,62,4.87,0,3,4,2,High,47.72,0.09941666666666667,749.6,1.5616666666666668,1235,0.12916666666666668,2590,1.31,43.9,Business
T00355,R0042,11.91,74.32,100.52,2024-07-01,0,-0.39859805148729793,0.823090247288042,0,0,7,1,0,0,0,0,0,0,1,0,0,0,0,0,0,4.620255823406132,2.558002204858551,8.620904824900922,-0.4002970357107677,0.823090247288042,0.3457335115253128,0.25839621638856414,0.46013931888544896,0.369026284348865,0,8.439966414777498,0,Zone_3,Arjun Reddy,18,Female,Chennai,2021-05-20,23,4,3.03,0,3,5,0,Low,46.16,2.0069565217391303,738.48,32.10782608695652,1928,0.17391304347826086,12971,2.11,38.0,Business
T00356,R0252,7.22,71.74,179.88,2023-01-30,1,0.5295825030409884,-0.23089171618604382,0,0,1,0,0,1,0,0,0,0,0,0,0,1,0,0,0,5.197833827969714,2.1065702090680882,8.469946871143879,0.5422202311187387,-0.23089171618604382,0.27401027712301224,0.4692581570836433,0.2786377708978328,0.3561827956989247,0,24.914127423822716,1,Zone_6,Reyansh Gupta,38,Other,Ahmedabad,2020-09-23,392,47,4.83,0,2,9,2,High,100.41,0.25614795918367345,1682.05,4.290943877551021,2167,0.11989795918367346,14627,0.54,37.6,Mixed
T00357,R0070,9.86,84.18,174.1,2023-02-03,0,0.46198064309676595,0.36239450632388925,0,4,2,0,0,1,0,0,0,1,0,0,0,0,0,0,0,5.165357239291806,2.3850863145057892,9.174965939991276,0.47357419026346464,0.36239450632388925,0.619838585636431,0.4539005207779785,0.38080495356037153,0.418110314615691,0,17.657200811359026,0,Zone_2,Meera Reddy,33,Male,Bengaluru,2023-01-03,310,6,3.54,0,1,1,1,Medium,89.81,0.2897096774193548,1654.69,5.337709677419355,1335,0.01935483870967742,6371,0.91,58.4,Residential
T00358,R0262,7.21,64.54,104.14,2023-10-29,0,-0.35625917034576066,-0.23313901248342986,0,6,10,0,0,1,0,0,0,0,0,1,0,0,0,0,0,4.655292795391302,2.105352923464337,8.033679107357974,-0.35730418659379676,-0.23313901248342986,0.07385241367473175,0.26801466680837494,0.27825077399380804,0.32034050179211476,0,14.44382801664355,0,Zone_4,Meera Singh,30,Male,Ahmedabad,2019-04-21,6,0,3.35,0,6,4,1,Low,59.620000000000005,9.936666666666667,967.3599999999999,161.22666666666666,2688,0.0,4038,2.46,48.2,Business
T00359,R0266,2.94,23.28,30.06,2024-01-22,0,-1.2226857766897055,-1.192734531467299,0,0,1,0,0,1,0,0,0,0,0,0,0,1,0,0,0,3.435920817720541,1.3711807233098425,4.824935232725927,-1.23711365139634,-1.192734531467299,-1.0731633426969442,0.07118184716760548,0.11300309597523221,0.11494424532058942,0,10.224489795918368,0,Zone_6,Diya Reddy,29,Other,Chennai,2020-09-25,98,13,3.9,0,4,9,2,Low,72.97,0.7445918367346939,1247.45,12.729081632653061,2165,0.1326530612244898,14627,0.54,37.6,Mixed
T00360,R0135,8.24,46.06,136.7,2024-08-06,0,0.02455684345767931,-0.00166749385266044,0,1,8,0,1,0,0,0,0,0,0,0,0,0,0,1,0,4.925077405734609,2.2235418856535927,6.786751800382861,0.02939392590580909,-0.00166749385266044,-0.4398861025091891,0.3545275799766181,0.31811145510835914,0.2283452807646356,0,16.589805825242717,0,Zone_8,Reyansh Patel,38,Female,Ahmedabad,2022-02-24,153,8,3.47,0,3,2,0,Low,66.6,0.4352941176470588,992.13,6.4845098039215685,1648,0.05228758169934641,4516,1.93,31.0,Business
T00361,R0205,1.6400000000000001,12.3,18.88,2024-04-13,0,-1.3534450836406409,-1.4848830501274932,0,5,4,0,1,0,0,0,0,0,0,0,0,0,0,1,0,2.989714201228428,0.9707789171582248,3.5071355833500366,-1.3698926715973718,-1.4848830501274932,-1.3784040844555723,0.04147624614730577,0.0626934984520124,0.06028474711270411,0,11.512195121951217,0,Zone_8,Diya Singh,31,Other,Surat,2019-05-12,100,14,4.66,0,6,5,2,Low,25.549999999999997,0.25549999999999995,265.9,2.659,2667,0.14,4516,1.93,31.0,Business
T00362,R0011,11.74,95.8,271.65,2024-04-20,0,1.602908227449517,0.7848862102324782,0,5,4,0,0,1,0,0,0,0,0,0,0,0,0,1,0,5.60818892137207,2.5447466501440172,9.787747442593725,1.6321245856669215,0.7848862102324782,0.9428711374793506,0.7130938463173556,0.4535603715170279,0.4759557945041816,0,23.13884156729131,0,Zone_8,Vivaan Nair,26,Male,Chennai,2020-04-14,208,34,4.0,0,1,4,1,Medium,88.96000000000001,0.4276923076923077,1633.78,7.8547115384615385,2329,0.16346153846153846,4516,1.93,31.0,Business
T00363,R0163,4.6,41.6,101.86,2023-01-09,0,-0.38292564797081724,-0.8196833461012047,0,0,1,0,0,0,1,0,0,0,0,0,0,0,0,0,1,4.63336884034677,1.7227665977411035,6.44980619863884,-0.38438255565089446,-0.8196833461012047,-0.5638727790340964,0.26195663726219576,0.17724458204334365,0.20614297092791717,0,22.143478260869568,0,Zone_9,Kavya Gupta,33,Other,Ahmedabad,2020-02-20,302,21,3.56,0,3,2,2,Medium,18.79,0.06221854304635761,324.68,1.0750993377483444,2383,0.0695364238410596,11037,1.83,56.1,Mixed
T00364,R0289,4.97,39.77,98.47,2023-10-20,0,-0.42257448970280936,-0.7365333830979186,0,4,10,0,1,0,0,0,0,1,0,0,0,0,0,0,0,4.599856091164322,1.7867469274045107,6.3063460101710245,-0.4246438149068424,-0.7365333830979186,-0.6147462359938677,0.2529493038580083,0.19156346749226005,0.19703305455993628,0,19.81287726358149,0,Zone_2,Aarav Gupta,21,Other,Chennai,2021-09-30,322,14,4.17,0,3,9,2,Medium,66.13,0.2053726708074534,1234.48,3.8337888198757764,1795,0.043478260869565216,6371,0.91,58.4,Residential
T00365,R0025,7.96,43.83,195.74,2024-03-19,1,0.7150782640644088,-0.06459179017947159,0,1,3,0,1,0,0,0,0,0,0,0,0,1,0,0,0,5.281883060084612,2.192770226986839,6.620422947214173,0.7305811667527606,-0.06459179017947159,-0.5018794407716428,0.5113986608566267,0.30727554179566563,0.21724412584627636,0,24.590452261306535,1,Zone_6,Meera Das,21,Female,Mumbai,2021-10-22,42,3,4.01,0,4,10,0,Low,47.25,1.125,719.4300000000001,17.129285714285714,1773,0.07142857142857142,14627,0.54,37.6,Mixed
T00366,R0096,10.89,105.07,117.8,2024-01-16,0,-0.1964942210658162,0.5938660249546589,0,1,1,0,1,0,0,0,0,0,0,0,0,1,0,0,0,4.777441406928545,2.4756977107026903,10.250365847129554,-0.1950715018043429,0.5938660249546589,1.200574386669012,0.3043097034753959,0.42066563467492263,0.5221027479091995,0,10.81726354453627,0,Zone_6,Reyansh Das,40,Female,Kolkata,2019-12-28,121,3,4.46,0,5,12,0,Low,27.41,0.2265289256198347,354.95,2.933471074380165,2437,0.024793388429752067,14627,0.54,37.6,Mixed
T00367,R0289,7.15,66.44,145.31,2024-05-24,0,0.12525788396282747,-0.24662279026774644,0,4,5,0,1,0,0,0,0,1,0,0,0,0,0,0,0,4.985727658390071,2.0980179272527715,8.151073548925932,0.13165039852932298,-0.24662279026774644,0.12667184986247226,0.3774046126049527,0.27592879256965946,0.3297988849064118,0,20.323076923076922,0,Zone_2,Aarav Gupta,21,Other,Chennai,2021-09-30,322,14,4.17,0,3,9,2,Medium,66.13,0.2053726708074534,1234.48,3.8337888198757764,1795,0.043478260869565216,6371,0.91,58.4,Residential
T00368,R0046,16.21,93.77,326.52,2024-04-29,0,2.2446580639788403,1.7894276551640698,0,0,4,1,0,0,0,0,0,0,0,0,1,0,0,0,0,5.791549121912979,2.845490610223448,9.683491106000975,2.28378691468576,1.7894276551640698,0.886437739868238,0.8588851100010627,0.6265479876160991,0.46585025886101156,0,20.1431215299198,0,Zone_5,Vivaan Singh,31,Female,Kolkata,2019-08-16,31,4,3.87,0,4,8,0,Low,80.02,2.581290322580645,1296.42,41.82,2571,0.12903225806451613,2590,1.31,43.9,Business
T00369,R0176,16.24,81.44,229.65,2024-07-10,0,1.111683639619527,1.7961695440562275,0,2,7,0,1,0,0,0,0,0,1,0,0,0,0,0,0,5.440901410003829,2.847232265235547,9.024411338142782,1.133312524088806,1.7961695440562275,0.5436673987130572,0.6014985652035285,0.6277089783281733,0.4044703305455994,0,14.14100985221675,0,Zone_3,Kavya Gupta,43,Male,Mumbai,2019-05-24,260,13,3.95,0,4,5,1,Medium,91.05999999999999,0.3502307692307692,1638.07,6.3002692307692305,2655,0.05,12971,2.11,38.0,Business
T00370,R0263,16.58,129.55,182.4,2023-07-30,0,0.559055978310788,1.8725776181673552,0,6,7,0,0,1,0,0,0,0,0,0,0,0,0,1,0,5.211669559822364,2.866761892257031,11.382003338604326,0.5721489548134258,1.8725776181673552,1.8811111223931674,0.47595387395047295,0.6408668730650154,0.6439665471923537,0,11.001206272617614,0,Zone_8,Ishaan Das,31,Other,Chennai,2020-12-30,297,21,3.84,0,2,12,2,Medium,104.61999999999999,0.3522558922558922,1547.67,5.2110101010101015,2069,0.0707070707070707,4516,1.93,31.0,Business
T00371,R0122,6.83,37.86,114.4,2023-04-09,0,-0.2362600210330058,-0.31853627178410204,0,6,4,0,0,0,1,0,0,1,0,0,0,0,0,0,0,4.748404354073999,2.057962510002712,6.153048025166064,-0.23545152583685697,-0.31853627178410204,-0.6678436692141756,0.29527579976618135,0.26354489164086686,0.1875248904818797,0,16.749633967789165,0,Zone_2,Ishaan Patel,27,Female,Kolkata,2022-11-22,324,17,4.98,0,1,11,0,Medium,16.52,0.05098765432098765,351.99,1.0863888888888888,1377,0.05246913580246913,6371,0.91,58.4,Residential
T00372,R0039,0.59,3.19,9.63,2023-08-02,0,-1.4616314511984365,-1.720849161353035,0,2,8,0,0,1,0,0,0,0,0,0,1,0,0,0,0,2.363680192353857,0.4637340162321401,1.786057109949175,-1.4797500899211236,-1.720849161353035,-1.631659381124161,0.016898713997236692,0.022058823529411766,0.014934289127837515,0,16.322033898305087,0,Zone_5,Aadhya Iyer,24,Male,Chennai,2023-11-18,190,14,4.2,0,5,11,1,Medium,33.86,0.17821052631578946,508.06,2.674,1016,0.07368421052631578,2590,1.31,43.9,Business
T00373,R0056,14.1,122.83,199.13,2024-04-20,0,0.7547271057964007,1.3152481364156001,0,5,4,0,1,0,0,0,0,0,0,0,0,0,1,0,0,5.2989671553895334,2.714694743820879,11.08286966448672,0.7708424260087084,1.3152481364156001,1.6942971165081047,0.5204059942608141,0.544891640866873,0.6105137395459976,0,14.122695035460993,0,Zone_7,Meera Patel,40,Other,Hyderabad,2021-02-26,93,13,3.25,0,4,2,2,Low,66.22,0.7120430107526882,927.79,9.976236559139785,2011,0.13978494623655913,11070,0.64,45.2,Industrial
T00374,R0168,5.92,56.52,144.08,2023-02-27,1,0.11087202103352074,-0.5230402348462381,0,0,2,1,0,0,0,0,0,0,0,0,0,0,0,1,0,4.977285314414702,1.9344157696295783,7.517978451685001,0.11704233101167828,-0.5230402348462381,-0.14910120644404778,0.37413646508661924,0.228328173374613,0.2804161688570291,0,24.33783783783784,1,Zone_8,Diya Das,23,Male,Pune,2019-10-08,471,74,4.03,0,1,10,1,High,35.019999999999996,0.0743524416135881,569.31,1.2087261146496815,2518,0.15711252653927812,4516,1.93,31.0,Business
T00375,R0129,8.19,65.45,127.35,2023-11-11,0,-0.08479910645209227,-0.012903975339591152,0,5,11,0,0,0,1,0,0,1,0,0,0,0,0,0,0,4.854760907317149,2.2181159363675955,8.090117428072352,-0.08165114018360473,-0.012903975339591152,0.0991501436383338,0.329684344776278,0.3161764705882353,0.32487056949422544,0,15.54945054945055,0,Zone_2,Vivaan Singh,35,Male,Hyderabad,2022-10-08,158,10,3.9,0,5,10,1,Low,89.88,0.5688607594936709,1508.3,9.54620253164557,1422,0.06329113924050633,6371,0.91,58.4,Residential
T00376,R0110,11.14,68.08,170.22,2024-05-07,0,0.4166008478400907,0.6500484323893116,0,1,5,1,0,0,0,1,0,0,0,0,0,0,0,0,0,5.142949279314339,2.4965057856313524,8.251060537894507,0.4274934569557721,0.6500484323893116,0.17226336320346958,0.44359124242746306,0.4303405572755418,0.33796296296296297,0,15.280071813285456,0,Zone_1,Vivaan Patel,19,Female,Kolkata,2023-02-04,224,28,4.43,0,5,2,0,Medium,59.52,0.26571428571428574,946.68,4.226249999999999,1303,0.125,4921,2.43,30.9,Residential
T00377,R0197,0.02,0.19,3.27,2024-03-11,1,-1.5713382758138008,-1.8489450503040434,0,0,3,0,0,1,0,0,0,0,0,1,0,0,0,0,0,1.451613827240533,0.019802627296179712,0.43588989435406733,-1.555284487817238,-1.8489450503040434,-1.715058490894278,0.0,0.0,0.0,0,163.5,1,Zone_4,Saanvi Das,29,Female,Bengaluru,2020-10-08,475,87,3.87,0,3,10,0,High,71.08,0.14964210526315788,973.0,2.048421052631579,2152,0.1831578947368421,4038,2.46,48.2,Business
T00378,R0053,16.15,86.4,233.26,2023-06-30,0,1.1539055625258665,1.7759438773797525,0,4,6,0,1,0,0,0,0,0,0,0,0,1,0,0,0,5.4564316096417285,2.8419981736119486,9.2951600308978,1.1761866084292105,1.7759438773797525,0.6815539268663175,0.6110904453183122,0.6242260061919505,0.42916168857029074,0,14.443343653250775,0,Zone_6,Arjun Reddy,45,Female,Delhi,2019-09-16,63,7,4.85,0,0,9,0,Low,44.0,0.6984126984126984,713.04,11.318095238095237,2540,0.1111111111111111,14627,0.54,37.6,Mixed
T00379,R0288,12.37,74.24,206.15,2023-04-21,0,0.8368317869051277,0.9264658769678029,0,4,4,0,0,1,0,0,0,0,0,0,1,0,0,0,0,5.333443168523411,2.5930133911138515,8.616263691415206,0.8542152991581936,0.9264658769678029,0.3435095352647764,0.5390583483898396,0.4779411764705882,0.3686280366387893,0,16.665319320937755,0,Zone_5,Diya Ghosh,42,Male,Ahmedabad,2021-08-30,43,5,4.56,0,0,8,1,Low,52.08,1.2111627906976743,795.6,18.50232558139535,1826,0.11627906976744186,2590,1.31,43.9,Business
T00380,R0095,9.76,91.81,107.79,2024-06-20,0,-0.31356941449863046,0.3399215433500282,0,3,6,0,0,0,1,0,0,0,1,0,0,0,0,0,0,4.689419418432991,2.3758355547336385,9.581753492967767,-0.3139550431471271,0.3399215433500282,0.8319503214850952,0.2777128281432671,0.37693498452012386,0.4560931899641577,0,11.044057377049182,0,Zone_3,Kavya Iyer,29,Female,Chennai,2020-10-07,481,77,4.26,0,2,10,0,High,114.75,0.23856548856548856,1879.6100000000001,3.907713097713098,2153,0.1600831600831601,12971,2.11,38.0,Business
T00381,R0184,12.45,65.64,223.92,2023-01-16,0,1.0446665708512926,0.9444442473468918,0,0,1,0,1,0,0,0,1,0,0,0,0,0,0,0,0,5.415744783424001,2.598979106047848,8.101851640211638,1.0652603071163629,0.9444442473468918,0.10443208725710781,0.5862737804229993,0.4810371517027864,0.32581640780565513,0,17.985542168674698,0,Zone_10,Meera Nair,29,Female,Surat,2020-03-04,285,27,3.97,0,2,3,0,Medium,69.16,0.24266666666666664,1212.72,4.2551578947368425,2370,0.09473684210526316,2440,1.54,35.4,Industrial
T00382,R0012,10.78,83.18,92.76,2023-05-25,0,-0.4893576420006484,0.5691457656834115,0,3,5,0,0,1,0,0,0,0,0,0,0,0,1,0,0,4.540738325828703,2.4664031782234406,9.120307012376283,-0.4924585023261528,0.5691457656834115,0.5920388823797254,0.23777765968753323,0.41640866873065013,0.41313221823974516,0,8.604823747680891,0,Zone_7,Aarav Das,31,Female,Hyderabad,2022-01-19,248,11,3.31,0,2,1,0,Medium,29.11,0.11737903225806451,352.76,1.4224193548387096,1684,0.04435483870967742,11070,0.64,45.2,Industrial
T00383,R0195,8.58,81.92,159.71,2023-11-28,0,0.29367774264739566,0.07474058025846728,0,1,11,0,1,0,0,0,0,0,0,0,0,1,0,0,0,5.0796014985609785,2.259677591982769,9.050966799187808,0.30267167678467705,0.07474058025846728,0.5570112562762761,0.4156658518439792,0.33126934984520123,0.4068598168060534,0,18.614219114219114,0,Zone_6,Aadhya Reddy,33,Male,Kolkata,2021-05-27,72,10,4.97,0,3,5,1,Low,70.32000000000001,0.9766666666666668,1044.17,14.502361111111112,1921,0.1388888888888889,14627,0.54,37.6,Mixed
T00384,R0067,6.46,58.17,128.32,2023-01-28,0,-0.07345415763792346,-0.40168623478738813,0,5,1,0,1,0,0,0,0,0,0,1,0,0,0,0,0,4.862289952857232,2.0095554142156695,7.626925986267338,-0.07013095685668158,-0.40168623478738813,-0.10323169607048348,0.33226166436390686,0.24922600619195046,0.2886300278773397,0,19.86377708978328,0,Zone_4,Saanvi Iyer,32,Male,Pune,2022-07-24,348,9,3.38,0,6,7,1,High,113.07,0.32491379310344826,1846.81,5.3069252873563215,1498,0.02586206896551724,4038,2.46,48.2,Business
T00385,R0110,4.3,21.99,82.52,2024-04-30,0,-0.6091228748430081,-0.8871022350227881,0,1,4,1,0,0,0,0,0,0,1,0,0,0,0,0,0,4.425086124134329,1.667706820558076,4.689349635077342,-0.6140736335299602,-0.8871022350227881,-1.1090249598980944,0.21056966733978105,0.16563467492260062,0.10852250099561928,0,19.190697674418605,0,Zone_3,Vivaan Patel,19,Female,Kolkata,2023-02-04,224,28,4.43,0,5,2,0,Medium,59.52,0.26571428571428574,946.68,4.226249999999999,1303,0.125,12971,2.11,38.0,Business
T00386,R0009,9.44,90.19,229.79,2023-08-08,1,1.1133210549122936,0.26800806183367265,0,1,8,0,0,1,0,0,0,1,0,0,0,0,0,0,0,5.441508206138953,2.3456445824544927,9.496841580230766,1.1349752309607328,0.26800806183367265,0.7869148022092318,0.601870549473908,0.36455108359133126,0.44802867383512546,0,24.342161016949152,1,Zone_2,Diya Patel,42,Female,Ahmedabad,2019-12-15,172,21,4.11,0,6,12,0,Medium,64.88,0.37720930232558136,916.39,5.327848837209302,2450,0.12209302325581395,6371,0.91,58.4,Residential
T00387,R0275,9.81,51.13,99.7,2024-03-04,0,-0.4081886267735024,0.35115802483695896,0,0,3,0,1,0,0,0,0,0,1,0,0,0,0,0,0,4.612145799724517,2.3804716316511167,7.150524456289903,-0.4100357473891975,0.35115802483695896,-0.29894160699769134,0.2562174513763418,0.3788699690402477,0.25358422939068104,0,10.163098878695209,0,Zone_3,Ishaan Das,21,Other,Jaipur,2022-10-04,247,17,3.07,0,1,10,2,Medium,33.85,0.13704453441295547,326.07000000000005,1.3201214574898787,1426,0.06882591093117409,12971,2.11,38.0,Business
T00388,R0112,13.42,97.7,132.57,2024-08-07,0,-0.02374690767893635,1.1624319881933447,0,2,8,0,1,0,0,0,0,0,0,0,0,0,1,0,0,4.8946256849890135,2.668616131856803,9.884331034521255,-0.01965592681603891,1.1624319881933447,0.9956905736670916,0.3435540440004251,0.5185758513931888,0.4854141776184787,0,9.87853949329359,0,Zone_7,Meera Nair,41,Female,Delhi,2020-11-13,311,11,3.24,0,4,11,0,Medium,89.53,0.28787781350482317,1150.27,3.6986173633440513,2116,0.03536977491961415,11070,0.64,45.2,Industrial
T00389,R0198,9.0,71.82,152.12,2023-05-25,0,0.2049064421324045,0.1691270247486839,0,3,5,0,0,0,1,0,0,0,1,0,0,0,0,0,0,5.031221927704644,2.302585092994046,8.474668135095321,0.21252921137091751,0.1691270247486839,0.2762342533835486,0.39549899032840896,0.3475232198142415,0.3565810434090004,0,16.90222222222222,0,Zone_3,Vivaan Kumar,31,Other,Mumbai,2021-12-10,202,23,3.85,0,4,12,2,Medium,39.11,0.19361386138613862,588.51,2.9134158415841584,1724,0.11386138613861387,12971,2.11,38.0,Business
T00390,R0296,3.73,22.49,81.24,2024-01-10,0,-0.6240935289483031,-1.0151981239737962,0,2,1,0,0,1,0,0,1,0,0,0,0,0,0,0,0,4.409641801706855,1.5539252025038417,4.742362280551751,-0.6292755249304361,-1.0151981239737962,-1.0951251082697415,0.20716866829631203,0.14357585139318885,0.11101154918359218,0,21.780160857908847,0,Zone_10,Reyansh Patel,37,Other,Hyderabad,2021-02-20,390,58,3.97,0,5,2,2,High,79.46000000000001,0.20374358974358978,1306.46,3.349897435897436,2017,0.14871794871794872,2440,1.54,35.4,Industrial
T00391,R0094,0.12,0.86,3.27,2024-05-15,1,-1.5617477005275964,-1.8264720873301823,0,2,5,0,1,0,0,0,0,1,0,0,0,0,0,0,0,1.451613827240533,0.11332868530700317,0.9273618495495703,-1.555284487817238,-1.8264720873301823,-1.6964326897122852,0.0,0.0038699690402476776,0.003335324571883711,0,27.25,1,Zone_2,Diya Iyer,41,Other,Delhi,2023-04-13,480,62,4.87,0,3,4,2,High,47.72,0.09941666666666667,749.6,1.5616666666666668,1235,0.12916666666666668,6371,0.91,58.4,Residential
T00392,R0014,7.36,66.1,171.59,2023-05-07,0,0.43262412606216427,-0.19942956802263814,0,6,5,0,0,0,1,1,0,0,0,0,0,0,0,0,0,5.150918839543312,2.1234584270966104,8.130190649671137,0.44376423134534404,-0.19942956802263814,0.11721995075519225,0.447231374216176,0.28405572755417957,0.3281063321385902,0,23.313858695652172,0,Zone_1,Aarav Das,26,Female,Ahmedabad,2021-06-08,325,53,3.0,0,1,6,0,High,42.19,0.1298153846153846,881.0,2.710769230769231,1909,0.16307692307692306,4921,2.43,30.9,Residential
T00393,R0173,7.86,54.7,159.7,2023-06-03,0,0.2935607844121978,-0.08706475315333262,0,5,6,0,1,0,0,0,0,0,0,0,0,0,1,0,0,5.0795392727434665,2.1815467646169897,7.395944834840239,0.3025529120081106,-0.08706475315333262,-0.1996966663712521,0.415639281538952,0.30340557275541796,0.2713560334528077,0,20.31806615776081,0,Zone_7,Saanvi Ghosh,26,Other,Mumbai,2020-01-15,389,55,4.28,0,2,1,2,High,50.04,0.1286375321336761,861.47,2.2145758354755785,2419,0.14138817480719795,11070,0.64,45.2,Industrial
T00394,R0068,7.51,70.61,110.17,2023-05-28,0,-0.28573335452159776,-0.1657201235618466,0,6,5,1,0,0,0,0,0,0,0,1,0,0,0,0,0,4.711060561245524,2.1412419425852827,8.402975663418287,-0.2856890263243672,-0.1657201235618466,0.24259661244293496,0.2840365607397173,0.2898606811145511,0.35055754679410595,0,14.66977363515313,0,Zone_4,Meera Singh,30,Female,Ahmedabad,2022-08-31,456,70,4.97,0,2,8,0,High,71.8,0.15745614035087718,1100.63,2.4136622807017547,1460,0.15350877192982457,4038,2.46,48.2,Business
T00395,R0051,0.35000000000000003,2.22,3.27,2024-08-15,0,-1.5360168887841206,-1.7747842724903018,0,3,8,1,0,0,0,0,0,0,0,0,0,0,0,0,1,1.451613827240533,0.3001045924503381,1.489966442575134,-1.555284487817238,-1.7747842724903018,-1.6586250932831657,0.0,0.01277089783281734,0.010105535643170052,0,9.342857142857142,0,Zone_9,Aarav Nair,21,Male,Kolkata,2020-04-05,213,14,4.02,0,6,4,1,Medium,59.18,0.2778403755868545,1101.02,5.169107981220657,2338,0.06572769953051644,11037,1.83,56.1,Mixed
T00396,R0208,13.37,91.14,196.06,2023-01-22,0,0.7188209275907324,1.151195506706414,0,6,1,0,1,0,0,0,0,0,1,0,0,0,0,0,0,5.283508250894329,2.6651427000909336,9.546727187890099,0.7343816396028796,1.151195506706414,0.8133245203031023,0.5122489106174939,0.516640866873065,0.45275786539227403,0,14.664173522812268,0,Zone_3,Aadhya Iyer,24,Other,Chennai,2020-01-08,356,53,4.75,0,2,1,2,High,49.42,0.13882022471910113,602.13,1.691376404494382,2426,0.14887640449438203,12971,2.11,38.0,Business
T00397,R0256,13.36,71.18,261.94,2024-07-08,0,1.4893417810726315,1.1489482104090278,0,0,7,0,0,1,0,1,0,0,0,0,0,0,0,0,0,5.571925869268458,2.664446563620078,8.436824046997781,1.5168039876211241,1.1489482104090278,0.25844244329925736,0.68729408013604,0.5162538699690402,0.35339506172839513,0,19.606287425149702,0,Zone_1,Aadhya Sharma,31,Female,Delhi,2021-03-25,265,8,3.65,0,3,3,0,Medium,41.45,0.15641509433962264,753.8,2.8445283018867924,1984,0.03018867924528302,4921,2.43,30.9,Residential
T00398,R0124,3.88,37.71,93.97,2023-10-02,1,-0.47520569554173686,-0.9814886795130047,0,0,10,1,0,0,0,0,1,0,0,0,0,0,0,0,0,4.553561052254861,1.5851452198650557,6.140846847137616,-0.4780879643616405,-0.9814886795130047,-0.6720136247026814,0.2409926665958125,0.14938080495356038,0.18677817602548785,0,24.219072164948454,1,Zone_10,Aadhya Das,37,Other,Hyderabad,2022-06-09,419,25,3.59,0,3,6,2,High,42.58,0.10162291169451074,643.35,1.5354415274463007,1543,0.059665871121718374,2440,1.54,35.4,Industrial
T00399,R0129,12.03,83.87,251.96,2024-06-25,0,1.37261746234541,0.8500578028566752,0,1,6,0,0,0,1,0,0,0,0,0,0,1,0,0,0,5.533231373461162,2.567254391136754,9.158056562393574,1.3982767406080385,0.8500578028566752,0.6112206776268522,0.6607769157189924,0.4647832817337461,0.41656710473914776,0,20.94430590191189,0,Zone_6,Vivaan Singh,35,Male,Hyderabad,2022-10-08,158,10,3.9,0,5,10,1,Low,89.88,0.5688607594936709,1508.3,9.54620253164557,1422,0.06329113924050633,14627,0.54,37.6,Mixed
T00400,R0254,12.76,94.88,248.24,2024-01-01,0,1.3291089988518967,1.0141104325658614,0,0,1,0,0,1,0,0,0,0,1,0,0,0,0,0,0,5.518416287676021,2.6217658325051976,9.740636529508736,1.3540962437254054,1.0141104325658614,0.9172954104831813,0.6508927622489107,0.4930340557275542,0.47137594583831144,0,19.454545454545457,0,Zone_3,Meera Kumar,18,Male,Delhi,2020-03-09,363,70,3.68,0,0,3,1,High,82.37,0.2269146005509642,1214.6,3.346005509641873,2365,0.1928374655647383,12971,2.11,38.0,Business
T00401,R0273,8.19,69.1,106.28,2024-01-29,0,-0.33123010801347064,-0.012903975339591152,0,0,1,0,0,1,0,0,0,1,0,0,0,0,0,0,0,4.675442238973423,2.2181159363675955,8.312640976248161,-0.33188852440862604,-0.012903975339591152,0.20061906052530926,0.27370071208417474,0.3161764705882353,0.3430406212664277,0,12.976800976800977,0,Zone_2,Aadhya Nair,43,Male,Delhi,2022-09-17,289,48,3.76,0,5,9,1,Medium,74.85,0.2589965397923875,957.47,3.313044982698962,1443,0.16608996539792387,6371,0.91,58.4,Residential
T00402,R0258,3.26,29.49,44.3,2024-06-20,0,-1.0561372497682993,-1.1208210499509434,0,3,6,0,0,0,1,0,0,0,0,0,0,1,0,0,0,3.8133070324889884,1.449269160281279,5.430469592954186,-1.0679926095660455,-1.1208210499509434,-0.900527185472802,0.10901796152619832,0.12538699690402477,0.14585822381521305,0,13.588957055214724,0,Zone_6,Vivaan Nair,32,Female,Jaipur,2020-01-29,313,39,3.76,0,2,1,0,Medium,29.230000000000004,0.09338658146964858,499.35,1.5953674121405752,2405,0.12460063897763578,14627,0.54,37.6,Mixed
T00403,R0009,16.07,154.61,132.04,2024-03-08,0,-0.02994569414441005,1.7579655070006641,0,4,3,0,1,0,0,0,0,0,1,0,0,0,0,0,0,4.890649834884672,2.837322536806349,12.434226956268734,-0.025950459974048483,1.7579655070006641,2.5777716860062116,0.34214581783398873,0.6211300309597524,0.7687176423735564,0,8.216552582451772,0,Zone_3,Diya Patel,42,Female,Ahmedabad,2019-12-15,172,21,4.11,0,6,12,0,Medium,64.88,0.37720930232558136,916.39,5.327848837209302,2450,0.12209302325581395,12971,2.11,38.0,Business
T00404,R0266,9.9,93.13,150.23,2023-05-02,0,0.18280133568005477,0.3713836915134339,0,1,5,0,0,1,0,0,0,0,0,1,0,0,0,0,0,5.018801856762649,2.388762789235098,9.650388593212192,0.1900826685999021,0.3713836915134339,0.8686459297839464,0.39047720267828673,0.3823529411764706,0.4626642771804062,0,15.174747474747473,0,Zone_4,Diya Reddy,29,Other,Chennai,2020-09-25,98,13,3.9,0,4,9,2,Low,72.97,0.7445918367346939,1247.45,12.729081632653061,2165,0.1326530612244898,4038,2.46,48.2,Business
T00405,R0079,6.74,35.29,90.18,2024-03-01,0,-0.5195328666816336,-0.338761938460577,0,4,3,0,0,0,1,0,0,0,0,1,0,0,0,0,0,4.512835574785296,2.046401687601636,5.940538696111658,-0.523099814680237,-0.338761938460577,-0.7392889065839092,0.23092252099054097,0.26006191950464397,0.1747311827956989,0,13.379821958456974,0,Zone_4,Ishaan Nair,25,Male,Bengaluru,2020-09-23,146,28,4.92,0,2,9,1,Low,36.46,0.24972602739726027,612.4100000000001,4.194589041095891,2167,0.1917808219178082,4038,2.46,48.2,Business
T00406,R0283,11.86,115.04,274.75,2024-02-27,0,1.6391652803607784,0.8118537658011113,0,1,2,0,0,0,1,1,0,0,0,0,0,0,0,0,0,5.619494658133612,2.554121718809473,10.725670142233538,1.6689416664024495,0.8118537658011113,1.477737428138368,0.7213306408757573,0.4582043343653251,0.5717343687773796,0,23.16610455311973,0,Zone_1,Diya Nair,19,Male,Surat,2023-06-15,245,45,3.55,0,3,6,1,Medium,55.97,0.22844897959183674,1013.23,4.135632653061225,1172,0.1836734693877551,4921,2.43,30.9,Residential
T00407,R0106,16.11,85.39,157.69,2024-05-08,0,0.2700521791374769,1.7669546921902084,0,2,5,1,0,0,0,1,0,0,0,0,0,0,0,0,0,5.066952613574751,2.839663087904102,9.240670971309388,0.2786811919183009,1.7669546921902084,0.6534762265770447,0.4102986502285046,0.6226780185758514,0.42413381123058547,0,9.788330229671011,0,Zone_1,Aarav Patel,32,Other,Bengaluru,2021-11-25,6,1,4.03,0,3,11,2,Low,39.67,6.611666666666667,438.62,73.10333333333334,1739,0.16666666666666666,4921,2.43,30.9,Residential
T00408,R0132,5.51,42.54,85.51,2024-02-15,0,-0.5741523625189205,-0.6151793830390687,0,3,2,0,0,1,0,0,0,0,0,0,1,0,0,0,0,4.460260014192283,1.873339456220478,6.522269543648131,-0.5785629653366609,-0.6151793830390687,-0.5377410579727931,0.21851418854288449,0.21246130030959753,0.21082238152130622,0,15.519056261343014,0,Zone_5,Aadhya Iyer,23,Male,Surat,2022-12-09,484,25,3.32,0,4,12,1,High,69.39999999999999,0.1433884297520661,1091.99,2.2561776859504135,1360,0.05165289256198347,2590,1.31,43.9,Business
T00409,R0186,11.46,111.49,132.95,2023-10-10,0,-0.01930249474142697,0.7219619139056672,0,1,10,0,0,1,0,0,0,0,0,0,0,0,0,1,0,4.897466595990617,2.522523513359307,10.558882516630252,-0.01514286530652268,0.7219619139056672,1.3790484815770625,0.34456371559145493,0.4427244582043344,0.5540621266427718,0,11.601221640488655,0,Zone_8,Ishaan Sharma,18,Other,Hyderabad,2020-12-11,373,19,3.26,0,4,12,2,High,68.58,0.18386058981233244,938.8199999999999,2.5169436997319035,2088,0.05093833780160858,4516,1.93,31.0,Business
T00410,R0098,17.72,114.01,300.05,2023-09-08,0,1.935069615410749,2.128769396069372,0,4,9,0,0,1,0,0,1,0,0,0,0,0,0,0,0,5.707276363910457,2.929592471049446,10.677546534667972,1.969416551114981,2.128769396069372,1.449103733783961,0.7885535125943246,0.684984520123839,0.5666069295101553,0,16.932844243792328,0,Zone_10,Diya Singh,21,Other,Bengaluru,2023-04-29,286,56,3.5,0,5,4,2,Medium,70.87,0.24779720279720283,1071.75,3.7473776223776225,1219,0.1958041958041958,2440,1.54,35.4,Industrial
T00411,R0103,2.42,21.19,39.08,2023-06-18,0,-1.117189448541455,-1.3095939389313769,0,6,6,0,1,0,0,0,0,0,0,1,0,0,0,0,0,3.6908774567766094,1.2296405510745139,4.603259714593562,-1.1299878229336113,-1.3095939389313769,-1.1312647225034589,0.09514826230205123,0.09287925696594428,0.10454002389486261,0,16.14876033057851,0,Zone_4,Ishaan Gupta,37,Other,Surat,2022-11-24,175,14,3.07,0,3,11,2,Medium,71.43,0.40817142857142863,1236.44,7.065371428571429,1375,0.08,4038,2.46,48.2,Business
T00412,R0153,5.25,49.11,64.3,2023-01-07,0,-0.8222207793730657,-0.6736090867711075,0,5,1,1,0,0,0,0,0,0,0,0,0,0,1,0,0,4.178992036282385,1.8325814637483102,7.0078527381787925,-0.8304630564336095,-0.6736090867711075,-0.35509700757623686,0.16215857158040173,0.20239938080495357,0.2435284747112704,0,12.247619047619047,0,Zone_7,Aadhya Ghosh,20,Male,Mumbai,2020-05-04,76,14,4.54,0,0,5,1,Low,28.84,0.3794736842105263,460.95,6.065131578947368,2309,0.18421052631578946,11070,0.64,45.2,Industrial
T00413,R0172,5.01,40.1,53.07,2024-01-02,0,-0.9535648774999894,-0.7275441979083742,0,1,1,0,0,1,0,0,0,0,0,0,0,0,0,1,0,3.9902795033939134,1.7934247485471162,6.332456079595025,-0.9638359005174724,-0.7275441979083742,-0.6055723339191549,0.13232011903496652,0.19311145510835914,0.19867582636399841,0,10.592814371257486,0,Zone_8,Reyansh Reddy,31,Other,Pune,2019-12-24,168,14,3.72,0,1,12,2,Medium,84.85,0.5050595238095238,1488.61,8.86077380952381,2441,0.08333333333333333,4516,1.93,31.0,Business
T00414,R0049,7.21,67.64,164.58,2024-02-08,0,0.35063640318863504,-0.23313901248342986,0,3,2,0,0,0,1,0,0,0,0,0,0,0,0,1,0,5.10945446171066,2.105352923464337,8.224354077980836,0.3605101229724253,-0.23313901248342986,0.16003149377051915,0.4286055903921777,0.27825077399380804,0.3357726005575468,0,22.826629680998614,0,Zone_8,Meera Iyer,39,Male,Mumbai,2020-05-19,375,55,4.4,0,1,5,1,High,58.370000000000005,0.15565333333333334,980.4,2.6144,2294,0.14666666666666667,4516,1.93,31.0,Business
T00415,R0245,6.95,36.19,144.82,2023-07-01,0,0.11952693043814415,-0.2915687162154687,0,5,7,0,0,1,0,0,1,0,0,0,0,0,0,0,0,4.9823729843782845,2.0731719286662407,6.015812497078013,0.12583092447757818,-0.2915687162154687,-0.7142691736528741,0.3761026676586247,0.26818885448916413,0.17921146953405015,0,20.837410071942443,0,Zone_10,Diya Sharma,35,Female,Hyderabad,2020-03-04,265,48,4.73,0,2,3,0,Medium,39.72,0.14988679245283018,751.33,2.8352075471698113,2370,0.1811320754716981,2440,1.54,35.4,Industrial
T00416,R0123,9.5,49.27,219.89,2024-05-26,0,0.9975324020666528,0.2814918396179894,0,6,5,1,0,0,0,0,0,0,0,0,0,0,0,1,0,5.397664840048735,2.3513752571634776,7.019259220174163,1.017398102160177,0.2814918396179894,-0.35064905505516386,0.5755659474970772,0.3668730650154799,0.24432497013142174,0,23.146315789473682,0,Zone_8,Meera Ghosh,32,Male,Bengaluru,2023-06-24,156,26,3.31,0,5,6,1,Low,37.7,0.2416666666666667,715.18,4.584487179487179,1163,0.16666666666666666,4516,1.93,31.0,Business
T00417,R0030,3.9,26.49,53.68,2024-04-23,0,-0.9464304251529346,-0.9769940869182323,0,1,4,1,0,0,0,0,0,0,0,0,0,0,0,1,0,4.001498011855749,1.589235205116581,5.146843692983108,-0.9565912491469329,-0.9769940869182323,-0.983926295242919,0.13394090764161973,0.1501547987616099,0.13092393468737554,0,13.764102564102565,0,Zone_8,Saanvi Patel,25,Other,Mumbai,2021-01-08,442,58,3.72,0,4,1,2,High,81.05,0.1833710407239819,1585.25,3.5865384615384617,2060,0.13122171945701358,4516,1.93,31.0,Business
T00418,R0261,4.89,34.6,109.0,2023-06-04,0,-0.2994174680397189,-0.7545117534770076,0,6,6,0,1,0,0,0,0,0,1,0,0,0,0,0,0,4.700480365792417,1.7732559976634952,5.882176467941097,-0.29958450518261476,-0.7545117534770076,-0.758470701831036,0.2809278350515464,0.1884674922600619,0.17129629629629628,0,22.290388548057262,0,Zone_3,Aarav Kumar,31,Male,Pune,2022-08-26,477,83,4.24,0,4,8,1,High,49.17,0.10308176100628931,649.73,1.3621174004192873,1465,0.1740041928721174,12971,2.11,38.0,Business
T00419,R0171,9.51,59.25,86.21,2024-07-02,0,-0.5659652860550876,0.2837391359153755,0,1,7,1,0,0,0,1,0,0,0,0,0,0,0,0,0,4.468319003238894,2.3523271848888596,7.697402159170326,-0.5702494309770257,0.2837391359153755,-0.0732080165532414,0.22037410989478157,0.36726006191950467,0.2940063719633612,0,9.065194532071503,0,Zone_1,Kavya Singh,23,Female,Jaipur,2019-05-13,276,19,4.3,0,0,5,0,Medium,12.120000000000001,0.043913043478260874,143.11999999999998,0.518550724637681,2666,0.06884057971014493,4921,2.43,30.9,Residential
T00420,R0232,8.77,78.52,188.49,2023-05-16,0,0.6302835435461366,0.11743920990880327,0,1,5,1,0,0,0,0,1,0,0,0,0,0,0,0,0,5.244336252681523,2.2793164660546914,8.861151166750288,0.6444767037422526,0.11743920990880327,0.46249226520347664,0.4921351897119779,0.33862229102167185,0.3899342891278375,0,21.49258836944128,0,Zone_10,Meera Das,38,Male,Jaipur,2022-12-08,172,15,3.94,0,3,12,1,Medium,93.19999999999999,0.541860465116279,1490.84,8.667674418604651,1361,0.0872093023255814,2440,1.54,35.4,Industrial
T00421,R0132,12.37,80.33,158.37,2024-04-25,0,0.27800533913091496,0.9264658769678029,0,3,4,0,0,0,1,0,0,0,0,0,0,0,0,1,0,5.071228542871542,2.5930133911138515,8.962700485902673,0.28675719672480376,0.9264658769678029,0.512809728098114,0.4121054309703475,0.4779411764705882,0.3989446435682995,0,12.802748585286986,0,Zone_8,Aadhya Iyer,23,Male,Surat,2022-12-09,484,25,3.32,0,4,12,1,High,69.39999999999999,0.1433884297520661,1091.99,2.2561776859504135,1360,0.05165289256198347,4516,1.93,31.0,Business
T00422,R0298,10.05,61.85,106.57,2024-07-13,0,-0.32783831919273987,0.40509313597422564,0,5,7,1,0,0,0,1,0,0,0,0,0,0,0,0,0,4.678141798443914,2.402430427963762,7.864477096412704,-0.3284443458882058,0.40509313597422564,-0.0009287880858066333,0.27447125092996066,0.38815789473684215,0.3069494225408204,0,10.603980099502486,0,Zone_1,Vivaan Singh,35,Female,Ahmedabad,2020-03-25,65,11,3.88,0,2,3,0,Low,63.190000000000005,0.9721538461538463,1002.41,15.421692307692307,2349,0.16923076923076924,4921,2.43,30.9,Residential
T00423,R0126,11.86,84.04,104.63,2024-05-13,0,-0.3505282168210775,0.8118537658011113,0,0,5,0,1,0,0,0,0,0,0,1,0,0,0,0,0,4.659942421835071,2.554121718809473,9.167333309092673,-0.3514847125420521,0.8118537658011113,0.6159466271804922,0.2693166117547029,0.4582043343653251,0.4174133811230586,0,8.822091062394604,0,Zone_4,Diya Reddy,29,Female,Surat,2022-09-25,411,20,3.65,0,6,9,0,High,35.7,0.08686131386861315,414.91999999999996,1.009537712895377,1435,0.04866180048661801,4038,2.46,48.2,Business
T00424,R0224,2.29,16.33,23.04,2024-07-23,0,-1.3047904577984324,-1.3388087907973962,0,1,7,1,0,0,0,0,0,0,0,0,0,0,0,0,1,3.179719109667007,1.1908875647772805,4.04103947023535,-1.3204865245458253,-1.3388087907973962,-1.2663712803310485,0.05252949303858008,0.0878482972136223,0.08034647550776583,0,10.061135371179038,0,Zone_9,Ishaan Sharma,29,Female,Ahmedabad,2020-08-04,200,1,4.31,0,1,8,0,Medium,41.71,0.20855,514.14,2.5707,2217,0.005,11037,1.83,56.1,Mixed
T00425,R0280,6.08,41.88,74.74,2023-05-10,0,-0.700116381826754,-0.48708349408806034,0,2,5,0,0,1,0,0,0,0,0,0,0,0,1,0,0,4.327306422473649,1.9572739077056285,6.471475874945375,-0.7064726296984779,-0.48708349408806034,-0.5560888621222188,0.1898979700286959,0.2345201238390093,0.207536837913182,0,12.292763157894736,0,Zone_7,Saanvi Gupta,26,Other,Chennai,2023-05-31,172,23,4.43,0,2,5,2,Medium,50.769999999999996,0.29517441860465116,735.3,4.2749999999999995,1187,0.13372093023255813,11070,0.64,45.2,Industrial
T00426,R0177,17.24,167.72,310.76,2023-10-16,0,2.0603318853073964,2.0208991737948385,0,0,10,0,0,1,0,0,0,0,0,0,0,0,0,0,1,5.742233661030454,2.9036169846461855,12.95067565804966,2.0966136268174003,2.0208991737948385,2.9422257957016225,0.8170103092783505,0.6664086687306501,0.8339804858622063,0,18.02552204176334,0,Zone_9,Ishaan Reddy,34,Other,Bengaluru,2023-02-15,489,63,4.48,0,2,2,2,High,115.74,0.23668711656441715,1866.76,3.8175051124744375,1292,0.12883435582822086,11037,1.83,56.1,Mixed
T00427,R0116,9.96,63.62,227.53,2023-11-16,0,1.0868884937576322,0.3848674692977507,0,3,11,0,1,0,0,0,0,0,0,0,0,0,1,0,0,5.431667492744793,2.3942522815198695,7.976214641043708,1.1081343914567678,0.3848674692977507,0.04827668667856228,0.595865660537783,0.38467492260061925,0.3157606531262445,0,22.844377510040157,0,Zone_7,Ishaan Kumar,34,Female,Bengaluru,2020-02-08,238,30,4.58,0,5,2,0,Medium,50.61,0.2126470588235294,794.16,3.3368067226890754,2395,0.12605042016806722,11070,0.64,45.2,Industrial
T00428,R0252,11.74,101.14,211.83,2024-05-16,0,0.9032640644973741,0.7848862102324782,0,3,5,1,0,0,0,0,0,0,0,0,0,1,0,0,0,5.360493724974712,2.5447466501440172,10.056838469419702,0.9216736922478056,0.7848862102324782,1.091321552870159,0.5541502816452333,0.4535603715170279,0.5025388291517324,0,18.04344122657581,0,Zone_6,Reyansh Gupta,38,Other,Ahmedabad,2020-09-23,392,47,4.83,0,2,9,2,High,100.41,0.25614795918367345,1682.05,4.290943877551021,2167,0.11989795918367346,14627,0.54,37.6,Mixed
T00429,R0022,9.36,52.4,222.66,2023-02-19,0,1.0299298332163929,0.25002969145458376,0,6,2,0,0,1,0,0,0,0,0,0,0,0,1,0,0,5.410127041600043,2.337952236831337,7.238784428341543,1.0502959452690195,0.25002969145458376,-0.26363598386167525,0.5829259219895844,0.36145510835913314,0.25990641178813223,0,23.78846153846154,0,Zone_7,Aarav Nair,43,Female,Kolkata,2020-09-14,220,1,3.32,0,0,9,0,Medium,52.25,0.2375,827.22,3.760090909090909,2176,0.004545454545454545,11070,0.64,45.2,Industrial
T00430,R0108,10.13,52.56,173.97,2024-02-23,0,0.460460186039197,0.42307150635331453,0,4,2,1,0,0,0,0,0,0,0,0,0,1,0,0,0,5.164614530656529,2.4096441652874536,7.249827584156743,0.47203024816810385,0.42307150635331453,-0.25918803134060225,0.4535551068126262,0.3912538699690403,0.2607029072082836,0,17.173741362290226,0,Zone_6,Reyansh Gupta,18,Male,Pune,2019-05-31,184,32,4.88,0,4,5,1,Medium,43.6,0.23695652173913045,874.89,4.754836956521739,2648,0.17391304347826086,14627,0.54,37.6,Mixed
T00431,R0036,6.85,61.24,133.58,2024-02-26,0,-0.011934125923976833,-0.3140416791893299,0,0,2,0,1,0,0,0,0,1,0,0,0,0,0,0,0,4.9021588177601725,2.060513531794317,7.825599018605541,-0.00766068438285066,-0.3140416791893299,-0.017886607072397073,0.34623764480816244,0.2643188854489164,0.30391278375149344,0,19.500729927007303,0,Zone_2,Aadhya Das,30,Female,Surat,2022-03-16,177,15,4.9,0,2,3,0,Medium,65.17,0.36819209039548023,1041.52,5.884293785310734,1628,0.0847457627118644,6371,0.91,58.4,Residential
T00432,R0075,25.86,178.53,344.97,2024-06-26,0,2.4604460079184434,3.9580685821416663,0,2,6,0,1,0,0,0,0,0,0,0,0,1,0,0,0,5.846352066096299,3.2906381910950917,13.361511890501015,2.502907927450433,3.9580685821416663,3.2427405879066105,0.9079073227760656,1.0,0.8877937076861808,0,13.339907192575408,0,Zone_6,Diya Reddy,18,Female,Mumbai,2021-04-30,108,7,4.83,0,4,4,0,Low,47.15,0.43657407407407406,704.8100000000001,6.526018518518519,1948,0.06481481481481481,14627,0.54,37.6,Mixed
T00433,R0132,6.02,37.05,97.71,2023-03-20,0,-0.4314633155778283,-0.5005672718723772,0,0,3,0,0,0,1,0,0,0,0,0,0,1,0,0,0,4.5921862584297966,1.9487632180377197,6.08687111741328,-0.433669937925875,-0.5005672718723772,-0.6903614288521073,0.2509299606759485,0.23219814241486067,0.18349263241736358,0,16.230897009966778,0,Zone_6,Aadhya Iyer,23,Male,Surat,2022-12-09,484,25,3.32,0,4,12,1,High,69.39999999999999,0.1433884297520661,1091.99,2.2561776859504135,1360,0.05165289256198347,14627,0.54,37.6,Mixed
T00434,R0113,7.8100000000000005,68.77,146.59,2023-05-07,0,0.14022853806812244,-0.09830123464026312,0,6,5,0,1,0,0,0,0,0,0,0,0,1,0,0,0,4.994438159193685,2.175887439948088,8.292767933567175,0.1468522899297989,-0.09830123464026312,0.19144515845059643,0.38080561164842175,0.30147058823529416,0.34139784946236557,0,18.769526248399487,0,Zone_6,Aadhya Singh,26,Other,Chennai,2019-03-09,423,26,4.61,0,5,3,2,High,55.02,0.1300709219858156,1096.29,2.591702127659574,2731,0.061465721040189124,14627,0.54,37.6,Mixed
T00435,R0118,4.12,33.38,98.53,2024-08-03,0,-0.42187274029162364,-0.927553568375738,0,5,8,1,0,0,0,0,0,0,1,0,0,0,0,0,0,4.600459106257972,1.6331544390514163,5.7775427302617155,-0.42393122624744506,-0.927553568375738,-0.7923863398042169,0.2531087256881709,0.1586687306501548,0.16522301871764236,0,23.91504854368932,0,Zone_3,Reyansh Gupta,29,Male,Surat,2023-09-26,165,24,4.13,0,1,9,1,Medium,38.22,0.23163636363636364,532.69,3.228424242424243,1069,0.14545454545454545,12971,2.11,38.0,Business
T00436,R0155,13.53,122.37,318.68,2023-07-05,0,2.1529628075839087,1.1871522474645917,0,2,7,0,1,0,0,1,0,0,0,0,0,0,0,0,0,5.767320495460189,2.6762154775821916,11.062097450302995,2.190675329857845,1.1871522474645917,1.6815092530100204,0.8380539908598151,0.5228328173374613,0.6082238152130626,0,23.55358462675536,0,Zone_1,Meera Reddy,23,Male,Hyderabad,2019-02-10,353,8,3.14,0,6,2,1,High,60.91,0.17254957507082153,931.71,2.639405099150142,2758,0.0226628895184136,4921,2.43,30.9,Residential
T00437,R0167,5.24,44.91,76.91,2024-02-03,0,-0.6747364447888711,-0.6758563830684936,0,5,2,1,0,0,0,1,0,0,0,0,0,0,0,0,0,4.355554314342767,1.8309801823813363,6.701492371106602,-0.6807006731836085,-0.6758563830684936,-0.47185576125440076,0.19566372621957698,0.2020123839009288,0.22262046993229787,0,14.677480916030532,0,Zone_1,Kavya Nair,44,Male,Hyderabad,2022-08-25,117,5,4.75,0,3,8,1,Low,64.31,0.5496581196581197,1075.55,9.192735042735043,1466,0.042735042735042736,4921,2.43,30.9,Residential
T00438,R0147,7.7,47.39,74.01,2023-11-17,0,-0.7086543329961797,-0.1230214939115104,0,4,11,0,0,0,1,0,0,0,0,1,0,0,0,0,0,4.317621437981545,2.163323025660538,6.884039511798287,-0.7151424583878117,-0.1230214939115104,-0.40291249717777056,0.1879583377617175,0.2972136222910217,0.23496614894464357,0,9.611688311688312,0,Zone_4,Saanvi Nair,35,Other,Mumbai,2022-08-29,239,21,3.91,0,0,8,2,Medium,63.55,0.26589958158995813,1021.8,4.27531380753138,1462,0.08786610878661087,4038,2.46,48.2,Business
T00439,R0177,5.36,48.65,47.27,2023-01-29,0,-1.021400653914607,-0.6488888274998602,0,6,1,0,0,0,1,0,0,0,0,1,0,0,0,0,0,3.8768102496724017,1.8500283773520307,6.974955196988724,-1.0327194709258787,-0.6488888274998602,-0.3678848710743215,0.11690934211924754,0.20665634674922603,0.2412385503783353,0,8.819029850746269,0,Zone_4,Ishaan Reddy,34,Other,Bengaluru,2023-02-15,489,63,4.48,0,2,2,2,High,115.74,0.23668711656441715,1866.76,3.8175051124744375,1292,0.12883435582822086,4038,2.46,48.2,Business
T00440,R0125,7.31,37.33,145.67,2023-09-22,0,0.1294683804299415,-0.21066604950956885,0,4,9,0,1,0,0,0,0,1,0,0,0,0,0,0,0,4.988185165258664,2.1174596088673567,6.109828148156051,0.13592593048570667,-0.21066604950956885,-0.6825775119402296,0.3783611435859283,0.2821207430340557,0.1848864994026284,0,19.92749658002736,0,Zone_2,Saanvi Ghosh,44,Male,Ahmedabad,2023-04-22,99,19,3.89,0,5,4,1,Low,55.769999999999996,0.5633333333333332,1116.76,11.28040404040404,1226,0.1919191919191919,6371,0.91,58.4,Residential
T00441,R0259,6.58,37.19,116.31,2023-05-17,0,-0.21392099811026105,-0.3747186792187548,0,2,5,0,1,0,0,0,0,0,0,0,0,1,0,0,0,4.764820003517629,2.0255131996542803,6.09836043539573,-0.21276745351270934,-0.3747186792187548,-0.6864694703961685,0.30035072802635776,0.25386996904024767,0.184189565909996,0,17.67629179331307,0,Zone_6,Aadhya Das,32,Male,Jaipur,2019-06-25,150,27,3.52,0,1,6,1,Low,79.74000000000001,0.5316000000000001,1283.08,8.553866666666666,2623,0.18,14627,0.54,37.6,Mixed
T00442,R0229,7.78,70.99,182.86,2023-01-12,0,0.5644360571298784,-0.10504312353242151,0,3,1,1,0,0,0,0,0,1,0,0,0,0,0,0,0,5.2141745984356085,2.1724764076470255,8.425556361451747,0.5776121345354719,-0.10504312353242151,0.253160499680483,0.47717610798171967,0.30030959752321984,0.35244922341696533,0,23.503856041131108,0,Zone_2,Reyansh Ghosh,22,Female,Mumbai,2020-11-23,146,16,4.43,0,0,11,0,Low,38.68,0.26493150684931505,688.5,4.715753424657534,2106,0.1095890410958904,6371,0.91,58.4,Residential
T00443,R0015,7.74,59.73,140.85,2024-08-02,0,0.07309451106469032,-0.11403230872196596,0,4,8,0,1,0,0,0,1,0,0,0,0,0,0,0,0,4.95477016125486,2.167910189667444,7.728518616138541,0.07868130818078964,-0.11403230872196596,-0.05986415899002277,0.36555425656286533,0.29876160990712075,0.2963958582238152,0,18.19767441860465,0,Zone_10,Saanvi Patel,28,Other,Chennai,2022-12-19,46,1,3.87,0,0,12,2,Low,30.0,0.6521739130434783,597.85,12.996739130434783,1350,0.021739130434782608,2440,1.54,35.4,Industrial
T00444,R0188,7.23,46.75,174.1,2024-06-10,0,0.46198064309676595,-0.22864441988865755,0,0,6,0,0,0,1,0,0,0,0,0,0,1,0,0,0,5.165357239291806,2.1077860146889784,6.837397165588672,0.47357419026346464,-0.22864441988865755,-0.4207043072620622,0.4539005207779785,0.2790247678018576,0.23178016726403822,0,24.08022130013831,0,Zone_6,Vivaan Gupta,24,Male,Delhi,2020-07-16,436,64,3.15,0,3,7,1,High,24.450000000000003,0.05607798165137615,466.44,1.069816513761468,2236,0.14678899082568808,14627,0.54,37.6,Mixed
T00445,R0133,7.16,40.94,90.92,2024-04-07,0,-0.5108779572770099,-0.24437549397036037,0,6,4,0,1,0,0,0,0,0,1,0,0,0,0,0,0,4.5209186335405,2.0992441689760155,6.398437309218556,-0.5143112212143369,-0.24437549397036037,-0.5822205831835222,0.2328887235625465,0.27631578947368424,0.2028574273197929,0,12.69832402234637,0,Zone_3,Diya Kumar,25,Female,Delhi,2019-07-13,155,11,4.4,0,5,7,0,Low,64.89,0.4186451612903226,817.27,5.272709677419355,2605,0.07096774193548387,12971,2.11,38.0,Business
T00446,R0107,14.54,124.1,302.41,2024-08-13,0,1.9626717589173865,1.414129173500589,0,1,8,0,0,1,0,0,0,0,0,1,0,0,0,0,0,5.715085026160327,2.7434173449395014,11.140017953306897,1.9974450383846087,1.414129173500589,1.729602739644121,0.7948241045807206,0.5619195046439629,0.6168359219434488,0,20.79848693259973,0,Zone_4,Reyansh Gupta,33,Male,Hyderabad,2020-01-11,179,14,3.66,0,5,1,1,Medium,32.57,0.18195530726256984,627.9300000000001,3.5079888268156427,2423,0.0782122905027933,4038,2.46,48.2,Business
T00447,R0081,12.41,72.07,107.14,2023-08-19,0,-0.32117169978647564,0.9354550621573476,0,5,8,0,1,0,0,0,0,0,0,1,0,0,0,0,0,4.683426683953859,2.596000697293587,8.48940516172953,-0.32167475362393133,0.9354550621573476,0.28318417919772504,0.27598575831650546,0.47948916408668735,0.35782556750298683,0,8.633360193392425,0,Zone_4,Diya Reddy,42,Other,Mumbai,2022-01-31,114,2,3.9,0,0,1,2,Low,52.92,0.46421052631578946,812.0699999999999,7.123421052631579,1672,0.017543859649122806,4038,2.46,48.2,Business
T00448,R0073,12.44,80.29,212.53,2023-01-08,0,0.9114511409612072,0.9421969510495057,0,6,1,0,0,0,1,0,0,0,0,0,0,0,0,1,0,5.363777338019823,2.5982353350950036,8.960468737739115,0.9299872266074407,0.9421969510495057,0.511697739967846,0.5560102029971304,0.4806501547987616,0.3987455197132617,0,17.084405144694536,0,Zone_8,Meera Das,41,Other,Ahmedabad,2021-06-19,490,30,3.01,0,5,6,2,High,78.61,0.16042857142857142,1275.7,2.6034693877551023,1898,0.061224489795918366,4516,1.93,31.0,Business
T00449,R0151,4.34,40.27,49.93,2024-01-06,0,-0.9902897633520409,-0.8781130498332436,0,5,1,0,0,1,0,0,0,0,0,0,0,0,1,0,0,3.9304521408965134,1.6752256529721035,6.345864795282043,-1.0011280403592646,-0.8781130498332436,-0.6008463843655149,0.12397704325645657,0.16718266253869968,0.1995221027479092,0,11.504608294930875,0,Zone_7,Meera Reddy,34,Male,Hyderabad,2023-02-25,394,56,5.0,0,5,2,1,High,62.91,0.15967005076142132,1114.0,2.8274111675126905,1282,0.14213197969543148,11070,0.64,45.2,Industrial
T00450,R0296,14.28,140.86,313.9,2024-03-26,0,2.0970567711594477,1.35569946976855,0,1,3,1,0,0,0,0,0,0,1,0,0,0,0,0,0,5.752255128106979,2.7265447837383743,11.868445559549912,2.133905766659193,1.35569946976855,2.1955257662265084,0.8253533850568604,0.5518575851393189,0.7002688172043011,0,21.981792717086833,0,Zone_3,Reyansh Patel,37,Other,Hyderabad,2021-02-20,390,58,3.97,0,5,2,2,High,79.46000000000001,0.20374358974358978,1306.46,3.349897435897436,2017,0.14871794871794872,12971,2.11,38.0,Business
T00451,R0064,13.66,132.11,299.48,2024-06-13,0,1.9284029960044848,1.2163670993306115,0,3,6,1,0,0,0,0,0,1,0,0,0,0,0,0,0,5.705381196019898,2.6851226964585053,11.49391143171027,1.9626469588507067,1.2163670993306115,1.952278362730334,0.7870390052077798,0.5278637770897833,0.6567104739147751,0,21.923865300146414,0,Zone_2,Ishaan Nair,21,Female,Bengaluru,2023-09-30,214,2,4.21,0,5,9,0,Medium,56.56,0.26429906542056075,1092.19,5.103691588785047,1065,0.009345794392523364,6371,0.91,58.4,Residential
T00452,R0087,5.23,26.79,48.52,2023-08-28,0,-1.0067808745149047,-0.6781036793658797,0,0,8,0,1,0,0,0,0,0,1,0,0,0,0,0,0,3.9023766283763406,1.8293763327993617,5.175905717843014,-1.0178738738551014,-0.6781036793658797,-0.9755863842659074,0.12023063024763526,0.20162538699690405,0.1324173636001593,0,9.277246653919693,0,Zone_3,Saanvi Das,26,Female,Jaipur,2021-05-11,362,33,3.57,0,1,5,0,High,26.57,0.07339779005524862,373.55,1.0319060773480664,1937,0.09116022099447514,12971,2.11,38.0,Business
T00453,R0230,15.62,115.51,156.82,2023-01-08,0,0.25987681267528423,1.6568371736182887,0,6,1,0,1,0,0,0,0,0,0,1,0,0,0,0,0,5.061455143092889,2.810606789427302,10.747557862137798,0.26834865635703986,1.6568371736182887,1.4908032886690195,0.40798703369114675,0.6037151702786377,0.5740740740740741,0,10.039692701664533,0,Zone_4,Kavya Gupta,32,Male,Chennai,2022-11-22,183,23,3.65,0,1,11,1,Medium,58.66,0.32054644808743166,908.22,4.962950819672131,1377,0.12568306010928962,4038,2.46,48.2,Business
T00454,R0168,4.58,44.62,41.31,2023-06-18,0,-1.0911077620923866,-0.8241779386959769,0,6,6,0,1,0,0,0,0,0,0,0,0,0,0,0,1,3.7450234647319762,1.7191887763932197,6.679820356865894,-1.1035032777593448,-0.8241779386959769,-0.4799176751988454,0.10107344032309491,0.17647058823529413,0.22117682198327357,0,9.019650655021834,0,Zone_9,Diya Das,23,Male,Pune,2019-10-08,471,74,4.03,0,1,10,1,High,35.019999999999996,0.0743524416135881,569.31,1.2087261146496815,2518,0.15711252653927812,11037,1.83,56.1,Mixed
T00455,R0262,1.21,8.06,26.79,2023-11-04,0,-1.2609311195993262,-1.5815167909150962,0,5,11,0,1,0,0,0,0,0,0,0,0,0,0,1,0,3.3246762437544124,0.7929925155296614,2.839013913315678,-1.2759497333334935,-1.5815167909150962,-1.4962748262640044,0.06249335742374322,0.046052631578947366,0.039177618478693756,0,22.140495867768596,0,Zone_8,Meera Singh,30,Male,Ahmedabad,2019-04-21,6,0,3.35,0,6,4,1,Low,59.620000000000005,9.936666666666667,967.3599999999999,161.22666666666666,2688,0.0,4516,1.93,31.0,Business
T00456,R0134,13.51,129.59,215.2,2024-04-11,0,0.9426789897589707,1.1826576548698196,0,3,4,0,0,0,1,0,0,0,0,0,1,0,0,0,0,5.376203905205108,2.6748380668960965,11.383760362902937,0.9616974219506208,1.1826576548698196,1.8822231105234355,0.5631044744393665,0.5220588235294118,0.6441656710473915,0,15.928941524796446,0,Zone_5,Aadhya Singh,34,Male,Jaipur,2022-07-30,410,29,4.59,0,5,7,1,High,55.82,0.13614634146341464,1084.4,2.644878048780488,1492,0.07073170731707316,2590,1.31,43.9,Business
T00457,R0035,7.4,67.21,125.26,2024-06-06,0,-0.10924337760839405,-0.1904403828330937,0,3,6,0,0,1,0,0,0,0,0,1,0,0,0,0,0,4.83834327293948,2.128231705849268,8.19817052762383,-0.10647297848594416,-0.1904403828330937,0.14807762137013553,0.3241311510256138,0.28560371517027866,0.3336320191158901,0,16.927027027027027,0,Zone_4,Reyansh Das,39,Male,Kolkata,2022-03-20,392,41,3.49,0,6,3,1,High,28.979999999999997,0.07392857142857143,419.90999999999997,1.0711989795918366,1624,0.10459183673469388,4038,2.46,48.2,Business
T00458,R0049,12.88,109.54,291.71,2024-08-12,0,1.8375264472559363,1.041077988134495,0,0,8,0,0,1,0,0,0,0,0,0,0,0,0,1,0,5.679182357787968,2.6304489550786583,10.466135867644754,1.870366727458755,1.041077988134495,1.3248390602264868,0.7663938782017217,0.4976780185758515,0.5443548387096775,0,22.648291925465834,0,Zone_8,Meera Iyer,39,Male,Mumbai,2020-05-19,375,55,4.4,0,1,5,1,High,58.370000000000005,0.15565333333333334,980.4,2.6144,2294,0.14666666666666667,4516,1.93,31.0,Business
T00459,R0044,4.23,33.09,33.99,2024-06-11,0,-1.176721190257042,-0.9028333091044907,0,1,6,0,1,0,0,0,0,0,0,1,0,0,0,0,0,3.5550623063795967,1.6544112780768316,5.7523908073078625,-1.1904390942058163,-0.9028333091044907,-0.8004482537486616,0.08162397704325647,0.16292569659442727,0.1637793707686181,0,8.035460992907801,0,Zone_4,Arjun Gupta,36,Female,Hyderabad,2020-08-01,271,5,3.21,0,5,8,0,Medium,102.26,0.37734317343173435,1660.52,6.127380073800738,2220,0.01845018450184502,4038,2.46,48.2,Business
T00460,R0033,1.69,14.68,38.42,2023-12-28,0,-1.1249086920644977,-1.4736465686405629,0,3,12,0,0,1,0,1,0,0,0,0,0,0,0,0,0,3.674273301724574,0.9895411936137477,3.8314488121336034,-1.1378262981869818,-1.4736465686405629,-1.312240790704613,0.09339462217026252,0.06462848297213623,0.0721326164874552,0,22.73372781065089,0,Zone_1,Diya Iyer,18,Female,Chennai,2019-05-22,472,37,3.24,0,2,5,0,High,32.06,0.06792372881355933,606.49,1.2849364406779662,2657,0.07838983050847458,4921,2.43,30.9,Residential
T00461,R0045,14.16,107.93,251.3,2023-10-14,0,1.3648982188223673,1.328731914199917,0,5,10,0,0,0,1,1,0,0,0,0,0,0,0,0,0,5.530618855647012,2.7186603802142257,10.388936422945324,1.390438265354668,1.328731914199917,1.2800815379831907,0.6590232755872037,0.5472136222910217,0.5363401035444046,0,17.747175141242938,0,Zone_1,Saanvi Iyer,34,Other,Ahmedabad,2023-07-12,100,16,4.88,0,2,7,2,Low,87.53,0.8753,1529.85,15.298499999999999,1145,0.16,4921,2.43,30.9,Residential
T00462,R0170,0.96,8.71,12.92,2023-10-24,0,-1.4231521918184205,-1.6376991983497489,0,1,10,0,1,0,0,0,0,0,0,0,0,0,0,0,1,2.6333266549062735,0.6729444732424258,2.951270912674741,-1.4406764784308377,-1.6376991983497489,-1.4782050191471456,0.02564034435115315,0.03637770897832817,0.04241338112305855,0,13.458333333333334,0,Zone_9,Saanvi Kumar,29,Other,Bengaluru,2020-05-20,28,3,3.68,0,2,5,2,Low,53.51,1.9110714285714285,943.71,33.70392857142857,2293,0.10714285714285714,11037,1.83,56.1,Mixed
T00463,R0039,0.19,0.98,3.37,2024-02-12,0,-1.5348473064321444,-1.8107410132484796,0,0,2,0,1,0,0,0,0,0,0,0,0,0,0,1,0,1.4747630091074988,0.17395330712343804,0.9899494936611666,-1.554096840051576,-1.8107410132484796,-1.6930967253214806,0.00026570305027101733,0.006578947368421053,0.0039326961369972125,0,17.736842105263158,0,Zone_8,Aadhya Iyer,24,Male,Chennai,2023-11-18,190,14,4.2,0,5,11,1,Medium,33.86,0.17821052631578946,508.06,2.674,1016,0.07368421052631578,4516,1.93,31.0,Business
T00464,R0242,1.63,12.85,13.09,2024-03-12,0,-1.421163901820061,-1.4871303464248795,0,1,3,0,0,0,1,0,0,0,0,0,0,1,0,0,0,2.645465325910589,0.9669838461896731,3.5846896657869842,-1.438657477229212,-1.4871303464248795,-1.3631142476643843,0.026092039536613883,0.06230650154798762,0.06302270011947432,0,8.030674846625768,0,Zone_6,Kavya Iyer,34,Male,Ahmedabad,2022-06-05,445,8,4.54,0,6,6,1,High,26.27,0.05903370786516854,328.19,0.7375056179775281,1547,0.017977528089887642,14627,0.54,37.6,Mixed
T00465,R0294,5.97,39.2,130.88,2023-10-12,0,-0.04351284942733355,-0.5118037533593076,0,3,10,1,0,0,0,0,0,0,0,0,1,0,0,0,0,4.88189241820353,1.9416152247724325,6.260990336999411,-0.03972717405572974,-0.5118037533593076,-0.6305920668501899,0.3390636624508449,0.23026315789473684,0.19419553962564715,0,21.922948073701843,0,Zone_5,Arjun Reddy,24,Male,Surat,2021-04-02,41,7,3.2,0,4,4,1,Low,56.68,1.3824390243902438,835.4,20.37560975609756,1976,0.17073170731707318,2590,1.31,43.9,Business
T00466,R0245,2.8,24.45,37.18,2024-05-11,0,-1.1394115132290021,-1.2241966796307047,0,5,5,0,0,1,0,0,0,0,0,0,0,0,0,1,0,3.6423118182976015,1.33500106673234,4.944694126030447,-1.1525531304811927,-1.2241966796307047,-1.0406376898865988,0.0900999043469019,0.10758513931888546,0.12076861808044603,0,13.278571428571428,0,Zone_8,Diya Sharma,35,Female,Hyderabad,2020-03-04,265,48,4.73,0,2,3,0,Medium,39.72,0.14988679245283018,751.33,2.8352075471698113,2370,0.1811320754716981,4516,1.93,31.0,Business
T00467,R0251,2.85,18.25,47.1,2023-09-06,0,-1.0233889439129666,-1.212960198143774,0,2,9,0,0,1,0,0,0,0,0,0,0,0,0,1,0,3.8732821771117156,1.3480731482996928,4.272001872658765,-1.0347384721275046,-1.212960198143774,-1.2129958500781737,0.11645764693378681,0.1095201238390093,0.08990442054958184,0,16.526315789473685,0,Zone_8,Vivaan Iyer,46,Female,Mumbai,2020-01-13,213,26,4.48,0,0,1,0,Medium,38.41,0.18032863849765257,762.5799999999999,3.5801877934272297,2421,0.12206572769953052,4516,1.93,31.0,Business
T00468,R0112,7.82,40.71,120.44,2023-11-30,0,-0.16561724697364538,-0.09605393834287707,0,3,11,0,1,0,0,0,0,0,0,0,1,0,0,0,0,4.79942031364732,2.1770218700187,6.380438856379708,-0.16371760079086134,-0.09605393834287707,-0.5886145149325644,0.31132426400255075,0.30185758513931893,0.20171246515332536,0,15.401534526854219,0,Zone_5,Meera Nair,41,Female,Delhi,2020-11-13,311,11,3.24,0,4,11,0,Medium,89.53,0.28787781350482317,1150.27,3.6986173633440513,2116,0.03536977491961415,2590,1.31,43.9,Business
T00469,R0261,3.18,23.36,70.05,2023-10-18,0,-0.7549697941344361,-1.1387994203300325,0,2,10,1,0,0,0,1,0,0,0,0,0,0,0,0,0,4.263383854543109,1.430311246536665,4.833218389437829,-0.7621733099080341,-1.1387994203300325,-1.0709393664364077,0.1774364969709852,0.12229102167182665,0.11534249303066507,0,22.028301886792452,0,Zone_1,Aarav Kumar,31,Male,Pune,2022-08-26,477,83,4.24,0,4,8,1,High,49.17,0.10308176100628931,649.73,1.3621174004192873,1465,0.1740041928721174,4921,2.43,30.9,Residential
T00470,R0181,2.5300000000000002,19.07,56.62,2024-06-26,0,-0.9120447040048353,-1.2848736796601294,0,2,6,0,0,0,1,0,0,0,0,0,1,0,0,0,0,4.053869729656382,1.2612978709452054,4.36692111217961,-0.9216744048364648,-1.2848736796601294,-1.190200093407675,0.14175257731958762,0.09713622291021674,0.09398645957785744,0,22.379446640316203,0,Zone_5,Arjun Patel,32,Male,Hyderabad,2019-01-09,349,32,3.75,0,2,1,1,High,29.669999999999998,0.08501432664756446,463.99,1.329484240687679,2790,0.09169054441260745,2590,1.31,43.9,Business
T00471,R0273,19.66,158.79,212.08,2024-08-15,0,0.9061880203773145,2.5647448777622777,0,3,8,0,1,0,0,0,0,0,0,0,1,0,0,0,0,5.3616676820487985,3.0281994636914926,12.601190419956362,0.924642811661961,2.5647448777622777,2.6939744456192405,0.5548145392709108,0.760061919504644,0.7895260852250099,0,10.78738555442523,0,Zone_5,Aadhya Nair,43,Male,Delhi,2022-09-17,289,48,3.76,0,5,9,1,Medium,74.85,0.2589965397923875,957.47,3.313044982698962,1443,0.16608996539792387,2590,1.31,43.9,Business
T00472,R0120,9.73,83.96,146.57,2023-03-30,0,0.13999462159772708,0.33317965445787007,0,3,3,0,1,0,0,0,0,0,0,0,1,0,0,0,0,4.994302639475358,2.373043556642607,9.162968951164245,0.14661476037666635,0.33317965445787007,0.6137226509199554,0.3807524710383675,0.37577399380804954,0.41701513341298285,0,15.06372045220966,0,Zone_5,Ishaan Gupta,18,Other,Surat,2020-07-12,311,15,4.55,0,6,7,2,Medium,68.2,0.21929260450160773,1013.95,3.260289389067524,2240,0.04823151125401929,2590,1.31,43.9,Business
T00473,R0172,8.26,50.02,199.22,2024-02-18,0,0.7557797299131792,0.002827098742111685,0,6,2,0,0,1,0,0,0,0,0,0,0,1,0,0,0,5.2994167619913375,2.225704048658088,7.07248188403477,0.7719113089978045,0.002827098742111685,-0.3297992776126346,0.520645127006058,0.3188854489164087,0.24805854241338113,0,24.11864406779661,0,Zone_6,Reyansh Reddy,31,Other,Pune,2019-12-24,168,14,3.72,0,1,12,2,Medium,84.85,0.5050595238095238,1488.61,8.86077380952381,2441,0.08333333333333333,14627,0.54,37.6,Mixed
T00474,R0217,0.1,0.67,3.27,2023-08-17,1,-1.5474787958334872,-1.8309666799249544,0,3,8,0,0,0,1,0,0,0,0,1,0,0,0,0,0,1.451613827240533,0.09531017980432487,0.8185352771872451,-1.555284487817238,-1.8309666799249544,-1.7017146333310593,0.0,0.0030959752321981426,0.0023894862604540027,0,32.699999999999996,1,Zone_4,Kavya Iyer,39,Other,Jaipur,2023-03-03,104,5,3.52,0,4,3,2,Low,42.44,0.40807692307692306,755.83,7.267596153846155,1276,0.04807692307692308,4038,2.46,48.2,Business
T00475,R0010,6.77,51.15,72.84,2023-01-12,0,-0.722338446514301,-0.3320200495684188,0,3,1,0,0,1,0,0,0,0,0,1,0,0,0,0,0,4.301900590194597,2.050270164379556,7.151922818375489,-0.7290379372460591,-0.3320200495684188,-0.29838561293255733,0.1848496120735466,0.2612229102167183,0.2536837913181999,0,10.75923190546529,0,Zone_4,Vivaan Gupta,25,Female,Surat,2023-05-14,173,1,3.38,0,6,5,0,Medium,85.25,0.49277456647398843,1204.51,6.962485549132948,1204,0.005780346820809248,4038,2.46,48.2,Business
T00476,R0070,8.24,56.92,150.77,2023-06-09,0,0.1891170803807263,-0.00166749385266044,0,4,6,0,1,0,0,0,1,0,0,0,0,0,0,0,0,5.022366216971954,2.2235418856535927,7.544534445544006,0.19649596653447812,-0.00166749385266044,-0.13798132514136555,0.3919119991497503,0.31811145510835914,0.28240740740740744,0,18.29733009708738,0,Zone_10,Meera Reddy,33,Male,Bengaluru,2023-01-03,310,6,3.54,0,1,1,1,Medium,89.81,0.2897096774193548,1654.69,5.337709677419355,1335,0.01935483870967742,2440,1.54,35.4,Industrial
T00477,R0143,0.03,0.22,3.27,2024-07-26,1,-1.5672447375818843,-1.8466977540066574,0,4,7,0,1,0,0,0,0,0,0,1,0,0,0,0,0,1.451613827240533,0.0295588022415444,0.469041575982343,-1.555284487817238,-1.8466977540066574,-1.714224499796577,0.0,0.0003869969040247677,0.00014934289127837522,0,109.0,1,Zone_4,Meera Kumar,42,Other,Kolkata,2023-03-28,74,13,4.56,0,1,3,2,Low,49.11,0.6636486486486486,863.3199999999999,11.666486486486486,1251,0.17567567567567569,4038,2.46,48.2,Business
T00478,R0237,8.63,63.21,201.88,2023-08-21,0,0.7868906204757452,0.085977061745398,0,0,8,0,0,1,0,0,0,0,0,0,0,0,0,1,0,5.312614671248861,2.2648832258100344,7.950471684120383,0.8035027395644184,0.085977061745398,0.03687880834331306,0.527712828143267,0.33320433436532515,0.31371963361210675,0,23.392815758980298,0,Zone_8,Aadhya Nair,40,Male,Chennai,2022-12-13,36,3,3.71,0,1,12,1,Low,97.37,2.7047222222222222,1759.7,48.88055555555556,1356,0.08333333333333333,4516,1.93,31.0,Business
T00479,R0062,13.96,88.15,160.7,2024-03-02,0,0.30525660793195947,1.283785988252195,0,5,3,0,0,1,0,0,1,0,0,0,0,0,0,0,0,5.085742766583061,2.7053799725463312,9.388823142439099,0.3144293896647324,1.283785988252195,0.7302034075655525,0.4182963120416622,0.5394736842105263,0.437873357228196,0,11.511461318051575,0,Zone_10,Kavya Sharma,38,Male,Jaipur,2019-05-13,57,3,3.58,0,0,5,1,Low,66.05,1.1587719298245613,889.51,15.605438596491227,2666,0.05263157894736842,2440,1.54,35.4,Industrial
T00480,R0022,6.26,40.23,59.35,2023-05-26,0,-0.880115105795886,-0.4466321607351104,0,4,5,0,0,1,0,0,0,0,0,0,0,0,0,0,1,4.10016094754354,1.9823798288367047,6.342712353559792,-0.8892516208338874,-0.4466321607351104,-0.6019583724957832,0.1490062705919864,0.24148606811145512,0.19932297889287134,0,9.480830670926519,0,Zone_9,Aarav Nair,43,Female,Kolkata,2020-09-14,220,1,3.32,0,0,9,0,Medium,52.25,0.2375,827.22,3.760090909090909,2176,0.004545454545454545,11037,1.83,56.1,Mixed
T00481,R0259,7.01,54.23,151.29,2023-11-19,0,0.19519890861100217,-0.2780849384311521,0,6,11,0,1,0,0,0,0,0,0,0,0,1,0,0,0,5.0257865978636,2.080690761080268,7.3641021177058645,0.20267173491592125,-0.2780849384311521,-0.21276252690190392,0.3932936550111595,0.2705108359133127,0.2690163281561131,0,21.582025677603422,0,Zone_6,Aadhya Das,32,Male,Jaipur,2019-06-25,150,27,3.52,0,1,6,1,Low,79.74000000000001,0.5316000000000001,1283.08,8.553866666666666,2623,0.18,14627,0.54,37.6,Mixed
T00482,R0004,2.21,18.13,49.89,2023-01-12,0,-0.9907575962928314,-1.356787161176485,0,3,1,0,1,0,0,0,1,0,0,0,0,0,0,0,0,3.9296664406007413,1.1662709371419244,4.257933771208753,-1.0016030994655296,-1.356787161176485,-1.2163318144689783,0.12387076203634818,0.08475232198142416,0.08930704898446834,0,22.574660633484164,0,Zone_10,Aarav Nair,19,Other,Kolkata,2019-07-28,464,5,3.19,0,6,7,2,High,37.21,0.08019396551724138,683.03,1.4720474137931034,2590,0.010775862068965518,2440,1.54,35.4,Industrial
T00483,R0257,1.0,9.25,20.02,2023-04-14,0,-1.3401118448281126,-1.6287100131602044,0,4,4,0,0,0,1,0,0,0,0,0,0,1,0,0,0,3.045474365448805,0.6931471805599453,3.0413812651491097,-1.356353487068823,-1.6287100131602044,-1.4631931793885247,0.04450526092039537,0.037925696594427245,0.0451015531660693,0,20.02,0,Zone_6,Arjun Reddy,36,Other,Delhi,2023-03-11,459,19,4.82,0,5,3,2,High,56.11,0.12224400871459695,822.23,1.7913507625272331,1268,0.04139433551198257,14627,0.54,37.6,Mixed
T00484,R0002,13.29,118.88,145.19,2023-11-02,0,0.12385438514045602,1.1332171363273251,0,3,11,1,0,0,0,0,0,0,0,0,1,0,0,0,0,4.9849071455235245,2.659559991941776,10.903210536351208,0.13022522121052832,1.1332171363273251,1.5844882886441174,0.3770857689446275,0.5135448916408669,0.5908502588610115,0,10.924755455229496,0,Zone_5,Ishaan Nair,39,Female,Mumbai,2019-11-23,70,5,4.12,0,5,11,0,Low,75.69,1.0812857142857142,1175.6100000000001,16.794428571428572,2472,0.07142857142857142,2590,1.31,43.9,Business
T00485,R0196,4.69,45.53,99.57,2023-06-15,0,-0.4097090838310716,-0.7994576794247296,0,3,6,0,0,1,0,0,0,0,0,1,0,0,0,0,0,4.610854002456389,1.7387102481382397,6.747592163134936,-0.4115796894845585,-0.7994576794247296,-0.45461994523524313,0.25587203741098946,0.1807275541795666,0.2257068896853843,0,21.230277185501063,0,Zone_4,Vivaan Das,18,Male,Hyderabad,2019-06-24,51,9,4.93,0,0,6,1,Low,95.95,1.8813725490196078,1623.43,31.831960784313726,2624,0.17647058823529413,4038,2.46,48.2,Business
T00486,R0076,3.35,29.26,53.06,2024-05-06,0,-0.953681835735187,-1.1005953832744686,0,0,5,0,0,1,0,0,0,0,0,1,0,0,0,0,0,3.9900945408483017,1.4701758451005926,5.409251334519409,-0.9639546652940385,-1.1005953832744686,-0.9069211172218443,0.13229354872993943,0.1288699690402477,0.1447132616487455,0,15.838805970149254,0,Zone_4,Reyansh Reddy,40,Male,Bengaluru,2022-01-02,137,13,3.34,0,6,1,1,Low,56.769999999999996,0.4143795620437956,864.8100000000001,6.3124817518248175,1701,0.0948905109489051,4038,2.46,48.2,Business
T00487,R0242,4.54,23.31,73.76,2023-09-19,0,-0.7115782888761202,-0.8331671238855214,0,1,9,1,0,0,0,0,0,0,0,0,0,0,1,0,0,4.314282982587362,1.7119945007591924,4.828043081829324,-0.7181115778019671,-0.8331671238855214,-1.0723293515992431,0.18729408013603996,0.17492260061919504,0.11509358821186778,0,16.24669603524229,0,Zone_7,Kavya Iyer,34,Male,Ahmedabad,2022-06-05,445,8,4.54,0,6,6,1,High,26.27,0.05903370786516854,328.19,0.7375056179775281,1547,0.017977528089887642,11070,0.64,45.2,Industrial
T00488,R0086,7.71,51.69,103.17,2024-05-18,0,-0.36760411915992947,-0.12077419761412435,0,5,5,0,0,0,1,0,0,0,0,0,1,0,0,0,0,4.646024179996357,2.1644717908644115,7.189575787207476,-0.3688243699207199,-0.12077419761412435,-0.2833737731739363,0.2654373472207461,0.29760061919504643,0.25637196336121065,0,13.381322957198444,0,Zone_5,Vivaan Patel,23,Male,Hyderabad,2019-11-08,337,17,4.56,0,4,11,1,High,64.68,0.19192878338278935,1129.82,3.352581602373887,2487,0.050445103857566766,2590,1.31,43.9,Business
T00489,R0037,2.21,13.05,40.52,2024-03-25,0,-1.100347462672998,-1.356787161176485,0,0,3,0,0,1,0,0,0,0,0,0,0,0,0,1,0,3.7261752388576332,1.1662709371419244,3.6124783736376886,-1.112885695108076,-1.356787161176485,-1.3575543070130431,0.09897438622595389,0.08475232198142416,0.06401831939466349,0,18.33484162895928,0,Zone_8,Aadhya Iyer,32,Other,Ahmedabad,2020-11-21,489,6,3.36,0,5,11,2,High,78.09,0.15969325153374234,1314.66,2.6884662576687117,2108,0.012269938650306749,4516,1.93,31.0,Business
T00490,R0067,8.63,78.42,161.07,2024-04-29,0,0.30958406263427135,0.085977061745398,0,0,4,1,0,0,0,0,0,1,0,0,0,0,0,0,0,5.088028340670028,2.2648832258100344,8.855506761332183,0.3188236863976825,0.085977061745398,0.45971229487780624,0.419279413327665,0.33320433436532515,0.38943647949024296,0,18.663962920046348,0,Zone_2,Saanvi Iyer,32,Male,Pune,2022-07-24,348,9,3.38,0,6,7,1,High,113.07,0.32491379310344826,1846.81,5.3069252873563215,1498,0.02586206896551724,6371,0.91,58.4,Residential
T00491,R0163,1.2,6.8100000000000005,16.77,2024-07-06,0,-1.3781232712673381,-1.5837640872124823,0,5,7,0,0,1,0,0,0,0,1,0,0,0,0,0,0,2.87751164216656,0.7884573603642702,2.6095976701399777,-1.3949520394528439,-1.5837640872124823,-1.5310244553348864,0.035869911786587313,0.0456656346749226,0.032954998008761456,0,13.975,0,Zone_3,Kavya Gupta,33,Other,Ahmedabad,2020-02-20,302,21,3.56,0,3,2,2,Medium,18.79,0.06221854304635761,324.68,1.0750993377483444,2383,0.0695364238410596,12971,2.11,38.0,Business
T00492,R0045,11.87,66.9,296.53,2024-07-17,1,1.8939003166211874,0.8141010620984974,0,2,7,0,0,1,0,1,0,0,0,0,0,0,0,0,0,5.695515060237774,2.554899021608035,8.179242018671413,1.927611349763672,0.8141010620984974,0.1394597133605571,0.7792007652247847,0.4585913312693498,0.3320888092393469,0,24.98146588037068,1,Zone_1,Saanvi Iyer,34,Other,Ahmedabad,2023-07-12,100,16,4.88,0,2,7,2,Low,87.53,0.8753,1529.85,15.298499999999999,1145,0.16,4921,2.43,30.9,Residential
T00493,R0038,2.71,22.93,49.0,2023-03-30,0,-1.0011668792254194,-1.2444223463071795,0,3,3,0,1,0,0,0,0,0,0,1,0,0,0,0,0,3.912023005428146,1.3110318766193438,4.788527957525152,-1.012173164579923,-1.2444223463071795,-1.0828932388367911,0.12150600488893613,0.10410216718266255,0.11320191158900836,0,18.081180811808117,0,Zone_4,Aarav Singh,37,Other,Kolkata,2023-02-11,68,7,4.07,0,5,2,2,Low,29.73,0.43720588235294117,453.83,6.673970588235294,1296,0.10294117647058823,4038,2.46,48.2,Business
T00494,R0296,14.6,144.15,132.06,2023-07-11,0,-0.029711777674014696,1.4276129512849056,0,1,7,1,0,0,0,0,0,0,1,0,0,0,0,0,0,4.890800154313742,2.747270914255491,12.006248373242993,-0.025712930420915926,1.4276129512849056,2.28698678994107,0.3421989584440429,0.5642414860681114,0.7166467542811629,0,9.045205479452056,0,Zone_3,Reyansh Patel,37,Other,Hyderabad,2021-02-20,390,58,3.97,0,5,2,2,High,79.46000000000001,0.20374358974358978,1306.46,3.349897435897436,2017,0.14871794871794872,12971,2.11,38.0,Business
T00495,R0167,7.95,68.38,178.37,2024-02-10,0,0.5119218095261484,-0.06683908647685766,0,5,2,0,1,0,0,0,0,0,0,0,0,0,1,0,0,5.189450711560923,2.191653532286764,8.269220035771209,0.5242867498572399,-0.06683908647685766,0.1806032741804812,0.46524604102455097,0.3068885448916409,0.3394563918757467,0,22.436477987421384,0,Zone_7,Kavya Nair,44,Male,Hyderabad,2022-08-25,117,5,4.75,0,3,8,1,Low,64.31,0.5496581196581197,1075.55,9.192735042735043,1466,0.042735042735042736,11070,0.64,45.2,Industrial
T00496,R0295,3.77,21.04,33.34,2024-05-09,0,-1.184323475544887,-1.0062089387842519,0,3,5,0,0,0,1,0,1,0,0,0,0,0,0,0,0,3.5363108554693294,1.5623463049002497,4.586937976471886,-1.1981588046826204,-1.0062089387842519,-1.1354346779919648,0.07989690721649485,0.14512383900928794,0.10379330943847073,0,8.843501326259949,0,Zone_10,Kavya Gupta,18,Female,Delhi,2019-05-29,98,18,3.59,0,2,5,0,Low,44.769999999999996,0.45683673469387753,524.04,5.34734693877551,2650,0.1836734693877551,2440,1.54,35.4,Industrial
T00497,R0043,12.56,91.02,170.33,2023-12-11,0,0.41788738842726464,0.9691645066181394,0,0,12,0,1,0,0,0,0,1,0,0,0,0,0,0,0,5.143591521344882,2.6071242825122494,9.540440241414439,0.42879986949800064,0.9691645066181394,0.8099885559122975,0.4438835157827612,0.4852941176470589,0.4521604938271605,0,13.561305732484078,0,Zone_2,Diya Kumar,28,Male,Ahmedabad,2021-12-10,85,16,4.68,0,4,12,1,Low,67.16,0.7901176470588235,862.5,10.147058823529411,1724,0.18823529411764706,6371,0.91,58.4,Residential
T00498,R0113,1.13,5.93,27.77,2024-01-17,1,-1.2494692125499598,-1.599495161294185,0,2,1,0,1,0,0,0,0,0,0,0,0,0,0,1,0,3.3593331775634567,0.7561219797213337,2.435159132377184,-1.264310785230004,-1.599495161294185,-1.5554881942007874,0.0650972473163992,0.04295665634674922,0.02857427319792911,0,24.575221238938056,1,Zone_8,Aadhya Singh,26,Other,Chennai,2019-03-09,423,26,4.61,0,5,3,2,High,55.02,0.1300709219858156,1096.29,2.591702127659574,2731,0.061465721040189124,4516,1.93,31.0,Business
T00499,R0100,5.26,43.63,102.93,2023-04-02,0,-0.3704111168046722,-0.6713617904737215,0,6,4,1,0,0,0,0,0,0,0,0,1,0,0,0,0,4.6437175956003305,1.8341801851120072,6.605300901548695,-0.371674724558309,-0.6713617904737215,-0.5074393814229838,0.2647996599000957,0.20278637770897834,0.2162485065710872,0,19.568441064638787,0,Zone_5,Ishaan Gupta,28,Male,Delhi,2021-05-24,383,60,3.79,0,0,5,1,High,101.45,0.26488250652741513,1657.49,4.327650130548303,1924,0.1566579634464752,2590,1.31,43.9,Business
T00500,R0033,8.0,50.09,151.72,2024-01-22,0,0.20022811272449975,-0.05560260498992714,0,0,1,1,0,0,0,0,0,0,0,0,0,0,0,0,1,5.028606179417492,2.1972245773362196,7.077428911688199,0.2077786203082687,-0.05560260498992714,-0.3278532983846652,0.3944361781273249,0.3088235294117647,0.24840700915969732,0,18.965,0,Zone_9,Diya Iyer,18,Female,Chennai,2019-05-22,472,37,3.24,0,2,5,0,High,32.06,0.06792372881355933,606.49,1.2849364406779662,2657,0.07838983050847458,11037,1.83,56.1,Mixed
T00501,R0048,7.39,40.87,166.35,2024-05-28,0,0.371338010818613,-0.19268767913047993,0,1,5,0,0,0,1,0,1,0,0,0,0,0,0,0,0,5.120087427657335,2.127040520479115,6.392964883369843,0.3815314884246457,-0.19268767913047993,-0.5841665624114916,0.4333085343819747,0.2852167182662539,0.20250896057347667,0,22.510148849797023,0,Zone_10,Kavya Sharma,35,Male,Hyderabad,2019-05-31,207,1,3.02,0,4,5,1,Medium,29.13,0.14072463768115942,506.28000000000003,2.4457971014492754,2648,0.004830917874396135,2440,1.54,35.4,Industrial
T00502,R0256,2.04,11.32,41.24,2024-06-26,0,-1.0919264697387698,-1.3949911982320489,0,2,6,0,1,0,0,0,0,0,0,0,0,0,0,0,1,3.743367639398006,1.1118575154181303,3.3645207682521443,-1.1043346311953082,-1.3949911982320489,-1.4056477936471439,0.10088744818790521,0.07817337461300311,0.055406212664277185,0,20.215686274509803,0,Zone_9,Aadhya Sharma,31,Female,Delhi,2021-03-25,265,8,3.65,0,3,3,0,Medium,41.45,0.15641509433962264,753.8,2.8445283018867924,1984,0.03018867924528302,11037,1.83,56.1,Mixed
T00503,R0195,3.4,17.39,52.47,2024-07-22,0,-0.9605823716118463,-1.0893589017875378,0,0,7,0,0,1,0,0,0,0,0,0,1,0,0,0,0,3.97912074896064,1.4816045409242156,4.170131892398609,-0.9709617871114454,-1.0893589017875378,-1.2369035948789406,0.1307259007333404,0.1308049535603715,0.08562325766626842,0,15.43235294117647,0,Zone_5,Aadhya Reddy,33,Male,Kolkata,2021-05-27,72,10,4.97,0,3,5,1,Low,70.32000000000001,0.9766666666666668,1044.17,14.502361111111112,1921,0.1388888888888889,2590,1.31,43.9,Business
T00504,R0092,8.84,67.65,83.37,2023-02-27,0,-0.5991814248512105,0.1331702839905061,0,0,2,0,0,0,1,0,1,0,0,0,0,0,0,0,0,4.435211888177536,2.286455711064162,8.224962005991275,-0.6039786275218315,0.1331702839905061,0.16030949080308635,0.2128281432670847,0.3413312693498452,0.3358223815213063,0,9.430995475113123,0,Zone_10,Aarav Nair,21,Male,Surat,2019-07-18,252,23,4.51,0,3,7,1,Medium,57.190000000000005,0.22694444444444448,860.6700000000001,3.415357142857143,2600,0.09126984126984126,2440,1.54,35.4,Industrial
T00505,R0126,1.4,13.21,12.73,2024-04-19,0,-1.4253743982871752,-1.53881816126476,0,4,4,0,0,1,0,0,0,0,0,0,1,0,0,0,0,2.6195832197798796,0.8754687373538999,3.6345563690772495,-1.4429330091855959,-1.53881816126476,-1.3531063544919701,0.025135508555638224,0.053405572755417956,0.06481481481481483,0,9.092857142857143,0,Zone_5,Diya Reddy,29,Female,Surat,2022-09-25,411,20,3.65,0,6,9,0,High,35.7,0.08686131386861315,414.91999999999996,1.009537712895377,1435,0.04866180048661801,2590,1.31,43.9,Business
T00506,R0058,14.33,74.67,196.98,2023-07-07,0,0.729581085228913,1.3669359512554808,0,4,7,0,0,0,1,0,0,0,0,0,0,0,0,0,1,5.288166015491662,2.7298116928837226,8.641180474911978,0.7453079990469715,1.3669359512554808,0.35546340766516,0.5146933786799872,0.5537925696594428,0.37076861808044603,0,13.745987438939288,0,Zone_9,Vivaan Reddy,46,Male,Kolkata,2021-05-31,480,25,4.32,0,0,5,1,High,76.12,0.15858333333333335,1043.47,2.1738958333333334,1917,0.052083333333333336,11037,1.83,56.1,Mixed
T00507,R0146,10.48,81.92,95.74,2024-02-21,0,-0.4545040879117588,0.5017268767618284,0,2,2,0,1,0,0,0,0,0,1,0,0,0,0,0,0,4.572026967394837,2.4406063908914204,9.050966799187808,-0.45706659890942,0.5017268767618284,0.5570112562762761,0.24569561058560951,0.40479876160990713,0.4068598168060534,0,9.135496183206106,0,Zone_3,Kavya Gupta,30,Male,Surat,2020-04-15,80,11,3.89,0,2,4,1,Low,67.44,0.843,938.47,11.730875000000001,2328,0.1375,12971,2.11,38.0,Business
T00508,R0027,5.43,36.8,93.29,2024-02-22,0,-0.48315885553517474,-0.6331577534181576,0,3,2,0,0,1,0,0,0,0,0,1,0,0,0,0,0,4.546375139477586,1.860974538249528,6.06630035524124,-0.48616396916814325,-0.6331577534181576,-0.6973113546662837,0.2391858858539696,0.20936532507739938,0.18224810832337712,0,17.1804788213628,0,Zone_4,Ishaan Iyer,39,Male,Jaipur,2019-10-05,403,61,3.98,0,5,10,1,High,57.83,0.14349875930521092,827.28,2.052803970223325,2521,0.1513647642679901,4038,2.46,48.2,Business
T00509,R0040,6.9,44.89,136.69,2024-01-21,0,0.0244398852224818,-0.3028051977023992,0,6,1,0,1,0,0,0,0,0,1,0,0,0,0,0,0,4.925004781456281,2.066862759472976,6.7,0.02927516112924298,-0.3028051977023992,-0.4724117553195347,0.35450100967159104,0.26625386996904027,0.22252090800477897,0,19.810144927536232,0,Zone_3,Aarav Gupta,34,Other,Surat,2023-05-05,485,36,4.41,0,4,5,2,High,80.45,0.1658762886597938,1140.75,2.352061855670103,1213,0.07422680412371134,12971,2.11,38.0,Business
T00510,R0044,17.31,121.35,305.08,2024-04-04,0,1.9938996077151498,2.0366302478765412,0,3,4,0,0,1,0,0,0,0,0,0,0,1,0,0,0,5.7238465056919425,2.907447358686419,11.015897603009932,2.0291552337277885,2.0366302478765412,1.6531535556881802,0.8019183760229567,0.6691176470588235,0.6031461569095977,0,17.624494511842865,0,Zone_6,Arjun Gupta,36,Female,Hyderabad,2020-08-01,271,5,3.21,0,5,8,0,Medium,102.26,0.37734317343173435,1660.52,6.127380073800738,2220,0.01845018450184502,14627,0.54,37.6,Mixed
T00511,R0255,12.68,79.77,161.39,2023-01-04,0,0.313326726160595,0.9961320621867725,0,2,1,0,0,0,1,1,0,0,0,0,0,0,0,0,0,5.090000849476996,2.615934912194404,8.931405264570632,0.3226241592478014,0.9961320621867725,0.4972418942743587,0.4201296630885322,0.48993808049535603,0.3961569095977698,0,12.727917981072554,0,Zone_1,Reyansh Sharma,37,Female,Bengaluru,2021-07-06,475,42,3.12,0,1,7,0,High,72.02,0.15162105263157893,1262.22,2.6573052631578946,1881,0.08842105263157894,4921,2.43,30.9,Residential
T00512,R0119,9.9,57.09,121.66,2024-05-21,0,-0.15134834227953617,0.3713836915134339,0,1,5,0,1,0,0,0,0,1,0,0,0,0,0,0,0,4.809416300197838,2.388762789235098,7.555792479945436,-0.14922829804978277,0.3713836915134339,-0.13325537558772554,0.3145658412158571,0.3823529411764706,0.2832536837913182,0,12.288888888888888,0,Zone_2,Saanvi Iyer,47,Male,Hyderabad,2023-05-05,30,1,4.39,0,4,5,1,Low,29.23,0.9743333333333334,405.5,13.516666666666667,1213,0.03333333333333333,6371,0.91,58.4,Residential
T00513,R0203,0.92,6.6,18.93,2024-02-08,0,-1.3528602924646527,-1.6466883835392934,0,3,2,0,1,0,0,0,0,0,0,0,0,0,1,0,0,2.9922261342247034,0.6523251860396903,2.569046515733026,-1.3692988477145407,-1.6466883835392934,-1.5368623930187946,0.04160909767244128,0.0348297213622291,0.03190959776981282,0,20.57608695652174,0,Zone_7,Kavya Gupta,49,Female,Bengaluru,2023-07-25,152,9,3.6,0,1,7,0,Low,38.78,0.25513157894736843,698.6500000000001,4.596381578947369,1132,0.05921052631578947,11070,0.64,45.2,Industrial
T00514,R0257,16.15,85.54,168.43,2023-05-20,0,0.3956653237397174,1.7759438773797525,0,5,5,1,0,0,0,0,0,0,1,0,0,0,0,0,0,5.132439862170015,2.8419981736119486,9.248783703817493,0.4062345619504192,1.7759438773797525,0.6576461820655507,0.43883515782761184,0.6242260061919505,0.4248805256869773,0,10.429102167182664,0,Zone_3,Arjun Reddy,36,Other,Delhi,2023-03-11,459,19,4.82,0,5,3,2,High,56.11,0.12224400871459695,822.23,1.7913507625272331,1268,0.04139433551198257,12971,2.11,38.0,Business
T00515,R0200,13.26,86.99,131.03,2023-11-11,0,-0.041758475899369235,1.126475247435167,0,5,11,1,0,0,0,0,0,0,1,0,0,0,0,0,0,4.88302916949111,2.65745841498615,9.326842981416595,-0.037945702407236395,1.126475247435167,0.6979557517877736,0.33946221702625146,0.5123839009287926,0.43209876543209874,0,9.8815987933635,0,Zone_3,Kavya Kumar,30,Other,Bengaluru,2021-11-15,443,87,3.6,0,0,11,2,High,39.97,0.09022573363431151,489.45000000000005,1.1048532731376977,1749,0.1963882618510158,12971,2.11,38.0,Business
T00516,R0103,7.26,67.64,94.7,2023-09-18,0,-0.4666677443723108,-0.22190253099649937,0,0,9,0,1,0,0,1,0,0,0,0,0,0,0,0,0,4.5612182984589085,2.1114245875328868,8.224354077980836,-0.46941813567230656,-0.22190253099649937,0.16003149377051915,0.24293229886279094,0.2801857585139319,0.3357726005575468,0,13.044077134986226,0,Zone_1,Ishaan Gupta,37,Other,Surat,2022-11-24,175,14,3.07,0,3,11,2,Medium,71.43,0.40817142857142863,1236.44,7.065371428571429,1375,0.08,4921,2.43,30.9,Residential
T00517,R0055,5.25,28.74,49.29,2023-07-08,0,-0.9977750904046885,-0.6736090867711075,0,5,7,0,0,0,1,0,0,0,1,0,0,0,0,0,0,3.9178062501838733,1.8325814637483102,5.360970061472083,-1.0087289860595028,-0.6736090867711075,-0.9213769629153312,0.12227654373472206,0.20239938080495357,0.14212465153325365,0,9.388571428571428,0,Zone_3,Kavya Singh,32,Male,Delhi,2021-11-07,425,12,4.19,0,6,11,1,High,71.7,0.16870588235294118,1109.56,2.610729411764706,1757,0.02823529411764706,12971,2.11,38.0,Business
T00518,R0291,7.06,49.66,112.18,2023-02-23,0,-0.2622247492468767,-0.2668484569442216,0,3,2,0,0,0,1,0,0,0,0,0,1,0,0,0,0,4.728979471714378,2.0869135565185366,7.046985170979147,-0.26181730623455735,-0.2668484569442216,-0.33980717078504885,0.28937719205016477,0.2724458204334365,0.24626642771804058,0,15.889518413597736,0,Zone_5,Arjun Ghosh,23,Other,Pune,2021-04-19,499,94,3.46,0,0,4,2,High,46.45,0.09308617234468938,795.59,1.59436873747495,1959,0.18837675350701402,2590,1.31,43.9,Business
T00519,R0180,1.99,19.56,17.39,2023-08-08,0,-1.3708718606850858,-1.4062276797189794,0,1,8,0,1,0,0,0,0,0,0,0,0,0,1,0,0,2.91180703861623,1.095273387402595,4.422668877499196,-1.3875886233057382,-1.4062276797189794,-1.1765782388118895,0.03751727069826762,0.07623839009287926,0.09642572680207089,0,8.738693467336685,0,Zone_7,Diya Kumar,33,Male,Hyderabad,2019-12-03,44,4,4.53,0,1,12,1,Low,5.65,0.12840909090909092,84.89,1.929318181818182,2462,0.09090909090909091,11070,0.64,45.2,Industrial
T00520,R0221,5.65,30.29,109.51,2024-04-23,0,-0.2934525980446404,-0.583717234875663,0,1,4,0,0,1,0,0,1,0,0,0,0,0,0,0,0,4.705106014600691,1.8946168546677629,5.503635162326805,-0.2935275015777376,-0.583717234875663,-0.8782874228674376,0.2822829206079286,0.2178792569659443,0.1498407009159697,0,19.38230088495575,0,Zone_10,Diya Patel,21,Female,Delhi,2021-01-13,106,1,4.41,0,2,1,0,Low,58.73,0.5540566037735849,913.29,8.615943396226415,2055,0.009433962264150943,2440,1.54,35.4,Industrial
T00521,R0240,11.82,111.26,263.6,2024-02-13,0,1.508756848115436,0.8028645806115671,0,1,2,0,0,1,0,0,1,0,0,0,0,0,0,0,0,5.5782192516808555,2.551006451492524,10.547985589675406,1.5365189405311166,0.8028645806115671,1.3726545498280205,0.691704750770539,0.45665634674922606,0.5529171644763043,0,22.30118443316413,0,Zone_10,Aarav Iyer,30,Male,Delhi,2020-05-18,174,2,4.07,0,0,5,1,Medium,92.12,0.5294252873563219,1221.47,7.0199425287356325,2295,0.011494252873563218,2440,1.54,35.4,Industrial
T00522,R0131,1.04,5.23,12.62,2024-07-25,0,-1.426660938874349,-1.61972082797066,0,3,7,1,0,0,0,0,0,1,0,0,0,0,0,0,0,2.611539300721366,0.712949807856125,2.2869193252058544,-1.4442394217278243,-1.61972082797066,-1.5749479864804816,0.024843235200340104,0.03947368421052632,0.025089605734767026,0,12.134615384615383,0,Zone_2,Reyansh Ghosh,24,Male,Surat,2019-10-22,99,7,3.6,0,1,10,1,Low,26.97,0.2724242424242424,435.23,4.396262626262627,2504,0.0707070707070707,6371,0.91,58.4,Residential
T00523,R0044,6.43,50.8,80.02,2024-01-20,0,-0.6383624336424123,-0.40842812367954656,0,5,1,0,0,1,0,0,0,0,0,1,0,0,0,0,0,4.394696037774544,2.005525858729668,7.127411872482185,-0.6437648276715147,-0.40842812367954656,-0.30811550907240437,0.2039270910830056,0.24806501547987617,0.2519414575866189,0,12.444790046656298,0,Zone_4,Arjun Gupta,36,Female,Hyderabad,2020-08-01,271,5,3.21,0,5,8,0,Medium,102.26,0.37734317343173435,1660.52,6.127380073800738,2220,0.01845018450184502,4038,2.46,48.2,Business
T00524,R0100,8.57,83.49,71.4,2024-01-08,0,-0.7391804323827578,0.07249328396108122,0,0,1,0,0,0,1,0,0,0,0,1,0,0,0,0,0,4.282206299391671,2.258633205464863,9.137286249209883,-0.7461400650715946,0.07249328396108122,0.6006567903893038,0.18102348814964397,0.3308823529411765,0.4146754281162883,0,8.331388564760793,0,Zone_4,Ishaan Gupta,28,Male,Delhi,2021-05-24,383,60,3.79,0,0,5,1,High,101.45,0.26488250652741513,1657.49,4.327650130548303,1924,0.1566579634464752,4038,2.46,48.2,Business
T00525,R0207,8.52,62.34,174.3,2023-11-13,0,0.4643198078007185,0.06125680247415051,0,0,11,0,0,0,1,0,0,0,1,0,0,0,0,0,0,5.1664987919271885,2.253394848803274,7.895568377260753,0.47594948579478924,0.06125680247415051,0.012693066509979199,0.4544319268785206,0.32894736842105265,0.30938868976503386,0,20.457746478873243,0,Zone_3,Ishaan Iyer,31,Male,Mumbai,2023-12-06,47,3,3.93,0,2,12,1,Low,63.47,1.3504255319148937,1231.46,26.20127659574468,998,0.06382978723404255,12971,2.11,38.0,Business
T00526,R0207,2.11,18.12,29.03,2023-11-20,0,-1.2347324749150599,-1.3792601241503464,0,0,11,0,0,0,1,0,0,0,1,0,0,0,0,0,0,3.402196881995239,1.1346227261911428,4.256759330758553,-1.2493464233826606,-1.3792601241503464,-1.2166098115015456,0.06844510574981401,0.08088235294117647,0.0892572680207089,0,13.75829383886256,0,Zone_3,Ishaan Iyer,31,Male,Mumbai,2023-12-06,47,3,3.93,0,2,12,1,Low,63.47,1.3504255319148937,1231.46,26.20127659574468,998,0.06382978723404255,12971,2.11,38.0,Business
T00527,R0292,2.09,13.43,47.71,2024-02-19,0,-1.0162544915659117,-1.3837547167451185,0,0,2,0,1,0,0,1,0,0,0,0,0,0,0,0,0,3.8858843478184513,1.128171090909654,3.664696440361739,-1.027493820756965,-1.3837547167451185,-1.346990419775495,0.11807843554044002,0.08010835913312694,0.0659099960175229,0,22.82775119617225,0,Zone_1,Diya Patel,37,Female,Jaipur,2020-06-28,141,19,4.39,0,6,6,0,Low,79.36,0.5628368794326241,1137.89,8.070141843971632,2254,0.1347517730496454,4921,2.43,30.9,Residential
T00528,R0257,13.45,121.78,305.45,2023-05-08,0,1.9982270624174616,1.169173877085503,0,0,5,1,0,0,0,0,0,0,1,0,0,0,0,0,0,5.725054609931741,2.670694414558441,11.035397591387452,2.0335495304607387,1.169173877085503,1.6651074280885638,0.8029014773089594,0.5197368421052632,0.6052867383512545,0,22.71003717472119,0,Zone_3,Arjun Reddy,36,Other,Delhi,2023-03-11,459,19,4.82,0,5,3,2,High,56.11,0.12224400871459695,822.23,1.7913507625272331,1268,0.04139433551198257,12971,2.11,38.0,Business
T00529,R0015,1.88,10.26,33.99,2024-01-28,0,-1.176721190257042,-1.4309479389902267,0,6,1,0,0,0,1,0,0,0,0,0,0,0,1,0,0,3.5550623063795967,1.0577902941478545,3.2031234756093934,-1.1904390942058163,-1.4309479389902267,-1.435115479099252,0.08162397704325647,0.07198142414860682,0.05012943050577459,0,18.079787234042556,0,Zone_7,Saanvi Patel,28,Other,Chennai,2022-12-19,46,1,3.87,0,0,12,2,Low,30.0,0.6521739130434783,597.85,12.996739130434783,1350,0.021739130434782608,11070,0.64,45.2,Industrial
T00530,R0112,13.04,99.41,118.18,2023-03-08,0,-0.19204980812830666,1.0770347288926723,0,2,3,1,0,0,0,1,0,0,0,0,0,0,0,0,0,4.780634955318833,2.641910398597665,9.970456358662826,-0.19055844029482652,1.0770347288926723,1.043228066236058,0.30531937506642576,0.5038699690402477,0.49392672242134605,0,9.062883435582823,0,Zone_1,Meera Nair,41,Female,Delhi,2020-11-13,311,11,3.24,0,4,11,0,Medium,89.53,0.28787781350482317,1150.27,3.6986173633440513,2116,0.03536977491961415,4921,2.43,30.9,Residential
T00531,R0267,5.59,46.5,122.05,2024-04-24,0,-0.14678697110682912,-0.5972010126599798,0,2,4,0,0,1,0,0,0,1,0,0,0,0,0,0,0,4.812590776837065,1.8855533485144158,6.819090848492928,-0.14459647176370025,-0.5972010126599798,-0.4276542330762386,0.3156020831119141,0.21555727554179566,0.23053564317005176,0,21.833631484794275,0,Zone_2,Arjun Iyer,37,Other,Jaipur,2021-01-01,131,11,4.5,0,4,1,2,Low,47.19,0.3602290076335878,681.69,5.203740458015267,2067,0.08396946564885496,6371,0.91,58.4,Residential
T00532,R0263,13.4,77.64,221.62,2023-06-03,0,1.0177661767558408,1.1579373955985726,0,5,6,0,0,0,1,1,0,0,0,0,0,0,0,0,0,5.405466282065079,2.667228206581955,8.811356308764276,1.037944408506133,1.1579373955985726,0.43802852633757583,0.5801626102667659,0.5178018575851394,0.3855535643170052,0,16.538805970149255,0,Zone_1,Ishaan Das,31,Other,Chennai,2020-12-30,297,21,3.84,0,2,12,2,Medium,104.61999999999999,0.3522558922558922,1547.67,5.2110101010101015,2069,0.0707070707070707,4921,2.43,30.9,Residential
T00533,R0172,5.89,32.82,57.12,2023-02-01,0,-0.9061967922449544,-0.5297821237383965,0,2,2,0,0,1,0,0,0,0,0,0,0,0,1,0,0,4.062509838702082,1.9300710850255671,5.728874234961001,-0.9157361660081539,-0.5297821237383965,-0.8079541736279722,0.1430810925709427,0.22716718266253869,0.1624352847471127,0,9.69779286926995,0,Zone_7,Reyansh Reddy,31,Other,Pune,2019-12-24,168,14,3.72,0,1,12,2,Medium,84.85,0.5050595238095238,1488.61,8.86077380952381,2441,0.08333333333333333,11070,0.64,45.2,Industrial
T00534,R0284,2.17,13.05,51.16,2024-06-07,0,-0.9759039004227341,-1.3657763463660295,0,4,6,0,0,1,0,0,0,0,0,0,0,0,0,1,0,3.9543159176183975,1.1537315878891892,3.6124783736376886,-0.98651997284162,-1.3657763463660295,-1.3575543070130431,0.12724519077479007,0.08320433436532508,0.06401831939466349,0,23.576036866359445,0,Zone_8,Vivaan Das,28,Female,Surat,2019-07-31,135,19,4.95,0,2,7,0,Low,60.91,0.45118518518518513,986.33,7.306148148148148,2587,0.14074074074074075,4516,1.93,31.0,Business
T00535,R0268,12.28,103.14,253.82,2023-11-20,0,1.3943716940921664,0.906240210291328,0,0,11,0,0,0,1,0,0,0,0,0,1,0,0,0,0,5.540557413553235,2.5862591440482876,10.155786527886454,1.4203669890493549,0.906240210291328,1.1469209593835703,0.6657189924540333,0.4744582043343653,0.5124950219036241,0,20.66938110749186,0,Zone_5,Ishaan Kumar,34,Male,Chennai,2022-10-16,10,0,4.6,0,6,10,1,Low,42.519999999999996,4.252,726.0799999999999,72.60799999999999,1414,0.0,2590,1.31,43.9,Business
T00536,R0008,7.91,52.23,180.63,2023-10-12,0,0.5383543706808097,-0.0758282716664021,0,3,10,1,0,0,0,0,0,0,0,0,0,1,0,0,0,5.201971650761352,2.187174241482718,7.227032586061862,0.5511275893612051,-0.0758282716664021,-0.2683619334153153,0.4712509299606759,0.3053405572755418,0.2590601354042214,0,22.835651074589126,0,Zone_6,Ishaan Ghosh,28,Female,Jaipur,2022-10-01,215,23,4.02,0,5,10,0,Medium,48.25,0.22441860465116278,893.27,4.1547441860465115,1429,0.10697674418604651,14627,0.54,37.6,Mixed
T00537,R0183,15.24,150.36,141.28,2023-03-22,0,0.07812371517818792,1.5714399143176168,0,2,3,0,1,0,0,0,0,0,0,0,0,1,0,0,0,4.957796947080254,2.787477334733532,12.262136844775466,0.0837881935731371,1.5714399143176168,2.4596229471652125,0.3666967796790307,0.5890092879256966,0.7475607327757866,0,9.270341207349082,0,Zone_6,Arjun Patel,43,Other,Jaipur,2022-08-27,406,66,3.79,0,5,8,2,High,57.78,0.14231527093596058,851.14,2.0964039408866997,1464,0.1625615763546798,14627,0.54,37.6,Mixed
T00538,R0234,12.46,108.52,224.08,2023-09-02,0,1.0465379026144546,0.9466915436442783,0,5,9,0,1,0,0,1,0,0,0,0,0,0,0,0,0,5.416455894565078,2.599722324216582,10.417293314484334,1.0671605435414226,0.9466915436442783,1.2964833629046466,0.5866989053034329,0.4814241486068112,0.5392771804062126,0,17.98394863563403,0,Zone_1,Saanvi Nair,32,Other,Pune,2022-12-01,183,31,3.98,0,3,12,2,Medium,63.46,0.34677595628415303,1138.75,6.222677595628415,1368,0.16939890710382513,4921,2.43,30.9,Residential
T00539,R0172,6.85,45.73,120.22,2024-03-03,0,-0.16819032814799295,-0.3140416791893299,0,6,3,0,0,1,0,0,0,0,0,0,0,1,0,0,0,4.797607076523139,2.060513531794317,6.762396025078685,-0.16633042587531813,-0.3140416791893299,-0.4490600045839021,0.3107397172919545,0.2643188854489164,0.22670250896057345,0,17.55036496350365,0,Zone_6,Reyansh Reddy,31,Other,Pune,2019-12-24,168,14,3.72,0,1,12,2,Medium,84.85,0.5050595238095238,1488.61,8.86077380952381,2441,0.08333333333333333,14627,0.54,37.6,Mixed
T00540,R0023,5.75,56.32,70.29,2023-03-02,0,-0.7521627964896932,-0.561244271901802,0,3,3,0,1,0,0,0,0,0,0,0,1,0,0,0,0,4.266756065129537,1.9095425048844386,7.504665215717488,-0.7593229552704448,-0.561244271901802,-0.154661147095389,0.17807418429163568,0.22174922600619196,0.2794205495818399,0,12.224347826086957,0,Zone_5,Meera Iyer,24,Other,Jaipur,2019-10-09,176,32,3.21,0,2,10,2,Medium,64.91,0.36880681818181815,1195.62,6.793295454545454,2517,0.18181818181818182,2590,1.31,43.9,Business
T00541,R0288,8.12,67.78,81.83,2023-10-21,0,-0.6171929930716435,-0.02863504942129399,0,5,10,1,0,0,0,0,0,0,0,0,0,0,0,1,0,4.416790314610172,2.21046980408624,8.232860985101109,-0.6222684031130292,-0.02863504942129399,0.16392345222645796,0.20873631629291103,0.3134674922600619,0.3364695340501792,0,10.077586206896552,0,Zone_8,Diya Ghosh,42,Male,Ahmedabad,2021-08-30,43,5,4.56,0,0,8,1,Low,52.08,1.2111627906976743,795.6,18.50232558139535,1826,0.11627906976744186,4516,1.93,31.0,Business
T00542,R0238,8.95,74.18,155.25,2023-03-20,0,0.2415143697492585,0.1578905432617532,0,0,3,0,0,0,1,0,0,1,0,0,0,0,0,0,0,5.051457288616511,2.2975725511705014,8.61278120005379,0.2497025864361437,0.1578905432617532,0.34184155306937436,0.4038154958018918,0.34558823529411764,0.36832935085623264,0,17.346368715083802,0,Zone_2,Reyansh Patel,30,Other,Pune,2019-04-22,362,56,4.91,0,0,4,2,High,38.73,0.10698895027624308,590.03,1.6299171270718231,2687,0.15469613259668508,6371,0.91,58.4,Residential
T00543,R0005,3.59,22.45,59.14,2023-02-19,0,-0.8825712287350359,-1.0466602721372018,0,6,2,0,1,0,0,0,1,0,0,0,0,0,0,0,0,4.096675177560383,1.5238800240724537,4.738143096192854,-0.891745681141778,-1.0466602721372018,-1.09623709640001,0.14844829418641725,0.1381578947368421,0.11081242532855436,0,16.473537604456826,0,Zone_10,Diya Reddy,27,Male,Ahmedabad,2021-05-31,294,30,3.53,0,0,5,1,Medium,51.260000000000005,0.17435374149659866,926.45,3.1511904761904765,1917,0.10204081632653061,2440,1.54,35.4,Industrial
T00544,R0133,12.21,79.45,159.69,2023-01-03,0,0.29344382617700027,0.8905091362096256,0,1,1,1,0,0,0,0,0,0,1,0,0,0,0,0,0,5.079477043053662,2.580974118534234,8.913472948295743,0.3024341472315445,0.8905091362096256,0.4883459892322131,0.41561271123392496,0.471749226006192,0.39456391875746716,0,13.078624078624077,0,Zone_3,Diya Kumar,25,Female,Delhi,2019-07-13,155,11,4.4,0,5,7,0,Low,64.89,0.4186451612903226,817.27,5.272709677419355,2605,0.07096774193548387,12971,2.11,38.0,Business
T00545,R0051,6.01,59.55,60.9,2024-08-07,0,-0.8619865793402554,-0.5028145681697631,0,2,8,0,1,0,0,0,0,0,0,0,1,0,0,0,0,4.12552017969055,1.9473377010464987,7.7168646482881895,-0.8708430804661235,-0.5028145681697631,-0.06486810557622978,0.15312466787118714,0.23181114551083593,0.29549980087614497,0,10.133111480865225,0,Zone_5,Aarav Nair,21,Male,Kolkata,2020-04-05,213,14,4.02,0,6,4,1,Medium,59.18,0.2778403755868545,1101.02,5.169107981220657,2338,0.06572769953051644,2590,1.31,43.9,Business
T00546,R0178,5.88,40.04,144.17,2024-06-27,1,0.111924645150299,-0.5320294200357826,0,3,6,0,0,0,1,0,0,0,0,1,0,0,0,0,0,4.9779054694733365,1.9286186519452522,6.32771680782255,0.11811121400077396,-0.5320294200357826,-0.6072403161145573,0.3743755978318631,0.22678018575851394,0.19837714058144165,0,24.518707482993197,1,Zone_4,Saanvi Ghosh,27,Male,Delhi,2021-05-15,56,7,3.13,0,5,5,1,Low,63.260000000000005,1.1296428571428572,1040.54,18.581071428571427,1933,0.125,4038,2.46,48.2,Business
T00547,R0016,5.3,29.91,48.14,2023-11-08,0,-1.0112252874524144,-0.662372605284177,0,2,11,0,0,1,0,0,0,0,0,0,0,0,0,0,1,3.894673367093033,1.840549633397487,5.469003565550127,-1.0223869353646178,-0.662372605284177,-0.8888513101049856,0.11922095865660538,0.2043343653250774,0.1479490242931103,0,9.083018867924528,0,Zone_9,Aarav Iyer,28,Female,Delhi,2022-01-24,356,51,3.06,0,0,1,0,High,41.24,0.11584269662921348,687.6800000000001,1.9316853932584273,1679,0.14325842696629212,11037,1.83,56.1,Mixed
T00548,R0211,9.16,68.5,91.28,2023-08-10,0,-0.5066674608098958,0.2050837655068617,0,3,8,0,0,1,0,0,0,0,0,1,0,0,0,0,0,4.524827433305553,2.318458442150336,8.276472678623424,-0.5100356892579532,0.2050837655068617,0.183939238571286,0.23384525454352215,0.3537151702786378,0.34005376344086025,0,9.965065502183407,0,Zone_4,Arjun Reddy,36,Female,Mumbai,2021-04-04,435,17,3.63,0,6,4,0,High,46.08,0.10593103448275862,645.88,1.4847816091954023,1974,0.03908045977011494,4038,2.46,48.2,Business
T00549,R0046,4.54,30.89,73.67,2024-05-28,0,-0.7126309129928988,-0.8331671238855214,0,1,5,0,0,0,1,0,0,1,0,0,0,0,0,0,0,4.3130784050476105,1.7119945007591924,5.5578772926361015,-0.7191804607910631,-0.8331671238855214,-0.861607600913414,0.18705494739079603,0.17492260061919504,0.15282755874153722,0,16.226872246696036,0,Zone_2,Vivaan Singh,31,Female,Kolkata,2019-08-16,31,4,3.87,0,4,8,0,Low,80.02,2.581290322580645,1296.42,41.82,2571,0.12903225806451613,6371,0.91,58.4,Residential
T00550,R0129,8.67,86.27,133.85,2023-01-05,0,-0.008776253573641394,0.09496624693494224,0,3,1,0,0,1,0,0,0,0,0,0,0,1,0,0,0,4.904163049585739,2.269028309465203,9.288164511893617,-0.004454035415562989,0.09496624693494224,0.6779399654429455,0.34695504304389413,0.3347523219814242,0.42851453604141776,0,15.438292964244521,0,Zone_6,Vivaan Singh,35,Male,Hyderabad,2022-10-08,158,10,3.9,0,5,10,1,Low,89.88,0.5688607594936709,1508.3,9.54620253164557,1422,0.06329113924050633,14627,0.54,37.6,Mixed
T00551,R0121,21.83,190.53,354.27,2023-11-27,0,2.5692171666522263,3.052408174295063,0,0,11,0,0,0,1,0,0,0,0,0,0,0,0,0,1,5.872878063773937,3.1280754605417043,13.803260484392808,2.613359169657015,3.052408174295063,3.5763370269870784,0.93261770645127,0.8440402476780186,0.9475308641975309,0,16.22858451672011,0,Zone_9,Diya Iyer,29,Male,Pune,2023-07-13,378,10,4.17,0,3,7,1,High,87.96,0.23269841269841268,1464.3799999999999,3.8740211640211637,1144,0.026455026455026454,11037,1.83,56.1,Mixed
T00552,R0005,7.73,64.25,102.14,2024-07-27,0,-0.379650817385284,-0.11627960501935203,0,5,7,0,1,0,0,0,0,1,0,0,0,0,0,0,0,4.636087288622813,2.166765369851511,8.0156097709407,-0.3810571419070403,-0.11627960501935203,0.06579049973028693,0.2627006058029546,0.298374613003096,0.3188968538430904,0,13.213454075032342,0,Zone_2,Diya Reddy,27,Male,Ahmedabad,2021-05-31,294,30,3.53,0,0,5,1,Medium,51.260000000000005,0.17435374149659866,926.45,3.1511904761904765,1917,0.10204081632653061,6371,0.91,58.4,Residential
T00553,R0292,5.83,32.17,85.19,2024-06-23,0,-0.5778950260452443,-0.543265901522713,0,6,6,0,0,0,1,0,0,0,0,0,0,0,1,0,0,4.456554161659308,1.9213246735826988,5.671860364994893,-0.5823634381867799,-0.543265901522713,-0.8260239807448307,0.2176639387820172,0.2248452012383901,0.1591995221027479,0,14.612349914236706,0,Zone_7,Diya Patel,37,Female,Jaipur,2020-06-28,141,19,4.39,0,6,6,0,Low,79.36,0.5628368794326241,1137.89,8.070141843971632,2254,0.1347517730496454,11070,0.64,45.2,Industrial
T00554,R0143,0.34,2.43,6.66,2023-10-27,0,-1.4963680470521286,-1.7770315687876879,0,4,10,0,0,0,1,0,0,0,0,0,0,1,0,0,0,2.0360119837525,0.29266961396282,1.5588457268119895,-1.5150232285612903,-1.7770315687876879,-1.6527871555992573,0.00900733340418748,0.012383900928792572,0.01115093588211868,0,19.588235294117645,0,Zone_6,Meera Kumar,42,Other,Kolkata,2023-03-28,74,13,4.56,0,1,3,2,Low,49.11,0.6636486486486486,863.3199999999999,11.666486486486486,1251,0.17567567567567569,14627,0.54,37.6,Mixed
T00555,R0293,8.25,70.59,124.79,2023-01-06,0,-0.11474041466268202,0.0005798024447256225,0,4,1,1,0,0,0,0,0,0,1,0,0,0,0,0,0,4.834613849850781,2.224623551524334,8.401785524517988,-0.1120549229845564,0.0005798024447256225,0.24204061837780094,0.32288234668934,0.3184984520123839,0.350457984866587,0,15.126060606060607,0,Zone_3,Arjun Kumar,39,Female,Delhi,2019-10-01,248,44,3.2,0,1,10,0,Medium,22.42,0.09040322580645162,401.42,1.6186290322580645,2525,0.1774193548387097,12971,2.11,38.0,Business
T00556,R0175,2.45,19.43,53.43,2024-06-09,0,-0.9493543810328751,-1.3028520500392184,0,6,6,1,0,0,0,0,1,0,0,0,0,0,0,0,0,3.9969154724461085,1.2383742310432684,4.407947368106838,-0.9595603685610884,-1.3028520500392184,-1.180192200235261,0.13327665001594216,0.0940402476780186,0.09577857427319793,0,21.80816326530612,0,Zone_10,Diya Patel,35,Male,Chennai,2022-08-18,98,8,3.48,0,3,8,1,Low,70.26,0.7169387755102041,1267.03,12.928877551020408,1473,0.08163265306122448,2440,1.54,35.4,Industrial
T00557,R0196,6.12,31.21,115.58,2023-01-05,0,-0.22245894927968712,-0.4780943088985159,0,3,1,1,0,0,0,0,1,0,0,0,0,0,0,0,0,4.758577732617404,1.9629077254238845,5.586591089385369,-0.2214372822020433,-0.4780943088985159,-0.8527116958712683,0.2984110957593793,0.23606811145510836,0.1544205495818399,0,18.88562091503268,0,Zone_10,Vivaan Das,18,Male,Hyderabad,2019-06-24,51,9,4.93,0,0,6,1,Low,95.95,1.8813725490196078,1623.43,31.831960784313726,2624,0.17647058823529413,2440,1.54,35.4,Industrial
T00558,R0145,8.76,84.65,94.17,2023-06-29,0,-0.4728665308377845,0.1151919136114172,0,3,6,0,0,0,1,0,0,0,0,0,1,0,0,0,0,4.555664766084252,2.278292400425001,9.200543462209176,-0.4757126688303161,0.1151919136114172,0.6329044461670826,0.24152407269635456,0.3382352941176471,0.42045001991238556,0,10.75,0,Zone_5,Saanvi Nair,36,Female,Jaipur,2022-12-09,222,43,4.3,0,4,12,0,Medium,46.34,0.20873873873873874,654.6600000000001,2.948918918918919,1360,0.19369369369369369,2590,1.31,43.9,Business
T00559,R0010,0.65,4.04,5.95,2023-07-19,0,-1.5046720817511594,-1.7073653835687181,0,2,7,0,1,0,0,1,0,0,0,0,0,0,0,0,0,1.9387416595767009,0.5007752879124893,2.009975124224178,-1.523455527697492,-1.7073653835687181,-1.6080296333559612,0.007120841747263259,0.024380804953560375,0.01916567104739148,0,9.153846153846153,0,Zone_1,Vivaan Gupta,25,Female,Surat,2023-05-14,173,1,3.38,0,6,5,0,Medium,85.25,0.49277456647398843,1204.51,6.962485549132948,1204,0.005780346820809248,4921,2.43,30.9,Residential
T00560,R0106,8.79,44.59,85.75,2023-03-08,0,-0.5713453648741779,0.1219338025035754,0,2,3,0,0,1,0,1,0,0,0,0,0,0,0,0,0,4.4630304188269685,2.281361456542419,6.67757440991862,-0.5757126106990718,0.1219338025035754,-0.48075166629654636,0.2191518758635349,0.33939628482972134,0.22102747909199522,0,9.755403868031856,0,Zone_1,Aarav Patel,32,Other,Bengaluru,2021-11-25,6,1,4.03,0,3,11,2,Low,39.67,6.611666666666667,438.62,73.10333333333334,1739,0.16666666666666666,4921,2.43,30.9,Residential
T00561,R0278,9.52,81.51,158.21,2023-09-18,0,0.2761340073677531,0.28598643221276154,0,0,9,0,0,1,0,0,0,0,0,0,0,0,0,0,1,5.070224085507913,2.3532782073095637,9.028288874421332,0.28485696029974433,0.28598643221276154,0.5456133779410268,0.4116803060899139,0.36764705882352944,0.4048187972919156,0,16.6186974789916,0,Zone_9,Aarav Reddy,20,Female,Mumbai,2021-09-02,382,58,4.27,0,3,9,0,High,97.55,0.25536649214659685,2111.36,5.527120418848168,1823,0.1518324607329843,11037,1.83,56.1,Mixed
T00562,R0242,1.51,13.28,20.21,2024-06-13,0,-1.3378896383593577,-1.5140979019935128,0,3,6,0,0,1,0,0,1,0,0,0,0,0,0,0,0,3.0544727685765913,0.9202827531436926,3.6441734316577197,-1.3540969563140648,-1.5140979019935128,-1.351160375264001,0.0450100967159103,0.0576625386996904,0.06516328156113102,0,13.3841059602649,0,Zone_10,Kavya Iyer,34,Male,Ahmedabad,2022-06-05,445,8,4.54,0,6,6,1,High,26.27,0.05903370786516854,328.19,0.7375056179775281,1547,0.017977528089887642,2440,1.54,35.4,Industrial
T00563,R0211,6.04,52.85,79.74,2023-05-08,0,-0.6416372642279455,-0.4960726792776048,0,0,5,0,1,0,0,0,0,0,0,0,1,0,0,0,0,4.391234115424795,1.951608170169951,7.269800547470337,-0.6470902414153689,-0.4960726792776048,-0.25112611739615764,0.20318312254224677,0.23297213622291021,0.2621465551573079,0,13.201986754966887,0,Zone_5,Arjun Reddy,36,Female,Mumbai,2021-04-04,435,17,3.63,0,6,4,0,High,46.08,0.10593103448275862,645.88,1.4847816091954023,1974,0.03908045977011494,2590,1.31,43.9,Business
T00564,R0003,1.15,8.5,17.88,2023-01-26,0,-1.3651409071604026,-1.5950005686994126,0,3,1,0,0,0,1,0,0,0,0,0,1,0,0,0,0,2.9381031607173544,0.7654678421395714,2.9154759474226504,-1.3817691492539936,-1.5950005686994126,-1.484042956831054,0.0388192156445956,0.04373065015479876,0.04136798088410992,0,15.547826086956523,0,Zone_5,Kavya Reddy,34,Male,Pune,2023-05-04,45,9,3.76,0,3,5,1,Low,67.68,1.5040000000000002,971.71,21.593555555555557,1214,0.2,2590,1.31,43.9,Business
T00565,R0139,15.88,90.14,211.49,2023-09-04,0,0.8992874845006551,1.7152668773503281,0,0,9,0,0,1,0,0,0,0,0,0,0,0,0,0,1,5.358894928433641,2.826129489167811,9.494208761134336,0.9176356898445541,1.7152668773503281,0.7855248170463967,0.5532468912743118,0.6137770897832818,0.44777976901632816,0,13.31801007556675,0,Zone_9,Diya Gupta,44,Other,Kolkata,2023-10-09,155,7,4.39,0,0,10,2,Low,58.92,0.38012903225806455,1002.23,6.466,1056,0.04516129032258064,11037,1.83,56.1,Mixed
T00566,R0028,9.65,86.84,188.55,2023-09-29,0,0.6309852929573223,0.3152012840787812,0,4,9,0,0,0,1,0,0,0,1,0,0,0,0,0,0,5.244652841962344,2.365559892155434,9.318798205777396,0.6451892924016499,0.3152012840787812,0.693785796299268,0.4922946115421405,0.3726780185758514,0.43135205097570695,0,19.538860103626945,0,Zone_3,Reyansh Sharma,20,Female,Surat,2023-11-11,249,21,3.79,0,5,11,0,Medium,84.88,0.34088353413654615,1499.51,6.022128514056225,1023,0.08433734939759036,12971,2.11,38.0,Business
T00567,R0177,7.1,55.19,140.55,2024-02-06,0,0.06958576400876201,-0.25785927175467716,0,1,2,0,0,0,1,0,1,0,0,0,0,0,0,0,0,4.952653011557909,2.0918640616783932,7.4289972405433025,0.0751183648838033,-0.25785927175467716,-0.18607481177546648,0.3647571474120523,0.2739938080495356,0.2737953006770211,0,19.795774647887328,0,Zone_10,Ishaan Reddy,34,Other,Bengaluru,2023-02-15,489,63,4.48,0,2,2,2,High,115.74,0.23668711656441715,1866.76,3.8175051124744375,1292,0.12883435582822086,2440,1.54,35.4,Industrial
T00568,R0067,7.18,67.45,151.87,2023-04-01,0,0.20198248625246407,-0.23988090137558826,0,5,4,0,0,1,0,0,0,0,0,0,0,0,1,0,0,5.0295878870129425,2.1016921506146558,8.212794895770866,0.20956009195676206,-0.23988090137558826,0.15474955015174513,0.39483473270273145,0.2770897832817337,0.3348267622461171,0,21.15181058495822,0,Zone_7,Saanvi Iyer,32,Male,Pune,2022-07-24,348,9,3.38,0,6,7,1,High,113.07,0.32491379310344826,1846.81,5.3069252873563215,1498,0.02586206896551724,11070,0.64,45.2,Industrial
T00569,R0077,13.66,71.95,231.84,2023-09-16,0,1.137297493127805,1.2163670993306115,0,5,9,1,0,0,0,0,0,0,1,0,0,0,0,0,0,5.450351522403535,2.6851226964585053,8.482334584299302,1.1593220101568078,1.2163670993306115,0.2798482148069206,0.6073174620044638,0.5278637770897833,0.35722819593787336,0,16.972181551976576,0,Zone_3,Reyansh Das,28,Male,Mumbai,2019-09-07,406,72,3.79,0,5,9,1,High,146.85999999999999,0.3617241379310345,2343.82,5.7729556650246305,2549,0.17733990147783252,12971,2.11,38.0,Business
T00570,R0167,7.53,47.67,122.72,2023-08-08,0,-0.13895076934858877,-0.16122553096707426,0,1,8,1,0,0,0,0,0,0,0,0,0,0,0,0,1,4.818020947816869,2.143589361503588,6.904346457123947,-0.13663923173376363,-0.16122553096707426,-0.395128580265893,0.31738229354872993,0.29063467492260064,0.2363600159299084,0,16.297476759628154,0,Zone_9,Kavya Nair,44,Male,Hyderabad,2022-08-25,117,5,4.75,0,3,8,1,Low,64.31,0.5496581196581197,1075.55,9.192735042735043,1466,0.042735042735042736,11037,1.83,56.1,Mixed
T00571,R0167,9.65,81.83,191.62,2024-07-24,0,0.6668914711629906,0.3152012840787812,0,2,7,0,1,0,0,0,1,0,0,0,0,0,0,0,0,5.260719336132718,2.365559892155434,9.045993588324059,0.6816500788074787,0.3152012840787812,0.5545092829831725,0.5004516951854607,0.3726780185758514,0.40641178813221823,0,19.85699481865285,0,Zone_10,Kavya Nair,44,Male,Hyderabad,2022-08-25,117,5,4.75,0,3,8,1,Low,64.31,0.5496581196581197,1075.55,9.192735042735043,1466,0.042735042735042736,2440,1.54,35.4,Industrial
T00572,R0086,15.59,152.65,354.96,2024-04-19,0,2.577287284880862,1.6500952847261305,0,4,4,0,0,0,1,0,0,0,1,0,0,0,0,0,0,5.874818364988662,2.808800104202353,12.355160864998885,2.621553939240084,1.6500952847261305,2.523284267623068,0.9344510574981401,0.6025541795665635,0.7589605734767025,0,22.76844130853111,0,Zone_3,Vivaan Patel,23,Male,Hyderabad,2019-11-08,337,17,4.56,0,4,11,1,High,64.68,0.19192878338278935,1129.82,3.352581602373887,2487,0.050445103857566766,12971,2.11,38.0,Business
T00573,R0170,6.27,60.88,114.19,2024-02-15,0,-0.23871614397215585,-0.44438486443772435,0,3,2,0,0,1,0,1,0,0,0,0,0,0,0,0,0,4.746582938938415,1.9837562915454279,7.802563681252464,-0.23794558614474762,-0.44438486443772435,-0.027894500244811098,0.29471782336061214,0.24187306501547987,0.302120669056153,0,18.212121212121215,0,Zone_1,Saanvi Kumar,29,Other,Bengaluru,2020-05-20,28,3,3.68,0,2,5,2,Low,53.51,1.9110714285714285,943.71,33.70392857142857,2293,0.10714285714285714,4921,2.43,30.9,Residential
T00574,R0236,2.54,22.73,20.65,2023-11-05,0,-1.3327434760106627,-1.2826263833627434,0,6,11,0,0,0,1,0,0,0,0,0,0,1,0,0,0,3.075005454448499,1.264126727145683,4.767598976424087,-1.3488713061451512,-1.2826263833627434,-1.0884531794881325,0.046179190137102775,0.0975232198142415,0.1122062923138192,0,8.129921259842519,0,Zone_6,Arjun Gupta,28,Male,Ahmedabad,2020-08-10,61,1,3.36,0,0,8,1,Low,50.01,0.8198360655737704,768.54,12.599016393442623,2211,0.01639344262295082,14627,0.54,37.6,Mixed
T00575,R0141,3.88,25.14,92.56,2024-05-26,0,-0.4916968067046008,-0.9814886795130047,0,6,5,0,0,1,0,0,0,0,0,0,0,0,0,1,0,4.538602941715978,1.5851452198650557,5.01398045468867,-0.4948337978574772,-0.9814886795130047,-1.0214558946394716,0.23724625358699117,0.14938080495356038,0.12420350457984868,0,23.855670103092784,0,Zone_8,Arjun Das,25,Other,Jaipur,2019-07-08,53,0,4.29,0,0,7,2,Low,30.32,0.5720754716981132,542.7,10.239622641509435,2610,0.0,4516,1.93,31.0,Business
T00576,R0049,15.14,80.45,148.79,2023-08-31,0,0.165959349811598,1.5489669513437558,0,3,8,0,0,0,1,0,1,0,0,0,0,0,0,0,0,5.009234313180627,2.7813006628418027,8.969392398596462,0.17298054077436675,1.5489669513437558,0.5161456924889188,0.3866510787543841,0.585139318885449,0.39954201513341303,0,9.827608982826948,0,Zone_10,Meera Iyer,39,Male,Mumbai,2020-05-19,375,55,4.4,0,1,5,1,High,58.370000000000005,0.15565333333333334,980.4,2.6144,2294,0.14666666666666667,2440,1.54,35.4,Industrial
T00577,R0055,8.46,68.07,69.76,2023-01-09,0,-0.7583615829551669,0.04777302468983413,0,0,1,0,1,0,0,0,0,0,0,0,0,1,0,0,0,4.259293869291585,2.247072383063787,8.250454532933322,-0.7656174884284543,0.04777302468983413,0.17198536617090238,0.17666595812519928,0.3266253869969041,0.3379131819992035,0,8.245862884160756,0,Zone_6,Kavya Singh,32,Male,Delhi,2021-11-07,425,12,4.19,0,6,11,1,High,71.7,0.16870588235294118,1109.56,2.610729411764706,1757,0.02823529411764706,14627,0.54,37.6,Mixed
T00578,R0007,5.49,44.83,83.51,2024-02-09,0,-0.5975440095584439,-0.6196739756338409,0,4,2,0,1,0,0,0,1,0,0,0,0,0,0,0,0,4.436869870556391,1.8702625307159986,6.695520890864279,-0.6023159206499045,-0.6196739756338409,-0.47407973751493715,0.21320012753746415,0.211687306501548,0.2222222222222222,0,15.211293260473589,0,Zone_10,Ishaan Ghosh,18,Female,Mumbai,2021-03-26,458,82,4.03,0,4,3,0,High,39.620000000000005,0.08650655021834062,596.9200000000001,1.3033187772925765,1983,0.17903930131004367,2440,1.54,35.4,Industrial
T00579,R0249,12.87,127.32,191.9,2024-05-23,0,0.6701663017485239,1.0388306918371084,0,3,5,0,0,0,1,1,0,0,0,0,0,0,0,0,0,5.262171919911683,2.6297282343267403,11.283616441549224,0.6849754925513329,1.0388306918371084,1.8191177841307133,0.5011956637262196,0.4972910216718266,0.6328653922739944,0,14.910644910644912,0,Zone_1,Diya Nair,20,Male,Mumbai,2023-03-24,396,48,4.49,0,4,3,1,High,64.71,0.1634090909090909,1080.53,2.728611111111111,1255,0.12121212121212122,4921,2.43,30.9,Residential
T00580,R0284,12.99,102.01,116.95,2024-06-21,0,-0.20643567105761357,1.065798247405742,0,4,6,0,0,1,0,0,0,0,1,0,0,0,0,0,0,4.770260805853684,2.63834278867739,10.1,-0.2051665078124714,1.065798247405742,1.115507294703493,0.30205122754809227,0.5019349845201239,0.5068697729988053,0,9.003079291762894,0,Zone_3,Vivaan Das,28,Female,Surat,2019-07-31,135,19,4.95,0,2,7,0,Low,60.91,0.45118518518518513,986.33,7.306148148148148,2587,0.14074074074074075,12971,2.11,38.0,Business
T00581,R0193,5.62,32.23,112.89,2023-12-21,0,-0.253920714547846,-0.5904591237678214,0,3,12,0,0,0,1,0,0,0,0,0,1,0,0,0,0,4.7352330702862595,1.890095369948917,5.677147170894902,-0.25338500709835593,-0.5904591237678214,-0.8243559985494285,0.29126368370708894,0.21671826625386997,0.15949820788530464,0,20.087188612099645,0,Zone_5,Kavya Singh,33,Female,Chennai,2022-01-03,389,68,4.41,0,0,1,0,High,56.09,0.14419023136246786,1005.6400000000001,2.5851928020565555,1700,0.17480719794344474,2590,1.31,43.9,Business
T00582,R0177,3.14,17.29,38.14,2024-08-10,0,-1.1281835226500312,-1.1477886055195767,0,5,8,0,1,0,0,0,0,0,0,0,1,0,0,0,0,3.66714496196793,1.420695787837223,4.158124577258358,-1.1411517119308359,-1.1477886055195767,-1.2396835652046112,0.09265065362950367,0.12074303405572757,0.08512544802867383,0,12.146496815286623,0,Zone_5,Ishaan Reddy,34,Other,Bengaluru,2023-02-15,489,63,4.48,0,2,2,2,High,115.74,0.23668711656441715,1866.76,3.8175051124744375,1292,0.12883435582822086,2590,1.31,43.9,Business
T00583,R0147,0.15,1.49,3.27,2023-02-10,0,-1.542566549955187,-1.8197301984380236,0,4,2,0,0,0,1,0,0,0,0,0,1,0,0,0,0,1.451613827240533,0.1397619423751587,1.2206555615733703,-1.555284487817238,-1.8197301984380236,-1.6789188766605605,0.0,0.005030959752321981,0.006471525288729589,0,21.8,0,Zone_5,Saanvi Nair,35,Other,Mumbai,2022-08-29,239,21,3.91,0,0,8,2,Medium,63.55,0.26589958158995813,1021.8,4.27531380753138,1462,0.08786610878661087,2590,1.31,43.9,Business
T00584,R0104,0.97,6.57,11.09,2024-03-04,0,-1.4445555488595843,-1.6354519020523628,0,0,3,1,0,0,0,0,0,0,0,0,1,0,0,0,0,2.492378664626701,0.6780335427498971,2.563201123595259,-1.4624104325424556,-1.6354519020523628,-1.537696384116496,0.020777978531193536,0.03676470588235294,0.031760254878534455,0,11.43298969072165,0,Zone_5,Diya Gupta,52,Male,Kolkata,2021-05-27,328,1,3.7,0,3,5,1,High,46.690000000000005,0.14234756097560977,765.39,2.3335060975609756,1921,0.003048780487804878,2590,1.31,43.9,Business
T00585,R0088,6.68,60.36,76.64,2023-08-03,0,-0.6778943171392067,-0.35224571624489376,0,3,8,0,0,0,1,0,0,0,0,0,0,0,0,0,1,4.35208275830081,2.038619547159581,7.769169839822013,-0.6839073221508963,-0.35224571624489376,-0.04235034593829813,0.19494632798384526,0.25773993808049533,0.2995320589406611,0,11.47305389221557,0,Zone_9,Diya Iyer,22,Other,Jaipur,2019-07-07,438,0,4.78,0,6,7,2,High,62.25,0.1421232876712329,893.76,2.0405479452054793,2611,0.0,11037,1.83,56.1,Mixed
T00586,R0040,3.5300000000000002,33.61,32.14,2024-06-26,0,-1.1983584637686011,-1.0601440499215184,0,2,6,0,0,1,0,0,0,0,1,0,0,0,0,0,0,3.500741011998417,1.5107219394949427,5.797413216254298,-1.2124105778705667,-1.0601440499215184,-0.7859924080551747,0.07670847061324264,0.1358359133126935,0.1663679808841099,0,9.104815864022662,0,Zone_3,Aarav Gupta,34,Other,Surat,2023-05-05,485,36,4.41,0,4,5,2,High,80.45,0.1658762886597938,1140.75,2.352061855670103,1213,0.07422680412371134,12971,2.11,38.0,Business
T00587,R0176,17.29,129.09,379.63,2024-02-04,0,2.8658232511133828,2.032135655281769,0,6,2,0,0,0,1,0,0,0,0,0,0,0,0,0,1,5.94182777466688,2.906354462402774,11.361778029868388,2.9145466430289444,2.032135655281769,1.8683232588950827,0.9999999999999999,0.668343653250774,0.6416766228594186,0,21.95662232504338,0,Zone_9,Kavya Gupta,43,Male,Mumbai,2019-05-24,260,13,3.95,0,4,5,1,Medium,91.05999999999999,0.3502307692307692,1638.07,6.3002692307692305,2655,0.05,11037,1.83,56.1,Mixed
T00588,R0103,8.29,74.64,139.36,2023-06-22,0,0.05566773402024565,0.009568987634269872,0,3,6,1,0,0,0,0,0,0,0,0,0,0,1,0,0,4.944210550715014,2.2289385528257473,8.63944442658207,0.06098535647242338,0.009568987634269872,0.35462941656745883,0.3615952811138272,0.32004643962848295,0.37061927518916765,0,16.810615199034984,0,Zone_7,Ishaan Gupta,37,Other,Surat,2022-11-24,175,14,3.07,0,3,11,2,Medium,71.43,0.40817142857142863,1236.44,7.065371428571429,1375,0.08,11070,0.64,45.2,Industrial
T00589,R0149,1.71,13.77,28.65,2023-10-05,0,-1.2391768878525693,-1.4691519760457905,0,3,10,0,1,0,0,0,0,0,0,0,0,1,0,0,0,3.3894621254437345,0.9969486348916096,3.7107950630558943,-1.2538594848921767,-1.4691519760457905,-1.3375385206682149,0.06743543415878414,0.06540247678018576,0.06760254878534448,0,16.75438596491228,0,Zone_6,Diya Reddy,30,Male,Jaipur,2019-09-14,89,8,4.57,0,5,9,1,Low,42.42,0.4766292134831461,661.12,7.428314606741573,2542,0.0898876404494382,14627,0.54,37.6,Mixed
T00590,R0067,15.09,133.2,145.23,2024-06-17,0,0.1243222180812464,1.537730469856825,0,0,6,0,1,0,0,0,0,0,0,0,0,1,0,0,0,4.985180724623787,2.7781979610042917,11.541230437002806,0.1307002803167931,1.537730469856825,1.9825800392801425,0.37719205016473584,0.5832043343653251,0.6621365989645559,0,9.624254473161033,0,Zone_6,Saanvi Iyer,32,Male,Pune,2022-07-24,348,9,3.38,0,6,7,1,High,113.07,0.32491379310344826,1846.81,5.3069252873563215,1498,0.02586206896551724,14627,0.54,37.6,Mixed
T00591,R0028,8.81,61.37,116.5,2023-08-24,0,-0.21169879164150637,0.1264283950983479,0,3,8,1,0,0,0,0,0,0,0,1,0,0,0,0,0,4.7664383335842135,2.2834022735772717,7.8339006886735545,-0.21051092275795122,0.1264283950983479,-0.014272645649025464,0.3008555638218727,0.34017027863777094,0.3045599362803664,0,13.223609534619749,0,Zone_4,Reyansh Sharma,20,Female,Surat,2023-11-11,249,21,3.79,0,5,11,0,Medium,84.88,0.34088353413654615,1499.51,6.022128514056225,1023,0.08433734939759036,4038,2.46,48.2,Business
T00592,R0098,11.52,78.71,114.56,2023-02-05,0,-0.234388689269844,0.7354456916899836,0,6,2,0,1,0,0,0,0,0,0,0,1,0,0,0,0,4.749789875598035,2.5273273656719524,8.871865643707642,-0.2335512894117975,0.7354456916899836,0.4677742088222507,0.29570092464661496,0.445046439628483,0.3908801274392672,0,9.944444444444445,0,Zone_5,Diya Singh,21,Other,Bengaluru,2023-04-29,286,56,3.5,0,5,4,2,Medium,70.87,0.24779720279720283,1071.75,3.7473776223776225,1219,0.1958041958041958,2590,1.31,43.9,Business
T00593,R0154,11.41,58.38,228.63,2023-08-24,0,1.09975389962937,0.7107254324187365,0,3,8,0,0,0,1,0,0,0,0,1,0,0,0,0,0,5.436469317930779,2.5185025992165158,7.6406805979572265,1.1211985168790517,0.7107254324187365,-0.09739375838657525,0.5987883940907641,0.44078947368421056,0.2896754281162884,0,20.03768624014023,0,Zone_4,Kavya Patel,18,Other,Kolkata,2019-03-25,466,79,4.68,0,0,3,2,High,138.62,0.2974678111587983,2059.52,4.419570815450644,2715,0.16952789699570817,4038,2.46,48.2,Business
T00594,R0187,9.48,82.32,229.76,2024-07-23,1,1.1129701802067007,0.2769972470232173,0,1,7,1,0,0,0,0,0,0,0,0,0,0,0,0,1,5.441378209388689,2.349468678892896,9.073036977771004,1.1346189366310342,0.2769972470232173,0.5681311375789582,0.6017908385588266,0.36609907120743035,0.4088510553564317,0,24.236286919831223,1,Zone_9,Saanvi Reddy,27,Other,Surat,2022-08-05,357,38,4.71,0,4,8,2,High,75.58,0.21170868347338936,1363.34,3.818879551820728,1486,0.10644257703081232,11037,1.83,56.1,Mixed
T00595,R0175,10.62,80.66,135.0,2024-01-16,0,0.004673943474084596,0.5331890249252336,0,1,1,1,0,0,0,0,0,1,0,0,0,0,0,0,0,4.912654885736052,2.4527277514237653,8.981091247727083,0.009203913889552155,0.5331890249252336,0.5219836301728268,0.35001062812201084,0.41021671826625383,0.4005874153723616,0,12.711864406779663,0,Zone_2,Diya Patel,35,Male,Chennai,2022-08-18,98,8,3.48,0,3,8,1,Low,70.26,0.7169387755102041,1267.03,12.928877551020408,1473,0.08163265306122448,6371,0.91,58.4,Residential
T00596,R0290,9.19,58.17,176.65,2023-09-09,0,0.49180499307215836,0.2118256543990199,0,5,9,0,0,1,0,0,1,0,0,0,0,0,0,0,0,5.179815322467036,2.321406847234633,7.626925986267338,0.5038592082878504,0.2118256543990199,-0.10323169607048348,0.46067594855988947,0.35487616099071206,0.2886300278773397,0,19.22198041349293,0,Zone_10,Saanvi Kumar,34,Other,Chennai,2020-05-06,169,4,4.28,0,2,5,2,Medium,68.22,0.40366863905325445,1077.67,6.376745562130178,2307,0.023668639053254437,2440,1.54,35.4,Industrial
T00597,R0019,2.47,20.08,56.95,2023-07-11,0,-0.908185082243314,-1.298357457444446,0,1,7,1,0,0,0,0,0,0,0,0,1,0,0,0,0,4.059580569785761,1.244154593958768,4.481071300481616,-0.9177551672097797,-1.298357457444446,-1.1621223931184024,0.14262939738548197,0.09481424148606814,0.09901433691756271,0,23.05668016194332,0,Zone_5,Kavya Patel,40,Other,Mumbai,2023-04-02,266,24,4.08,0,6,4,2,Medium,38.75,0.14567669172932332,632.99,2.3796616541353384,1246,0.09022556390977443,2590,1.31,43.9,Business
T00598,R0077,9.83,57.3,109.08,2023-10-08,0,-0.298481802158138,0.3556526174317311,0,6,10,0,1,0,0,0,0,0,0,0,0,0,0,1,0,4.701207374185033,2.382320061012899,7.569676347110224,-0.29863438697008504,0.3556526174317311,-0.12741743790381754,0.28114039749176317,0.3796439628482972,0.2842990840302668,0,11.096642929806714,0,Zone_8,Reyansh Das,28,Male,Mumbai,2019-09-07,406,72,3.79,0,5,9,1,High,146.85999999999999,0.3617241379310345,2343.82,5.7729556650246305,2549,0.17733990147783252,4516,1.93,31.0,Business
T00599,R0077,13.12,118.75,124.69,2023-08-18,0,-0.11590999701465829,1.0950130992717613,0,4,8,0,0,1,0,0,0,0,0,0,0,0,0,1,0,4.8338185579367465,2.647592232065096,10.897247358851684,-0.11324257075021868,1.0950130992717613,1.5808743272207457,0.32261664363906895,0.5069659442724458,0.5902031063321386,0,9.503810975609756,0,Zone_8,Reyansh Das,28,Male,Mumbai,2019-09-07,406,72,3.79,0,5,9,1,High,146.85999999999999,0.3617241379310345,2343.82,5.7729556650246305,2549,0.17733990147783252,4516,1.93,31.0,Business
T00600,R0058,6.95,59.97,83.74,2023-09-10,0,-0.5948539701488988,-0.2915687162154687,0,6,9,0,0,0,1,0,0,0,0,0,0,0,0,0,1,4.439587745198413,2.0731719286662407,7.744029958619737,-0.5995843307888816,-0.2915687162154687,-0.053192230208413356,0.21381124455308745,0.26818885448916413,0.29759060135404225,0,12.048920863309352,0,Zone_9,Vivaan Reddy,46,Male,Kolkata,2021-05-31,480,25,4.32,0,0,5,1,High,76.12,0.15858333333333335,1043.47,2.1738958333333334,1917,0.052083333333333336,11037,1.83,56.1,Mixed
T00601,R0070,10.76,96.0,254.15,2024-05-04,0,1.398231315853688,0.5646511730886393,0,5,5,0,0,0,1,0,0,0,1,0,0,0,0,0,0,5.54185160750998,2.464703942470481,9.797958971132712,1.4242862266760403,0.5646511730886393,0.9484310781306918,0.6665958125199277,0.41563467492260064,0.4769514137793708,0,23.619888475836433,0,Zone_3,Meera Reddy,33,Male,Bengaluru,2023-01-03,310,6,3.54,0,1,1,1,Medium,89.81,0.2897096774193548,1654.69,5.337709677419355,1335,0.01935483870967742,12971,2.11,38.0,Business
T00602,R0268,10.1,100.47,211.34,2023-07-25,0,0.8975331109726907,0.416329617461156,0,1,7,0,0,1,0,0,1,0,0,0,0,0,0,0,0,5.358188763585427,2.4069451083182885,10.023472452199387,0.9158542181960607,0.416329617461156,1.072695751688166,0.5528483366989053,0.39009287925696595,0.49920350457984863,0,20.924752475247526,0,Zone_10,Ishaan Kumar,34,Male,Chennai,2022-10-16,10,0,4.6,0,6,10,1,Low,42.519999999999996,4.252,726.0799999999999,72.60799999999999,1414,0.0,2440,1.54,35.4,Industrial
T00603,R0021,17.08,144.62,379.63,2023-04-09,0,2.9962316833587255,1.9849424330366607,0,6,4,0,0,0,1,0,1,0,0,0,0,0,0,0,0,5.94182777466688,2.89480635496403,12.025805586321441,2.9145466430289444,1.9849424330366607,2.300052650471722,0.9999999999999999,0.6602167182662538,0.7189864595778575,0,22.22658079625293,0,Zone_10,Diya Ghosh,37,Female,Pune,2019-05-08,380,17,3.91,0,2,5,0,High,34.72,0.09136842105263157,678.44,1.7853684210526317,2671,0.04473684210526316,2440,1.54,35.4,Industrial
T00604,R0290,6.74,55.38,55.87,2023-06-02,0,-0.9208165716446566,-0.338761938460577,0,4,6,0,1,0,0,0,0,0,0,0,0,1,0,0,0,4.040767961318708,2.046401687601636,7.441773982055623,-0.9305817630789311,-0.338761938460577,-0.18079286815669227,0.13975980444255498,0.26006191950464397,0.2747411389884508,0,8.289317507418398,0,Zone_6,Saanvi Kumar,34,Other,Chennai,2020-05-06,169,4,4.28,0,2,5,2,Medium,68.22,0.40366863905325445,1077.67,6.376745562130178,2307,0.023668639053254437,14627,0.54,37.6,Mixed
T00605,R0134,6.54,58.19,156.44,2023-07-10,0,0.2554323997377749,-0.38370786440829924,0,0,7,0,0,0,1,0,0,1,0,0,0,0,0,0,0,5.059044433303943,2.020222182019865,7.62823701781742,0.2638355948475236,-0.38370786440829924,-0.10267570200534948,0.40697736210011687,0.25232198142414863,0.28872958980485863,0,23.920489296636084,0,Zone_2,Aadhya Singh,34,Male,Jaipur,2022-07-30,410,29,4.59,0,5,7,1,High,55.82,0.13614634146341464,1084.4,2.644878048780488,1492,0.07073170731707316,6371,0.91,58.4,Residential
T00606,R0190,7.42,41.81,83.65,2024-06-01,0,-0.5959065942656773,-0.18594579023832156,0,5,6,0,0,0,1,1,0,0,0,0,0,0,0,0,0,4.438525108579144,2.130609828254235,6.466065264130885,-0.6006532137779774,-0.18594579023832156,-0.5580348413501881,0.21357211180784355,0.2863777089783282,0.20718837116686578,0,11.273584905660378,0,Zone_1,Saanvi Iyer,35,Other,Surat,2020-09-25,274,47,4.12,0,4,9,2,Medium,69.99,0.25543795620437953,1117.92,4.08,2165,0.17153284671532848,4921,2.43,30.9,Residential
T00607,R0232,7.49,65.67,161.66,2024-06-28,0,0.31648459851093075,-0.17021471615661873,0,4,6,0,0,1,0,0,0,0,0,0,0,0,1,0,0,5.091662132738629,2.138889000323256,8.103702857336268,0.3258308082150894,-0.17021471615661873,0.10526607835480901,0.42084706132426397,0.28908668730650156,0.3259657506969335,0,21.583444592790386,0,Zone_7,Meera Das,38,Male,Jaipur,2022-12-08,172,15,3.94,0,3,12,1,Medium,93.19999999999999,0.541860465116279,1490.84,8.667674418604651,1361,0.0872093023255814,11070,0.64,45.2,Industrial
T00608,R0180,3.36,18.11,60.68,2023-09-26,0,-0.8645596605146029,-1.0983480869770825,0,1,9,1,0,0,0,0,1,0,0,0,0,0,0,0,0,4.1219597292550745,1.4724720573609429,4.255584566190643,-0.8734559055505803,-1.0983480869770825,-1.2168878085341126,0.1525401211605909,0.12925696594427244,0.08920748705694942,0,18.05952380952381,0,Zone_10,Diya Kumar,33,Male,Hyderabad,2019-12-03,44,4,4.53,0,1,12,1,Low,5.65,0.12840909090909092,84.89,1.929318181818182,2462,0.09090909090909091,2440,1.54,35.4,Industrial
T00609,R0088,4.79,26.77,39.37,2024-02-17,0,-1.1137976597207242,-0.7769847164508685,0,5,2,0,0,1,0,0,0,0,0,0,0,0,0,0,1,3.6980869348648495,1.7561322915849038,5.173973328110612,-1.1265436444131909,-0.7769847164508685,-0.9761423783310413,0.09591880114783717,0.18459752321981424,0.13231780167264037,0,8.21920668058455,0,Zone_9,Diya Iyer,22,Other,Jaipur,2019-07-07,438,0,4.78,0,6,7,2,High,62.25,0.1421232876712329,893.76,2.0405479452054793,2611,0.0,11037,1.83,56.1,Mixed
T00610,R0157,9.5,80.41,84.66,2023-09-18,0,-0.5840938125107181,0.2814918396179894,0,0,9,0,0,0,1,0,0,0,0,0,0,1,0,0,0,4.450385972187225,2.3513752571634776,8.967162315916893,-0.5886579713447896,0.2814918396179894,0.5150337043586504,0.2162557126155808,0.3668730650154799,0.39934289127837513,0,8.91157894736842,0,Zone_6,Kavya Nair,36,Female,Hyderabad,2021-11-23,319,27,4.65,0,1,11,0,Medium,113.9,0.3570532915360502,1875.93,5.880658307210031,1741,0.08463949843260188,14627,0.54,37.6,Mixed
T00611,R0099,7.96,61.42,151.42,2024-01-28,0,0.19671936566857112,-0.06459179017947159,0,6,1,0,0,1,0,0,0,0,0,1,0,0,0,0,0,5.026639868237972,2.192770226986839,7.8370912971586595,0.20421567701128204,-0.06459179017947159,-0.012882660486190061,0.3936390689765118,0.30727554179566563,0.30480884109916373,0,19.02261306532663,0,Zone_4,Diya Gupta,35,Other,Mumbai,2021-08-21,80,8,3.7,0,5,8,2,Low,69.37,0.867125,1282.66,16.033250000000002,1835,0.1,4038,2.46,48.2,Business
T00612,R0247,4.0,39.7,87.48,2024-03-07,0,-0.5511115901849901,-0.9545211239443713,0,3,3,0,1,0,0,0,0,0,0,0,0,0,0,1,0,4.482776537774025,1.6094379124341003,6.300793600809346,-0.555166304353116,-0.9545211239443713,-0.616692215221837,0.2237485386332235,0.1540247678018576,0.19668458781362008,0,21.87,0,Zone_8,Aadhya Das,37,Male,Bengaluru,2021-05-11,249,47,4.92,0,1,5,1,Medium,133.48,0.5360642570281124,2367.44,9.507791164658634,1937,0.18875502008032127,4516,1.93,31.0,Business
T00613,R0148,4.68,38.57,101.07,2024-08-01,0,-0.39216534855142904,-0.8017049757221159,0,3,8,1,0,0,0,0,0,0,1,0,0,0,0,0,0,4.625658852415407,1.7369512327330598,6.210475022089695,-0.39376497299962576,-0.8017049757221159,-0.6481058799019146,0.2598575831650547,0.1803405572755418,0.19105933890880125,0,21.596153846153847,0,Zone_3,Aarav Kumar,44,Male,Ahmedabad,2019-09-30,412,34,3.36,0,0,9,1,High,23.19,0.056286407766990294,408.63,0.9918203883495146,2526,0.0825242718446602,12971,2.11,38.0,Business
T00614,R0252,6.22,32.14,82.7,2024-02-10,0,-0.6070176266094509,-0.45562134592465486,0,5,2,0,0,1,0,0,0,0,0,0,1,0,0,0,0,4.4272389774954295,1.9768549529047348,5.669215113223347,-0.6119358675517682,-0.45562134592465486,-0.826857971842532,0.21104793283026888,0.23993808049535603,0.15905017921146952,0,13.29581993569132,0,Zone_5,Reyansh Gupta,38,Other,Ahmedabad,2020-09-23,392,47,4.83,0,2,9,2,High,100.41,0.25614795918367345,1682.05,4.290943877551021,2167,0.11989795918367346,2590,1.31,43.9,Business
T00615,R0249,3.99,20.79,81.77,2023-11-30,0,-0.6178947424828293,-0.9567684202417573,0,3,11,0,0,0,1,1,0,0,0,0,0,0,0,0,0,4.416065676897304,1.6074359097634274,4.559605246071199,-0.6229809917724266,-0.9567684202417573,-1.1423846038061414,0.2085768944627484,0.15363777089783281,0.10254878534448426,0,20.493734335839598,0,Zone_1,Diya Nair,20,Male,Mumbai,2023-03-24,396,48,4.49,0,4,3,1,High,64.71,0.1634090909090909,1080.53,2.728611111111111,1255,0.12121212121212122,4921,2.43,30.9,Residential
T00616,R0182,5.43,34.75,111.09,2024-01-15,0,-0.274973196883417,-0.6331577534181576,0,0,1,0,1,0,0,0,0,0,0,1,0,0,0,0,0,4.719302120033004,1.860974538249528,5.894913061275798,-0.2747626668802752,-0.6331577534181576,-0.7543007463425302,0.28648102880221066,0.20936532507739938,0.17204301075268816,0,20.458563535911605,0,Zone_4,Meera Patel,43,Male,Jaipur,2020-09-30,8,0,4.4,0,2,9,1,Low,49.53,6.19125,835.81,104.47625,2160,0.0,4038,2.46,48.2,Business
T00617,R0215,5.3,47.72,89.41,2024-05-26,0,-0.5285386507918501,-0.662372605284177,0,6,5,1,0,0,0,0,0,0,0,0,0,0,1,0,0,4.504354880749275,1.840549633397487,6.907966415668217,-0.532244702475836,-0.662372605284177,-0.39373859510305775,0.22887660750345412,0.2043343653250774,0.23660892074870568,0,16.869811320754717,0,Zone_7,Saanvi Gupta,26,Female,Hyderabad,2020-02-28,438,48,3.24,0,4,2,0,High,18.15,0.04143835616438356,372.1,0.8495433789954339,2375,0.1095890410958904,11070,0.64,45.2,Industrial
T00618,R0282,12.48,112.31,131.55,2024-03-17,0,-0.035676647669093044,0.9511861362390505,0,6,3,0,0,0,1,0,0,1,0,0,0,0,0,0,0,4.886959932735035,2.601207105484161,10.59764124699454,-0.03176993402579294,0.9511861362390505,1.4018442382475613,0.34084387288766077,0.4821981424148607,0.5581441656710474,0,10.540865384615385,0,Zone_2,Reyansh Kumar,22,Other,Bengaluru,2022-05-02,319,3,4.47,0,0,5,2,Medium,92.87,0.29112852664576805,1399.75,4.387931034482759,1581,0.009404388714733543,6371,0.91,58.4,Residential
T00619,R0026,13.08,87.75,177.87,2024-07-08,0,0.5060738977662675,1.086023914082217,0,0,7,0,1,0,0,0,0,0,0,0,0,0,0,1,0,5.186659285005154,2.644755350729896,9.367496997597597,0.518348511028929,1.086023914082217,0.7190835262628701,0.4639175257731959,0.5054179566563468,0.4358821186778176,0,13.59862385321101,0,Zone_8,Aarav Kumar,26,Female,Surat,2020-04-17,44,5,3.17,0,4,4,0,Low,79.29,1.8020454545454547,973.19,22.11795454545455,2326,0.11363636363636363,4516,1.93,31.0,Business
T00620,R0120,12.67,91.94,164.83,2024-07-20,0,0.35356035906857547,0.9938847658893865,0,5,7,0,1,0,0,0,0,0,0,0,0,0,0,0,1,5.110963167226007,2.6152036507358583,9.588534820294496,0.36347924238658075,0.9938847658893865,0.8355642829084667,0.4292698480178553,0.4895510835913313,0.4567403424930307,0,13.009471191791635,0,Zone_9,Ishaan Gupta,18,Other,Surat,2020-07-12,311,15,4.55,0,6,7,2,Medium,68.2,0.21929260450160773,1013.95,3.260289389067524,2240,0.04823151125401929,11037,1.83,56.1,Mixed
T00621,R0261,10.13,63.13,190.94,2023-12-11,0,0.6589383111695526,0.42307150635331453,0,0,12,0,1,0,0,0,0,0,0,1,0,0,0,0,0,5.257182823189481,2.4096441652874536,7.945438943192503,0.6735740740009759,0.42307150635331453,0.03465483208277665,0.4986449144436178,0.3912538699690403,0.31332138590203107,0,18.848963474827244,0,Zone_4,Aarav Kumar,31,Male,Pune,2022-08-26,477,83,4.24,0,4,8,1,High,49.17,0.10308176100628931,649.73,1.3621174004192873,1465,0.1740041928721174,4038,2.46,48.2,Business
T00622,R0117,4.46,30.63,101.5,2023-07-24,0,-0.3871361444379315,-0.8511454942646103,0,0,7,1,0,0,0,0,0,0,1,0,0,0,0,0,0,4.629862798578463,1.6974487897568136,5.534437640808685,-0.3886580876072783,-0.8511454942646103,-0.8688355237601576,0.2610001062812201,0.17182662538699692,0.1515332536837913,0,22.757847533632287,0,Zone_3,Aadhya Gupta,21,Female,Ahmedabad,2021-06-12,369,37,3.16,0,5,6,0,High,29.189999999999998,0.07910569105691057,491.48,1.3319241192411924,1905,0.1002710027100271,12971,2.11,38.0,Business
T00623,R0236,12.8,93.31,160.15,2023-06-23,0,0.29882390499609074,1.023099617755406,0,4,6,0,0,0,1,0,0,0,1,0,0,0,0,0,0,5.082335608261447,2.624668592163159,9.659710140578753,0.3078973269535906,1.023099617755406,0.8736498763701537,0.4168349452651717,0.4945820433436533,0.4635603345280765,0,12.51171875,0,Zone_3,Arjun Gupta,28,Male,Ahmedabad,2020-08-10,61,1,3.36,0,0,8,1,Low,50.01,0.8198360655737704,768.54,12.599016393442623,2211,0.01639344262295082,12971,2.11,38.0,Business
T00624,R0199,6.43,46.45,157.91,2023-01-31,1,0.2726252603118245,-0.40842812367954656,0,1,1,0,0,1,0,0,0,0,0,0,0,0,1,0,0,5.068338004224545,2.005525858729668,6.815423684555495,0.28129401700275763,-0.40842812367954656,-0.42904421823907385,0.41088319693910086,0.24806501547987617,0.2302867383512545,0,24.55832037325039,1,Zone_7,Aarav Das,29,Male,Ahmedabad,2021-08-03,344,27,3.91,0,1,8,1,High,85.15,0.24752906976744188,1600.5,4.652616279069767,1853,0.07848837209302326,11070,0.64,45.2,Industrial
T00625,R0099,8.12,45.04,125.93,2023-06-06,0,-0.1014071758501537,-0.02863504942129399,0,1,6,1,0,0,0,0,0,1,0,0,0,0,0,0,0,4.843635753400086,2.21046980408624,6.711184694225007,-0.09851573845600753,-0.02863504942129399,-0.4682417998310289,0.3259113614624296,0.3134674922600619,0.22326762246117082,0,15.508620689655174,0,Zone_2,Diya Gupta,35,Other,Mumbai,2021-08-21,80,8,3.7,0,5,8,2,Low,69.37,0.867125,1282.66,16.033250000000002,1835,0.1,6371,0.91,58.4,Residential
T00626,R0254,14.69,127.86,246.29,2024-04-17,0,1.3063021429883612,1.4478386179613807,0,2,4,0,0,0,1,0,0,0,0,0,0,1,0,0,0,5.510561736993246,2.753023566744941,11.30751962191532,1.3309371122949927,1.4478386179613807,1.834129623889334,0.6457115527686258,0.5677244582043344,0.6355535643170052,0,16.76582709326072,0,Zone_6,Meera Kumar,18,Male,Delhi,2020-03-09,363,70,3.68,0,0,3,1,High,82.37,0.2269146005509642,1214.6,3.346005509641873,2365,0.1928374655647383,14627,0.54,37.6,Mixed
T00627,R0215,8.42,65.2,194.46,2023-06-11,0,0.7001076099591138,0.038783839500289484,0,6,6,0,0,0,1,1,0,0,0,0,0,0,0,0,0,5.27535575491069,2.2428350885882717,8.07465169527454,0.7153792753522847,0.038783839500289484,0.09220021782415738,0.5079976618131576,0.325077399380805,0.323626045400239,0,23.095011876484563,0,Zone_1,Saanvi Gupta,26,Female,Hyderabad,2020-02-28,438,48,3.24,0,4,2,0,High,18.15,0.04143835616438356,372.1,0.8495433789954339,2375,0.1095890410958904,4921,2.43,30.9,Residential
T00628,R0011,9.24,53.33,173.78,2023-01-17,0,0.4582379795704423,0.2230621358859506,0,1,1,0,0,0,1,0,0,0,0,0,0,0,0,0,1,5.163528040199398,2.3263016196113617,7.302739212103908,0.4697737174133457,0.2230621358859506,-0.237782259832939,0.45305027101711126,0.3568111455108359,0.2645360414177619,0,18.807359307359306,0,Zone_9,Vivaan Nair,26,Male,Chennai,2020-04-14,208,34,4.0,0,1,4,1,Medium,88.96000000000001,0.4276923076923077,1633.78,7.8547115384615385,2329,0.16346153846153846,11037,1.83,56.1,Mixed
T00629,R0202,0.9400000000000001,9.32,8.98,2023-07-30,0,-1.4692337364862815,-1.642193790944521,0,6,7,0,1,0,0,0,0,1,0,0,0,0,0,0,0,2.300583090323373,0.6626879730752369,3.0528675044947495,-1.4874698003979276,-1.642193790944521,-1.4612472001605552,0.015171644170475078,0.03560371517027864,0.04545001991238551,0,9.553191489361701,0,Zone_2,Aadhya Reddy,27,Male,Ahmedabad,2021-10-28,317,0,4.72,0,3,10,1,Medium,73.7,0.23249211356466878,909.14,2.86794952681388,1767,0.0,6371,0.91,58.4,Residential
T00630,R0014,10.44,104.32,248.28,2024-04-02,0,1.329576831792687,0.4927376915722837,0,1,4,0,0,0,1,0,0,0,0,0,0,0,0,0,1,5.518576762682383,2.437115985951652,10.213716267842964,1.3545713028316702,0.4927376915722837,1.1797246092264828,0.650999043469019,0.40325077399380804,0.5183691756272402,0,23.7816091954023,0,Zone_9,Aarav Das,26,Female,Ahmedabad,2021-06-08,325,53,3.0,0,1,6,0,High,42.19,0.1298153846153846,881.0,2.710769230769231,1909,0.16307692307692306,11037,1.83,56.1,Mixed
T00631,R0223,3.1,23.61,60.84,2023-01-12,0,-0.8626883287514411,-1.1567777907091212,0,3,1,0,0,1,0,1,0,0,0,0,0,0,0,0,0,4.124550404279167,1.410986973710262,4.859012245302536,-0.8715556691255208,-1.1567777907091212,-1.0639894406222314,0.15296524604102454,0.1191950464396285,0.11658701712465153,0,19.625806451612902,0,Zone_1,Meera Ghosh,30,Female,Surat,2019-11-29,158,10,4.04,0,4,11,0,Low,56.4,0.3569620253164557,987.21,6.248164556962026,2466,0.06329113924050633,4921,2.43,30.9,Residential
T00632,R0296,13.06,98.26,211.91,2024-08-04,0,0.9041997303789548,1.0815293214874449,0,6,8,1,0,0,0,1,0,0,0,0,0,0,0,0,0,5.360869541205001,2.643333886382519,9.912618221237011,0.9226238104603351,1.0815293214874449,1.0112584074908468,0.5543628440854501,0.5046439628482973,0.4882019115890084,0,16.225880551301685,0,Zone_1,Reyansh Patel,37,Other,Hyderabad,2021-02-20,390,58,3.97,0,5,2,2,High,79.46000000000001,0.20374358974358978,1306.46,3.349897435897436,2017,0.14871794871794872,4921,2.43,30.9,Residential
T00633,R0073,7.08,40.86,147.7,2023-10-16,0,0.15321090217505773,-0.2623538643494493,0,0,10,0,0,0,1,0,0,0,0,0,1,0,0,0,0,5.001930853466109,2.089391872533004,6.3921827257987545,0.16003518012864895,-0.2623538643494493,-0.5844445594440586,0.38375491550643,0.27321981424148606,0.20245917960971724,0,20.86158192090395,0,Zone_5,Meera Das,41,Other,Ahmedabad,2021-06-19,490,30,3.01,0,5,6,2,High,78.61,0.16042857142857142,1275.7,2.6034693877551023,1898,0.061224489795918366,2590,1.31,43.9,Business
T00634,R0154,3.18,26.38,41.28,2024-03-16,0,-1.0914586367979795,-1.1387994203300325,0,5,3,0,1,0,0,0,0,1,0,0,0,0,0,0,0,3.7443141610020367,1.430311246536665,5.136146415358503,-1.1038595720890434,-1.1387994203300325,-0.9869842626011566,0.10099372940801361,0.12229102167182665,0.1303763440860215,0,12.981132075471697,0,Zone_2,Kavya Patel,18,Other,Kolkata,2019-03-25,466,79,4.68,0,0,3,2,High,138.62,0.2974678111587983,2059.52,4.419570815450644,2715,0.16952789699570817,6371,0.91,58.4,Residential
T00635,R0275,6.21,54.65,58.18,2024-07-02,0,-0.8937992193140071,-0.45786864222204093,0,1,7,0,1,0,0,0,1,0,0,0,0,0,0,0,0,4.080583646972063,1.9754689512968577,7.392563831310488,-0.9031470996921348,-0.45786864222204093,-0.2010866515340875,0.14589754490381548,0.2395510835913313,0.2711071286340104,0,9.368760064412239,0,Zone_10,Ishaan Das,21,Other,Jaipur,2022-10-04,247,17,3.07,0,1,10,2,Medium,33.85,0.13704453441295547,326.07000000000005,1.3201214574898787,1426,0.06882591093117409,2440,1.54,35.4,Industrial
T00636,R0156,6.86,62.33,169.38,2023-02-15,1,0.4067763560834909,-0.31179438289194367,0,2,2,0,0,0,1,0,1,0,0,0,0,0,0,0,0,5.138031236614695,2.061786606441115,7.894935085230276,0.41751721572420974,-0.31179438289194367,0.012415069477412,0.4413593368051865,0.2647058823529412,0.3093389088012744,0,24.69096209912536,1,Zone_10,Ishaan Iyer,33,Female,Jaipur,2022-07-07,255,18,4.28,0,3,7,0,Medium,24.18,0.09482352941176471,484.23,1.8989411764705884,1515,0.07058823529411765,2440,1.54,35.4,Industrial
T00637,R0097,10.43,91.42,172.22,2023-06-23,0,0.43999249487961406,0.49049039527489763,0,4,6,1,0,0,0,0,0,0,0,0,0,0,0,0,1,5.1545624629028985,2.4362414778067194,9.561380653441217,0.4512464122690157,0.49049039527489763,0.82110843721498,0.4489053034328834,0.40286377708978327,0.45415173237753886,0,16.511984659635665,0,Zone_9,Aarav Iyer,23,Other,Bengaluru,2021-01-25,478,5,3.28,0,0,1,2,High,69.43,0.1452510460251046,1117.1,2.3370292887029285,2043,0.010460251046025104,11037,1.83,56.1,Mixed
T00638,R0074,11.35,102.24,272.71,2024-07-10,0,1.6153058003804643,0.6972416546344198,0,2,7,1,0,0,0,0,1,0,0,0,0,0,0,0,0,5.612069151732869,2.513656063073986,10.11137972781163,1.6447136519829406,0.6972416546344198,1.121901226452535,0.7159102986502285,0.43846749226006193,0.5080147351652727,0,24.027312775330394,0,Zone_10,Vivaan Ghosh,23,Male,Kolkata,2023-09-11,199,22,4.89,0,0,9,1,Medium,46.19,0.2321105527638191,817.27,4.106884422110553,1084,0.11055276381909548,2440,1.54,35.4,Industrial
T00639,R0291,6.36,52.12,77.79,2023-09-19,0,-0.6644441200914807,-0.42415919776124916,0,1,9,0,0,0,1,0,0,1,0,0,0,0,0,0,0,4.366786085257597,1.9960599327407849,7.219418259112018,-0.6702493728457812,-0.42415919776124916,-0.2714199007735529,0.19800191306196196,0.24535603715170282,0.2585125448028674,0,12.231132075471699,0,Zone_2,Arjun Ghosh,23,Other,Pune,2021-04-19,499,94,3.46,0,0,4,2,High,46.45,0.09308617234468938,795.59,1.59436873747495,1959,0.18837675350701402,6371,0.91,58.4,Residential
T00640,R0105,13.06,111.2,238.26,2023-12-14,0,1.212384680124675,1.0815293214874449,0,3,12,1,0,0,0,0,0,1,0,0,0,0,0,0,0,5.477550826742758,2.643333886382519,10.545141061171254,1.2355689967123196,1.0815293214874449,1.370986567632618,0.624375597831863,0.5046439628482973,0.5526184786937476,0,18.243491577335373,0,Zone_2,Diya Das,31,Female,Jaipur,2020-09-28,346,9,3.69,0,0,9,0,High,95.2,0.27514450867052026,1301.12,3.7604624277456646,2162,0.02601156069364162,6371,0.91,58.4,Residential
T00641,R0298,7.84,51.89,109.17,2024-08-07,0,-0.29742917804135943,-0.09155934574810494,0,2,8,1,0,0,0,0,0,1,0,0,0,0,0,0,0,4.702024627351974,2.179286876649552,7.2034713853808015,-0.297565503980989,-0.09155934574810494,-0.27781383252259506,0.2813795302370071,0.3026315789473684,0.25736758263639986,0,13.924744897959185,0,Zone_2,Vivaan Singh,35,Female,Ahmedabad,2020-03-25,65,11,3.88,0,2,3,0,Low,63.190000000000005,0.9721538461538463,1002.41,15.421692307692307,2349,0.16923076923076924,6371,0.91,58.4,Residential
T00642,R0064,4.43,26.39,92.16,2024-06-01,0,-0.49637513611250556,-0.8578873831567686,0,5,6,1,0,0,0,0,0,0,0,0,0,1,0,0,0,4.53431844501614,1.691939133945844,5.137119815616529,-0.499584388920126,-0.8578873831567686,-0.9867062655685895,0.23618344138590708,0.1706656346749226,0.13042612504978096,0,20.803611738148984,0,Zone_6,Ishaan Nair,21,Female,Bengaluru,2023-09-30,214,2,4.21,0,5,9,0,Medium,56.56,0.26429906542056075,1092.19,5.103691588785047,1065,0.009345794392523364,14627,0.54,37.6,Mixed
T00643,R0216,2.44,13.98,20.76,2023-01-13,0,-1.3314569354234889,-1.3050993463366047,0,4,1,1,0,0,0,0,0,1,0,0,0,0,0,0,0,3.080073421987742,1.235471471385307,3.7389838191679834,-1.3475648936029228,-1.3050993463366047,-1.331700582984307,0.0464714634924009,0.09365325077399382,0.06864794902429311,0,8.508196721311476,0,Zone_2,Ishaan Ghosh,44,Female,Chennai,2019-08-01,335,24,3.4,0,3,8,0,High,29.64,0.0884776119402985,498.88,1.4891940298507462,2586,0.07164179104477612,6371,0.91,58.4,Residential
T00644,R0113,1.73,14.83,27.56,2023-01-07,0,-1.2519253354891096,-1.4646573834510184,0,5,1,1,0,0,0,0,0,0,1,0,0,0,0,0,0,3.3520071374713836,1.0043016091968684,3.850973902793941,-1.2668048455378944,-1.4646573834510184,-1.308070835216107,0.06453927091083006,0.06617647058823531,0.07287933094384708,0,15.93063583815029,0,Zone_3,Aadhya Singh,26,Other,Chennai,2019-03-09,423,26,4.61,0,5,3,2,High,55.02,0.1300709219858156,1096.29,2.591702127659574,2731,0.061465721040189124,12971,2.11,38.0,Business
T00645,R0115,12.8,66.54,204.15,2024-02-23,0,0.8134401398656044,1.023099617755406,0,4,2,0,1,0,0,1,0,0,0,0,0,0,0,0,0,5.323741418888195,2.624668592163159,8.157205403813245,0.83046234384495,1.023099617755406,0.12945182018814308,0.5337442873844191,0.4945820433436533,0.3302966945440064,0,15.94921875,0,Zone_1,Aarav Ghosh,40,Female,Bengaluru,2020-03-01,170,15,4.4,0,6,3,0,Medium,83.48,0.49105882352941177,1425.97,8.388058823529413,2373,0.08823529411764706,4921,2.43,30.9,Residential
T00646,R0174,12.15,64.55,263.3,2024-02-10,0,1.5052481010595073,0.8770253584253088,0,5,2,0,0,1,0,0,0,0,0,0,0,0,1,0,0,5.577084821610244,2.5764217586237734,8.034301463101817,1.5329559972341298,0.8770253584253088,0.07413041070729855,0.6909076416197258,0.4694272445820434,0.32039028275587417,0,21.670781893004115,0,Zone_7,Aadhya Patel,32,Male,Kolkata,2019-02-07,320,7,3.8,0,3,2,1,Medium,62.14,0.1941875,921.79,2.88059375,2761,0.021875,11070,0.64,45.2,Industrial
T00647,R0056,4.12,38.92,80.46,2024-02-10,0,-0.6332162712937172,-0.927553568375738,0,5,2,0,0,1,0,0,0,0,0,0,0,1,0,0,0,4.400112102220266,1.6331544390514163,6.238589584192889,-0.6385391775026011,-0.927553568375738,-0.6383759837620675,0.2050961845041981,0.1586687306501548,0.1928016726403823,0,19.52912621359223,0,Zone_6,Meera Patel,40,Other,Hyderabad,2021-02-26,93,13,3.25,0,4,2,2,Low,66.22,0.7120430107526882,927.79,9.976236559139785,2011,0.13978494623655913,14627,0.54,37.6,Mixed
T00648,R0110,13.89,96.27,200.61,2023-03-20,0,0.7720369246056481,1.268054914170492,0,0,3,1,0,0,0,0,0,0,0,0,0,0,0,1,0,5.30633513814162,2.7006898466959175,9.81172767661231,0.7884196129405089,1.268054914170492,0.9559369980100022,0.5243383994048252,0.536764705882353,0.47829549980087616,0,14.442764578833694,0,Zone_8,Vivaan Patel,19,Female,Kolkata,2023-02-04,224,28,4.43,0,5,2,0,Medium,59.52,0.26571428571428574,946.68,4.226249999999999,1303,0.125,4516,1.93,31.0,Business
T00649,R0278,8.51,72.63,199.06,2024-07-30,0,0.7539083981500174,0.05900950617676445,0,1,7,0,0,0,1,0,1,0,0,0,0,0,0,0,0,5.2986173215570345,2.252343876557299,8.522323626805074,0.770011072572745,0.05900950617676445,0.2987520130214803,0.5202200021256244,0.3285603715170279,0.3606133014735165,0,23.39130434782609,0,Zone_10,Aarav Reddy,20,Female,Mumbai,2021-09-02,382,58,4.27,0,3,9,0,High,97.55,0.25536649214659685,2111.36,5.527120418848168,1823,0.1518324607329843,2440,1.54,35.4,Industrial
T00650,R0183,5.89,52.13,120.01,2023-02-09,0,-0.17064645108714283,-0.5297821237383965,0,3,2,1,0,0,0,0,0,0,1,0,0,0,0,0,0,4.7958731868099616,1.9300710850255671,7.220110802473879,-0.16882448618320864,-0.5297821237383965,-0.2711419037409857,0.3101817408863854,0.22716718266253869,0.25856232576662685,0,20.37521222410866,0,Zone_3,Arjun Patel,43,Other,Jaipur,2022-08-27,406,66,3.79,0,5,8,2,High,57.78,0.14231527093596058,851.14,2.0964039408866997,1464,0.1625615763546798,12971,2.11,38.0,Business
T00651,R0253,4.54,40.37,36.81,2023-09-16,0,-1.1437389679313141,-0.8331671238855214,0,5,9,1,0,0,0,0,0,0,0,0,0,0,0,0,1,3.6325736179028416,1.7119945007591924,6.353739056650029,-1.156947427214143,-0.8331671238855214,-0.5980664140398444,0.08911680306089914,0.17492260061919504,0.20001991238550376,0,8.107929515418503,0,Zone_9,Ishaan Gupta,26,Male,Surat,2021-08-19,173,24,3.16,0,3,8,1,Medium,49.82,0.28797687861271676,744.61,4.304104046242775,1837,0.13872832369942195,11037,1.83,56.1,Mixed
T00652,R0051,4.11,36.54,92.07,2024-03-14,0,-0.49742776022928414,-0.9298008646731241,0,3,3,1,0,0,0,0,0,1,0,0,0,0,0,0,0,4.533351898197619,1.631199404215613,6.044832503882965,-0.500653271909222,-0.9298008646731241,-0.7045392775130271,0.23594430864066315,0.15828173374613005,0.1809538032656312,0,22.401459854014597,0,Zone_2,Aarav Nair,21,Male,Kolkata,2020-04-05,213,14,4.02,0,6,4,1,Medium,59.18,0.2778403755868545,1101.02,5.169107981220657,2338,0.06572769953051644,6371,0.91,58.4,Residential
T00653,R0076,10.36,60.83,106.01,2023-10-31,0,-0.33438798036380624,0.4747593211931948,0,1,10,0,0,0,1,0,0,0,0,0,0,0,1,0,0,4.67292228803891,2.4300984132930052,7.7993589480161765,-0.3350951733759139,0.4747593211931948,-0.0292844854076465,0.272983313848443,0.4001547987616099,0.3018717642373556,0,10.232625482625483,0,Zone_7,Reyansh Reddy,40,Male,Bengaluru,2022-01-02,137,13,3.34,0,6,1,1,Low,56.769999999999996,0.4143795620437956,864.8100000000001,6.3124817518248175,1701,0.0948905109489051,11070,0.64,45.2,Industrial
T00654,R0091,11.25,78.11,193.37,2024-07-13,0,0.6873591623225735,0.6747686916605588,0,5,7,0,1,0,0,0,0,0,0,0,0,1,0,0,0,5.269763559129975,2.505525936990736,8.83798619596116,0.7024339147065669,0.6747686916605588,0.45109438686822745,0.5051014985652035,0.43459752321981426,0.38789326961369974,0,17.188444444444446,0,Zone_6,Meera Das,41,Other,Surat,2022-04-16,334,43,3.4,0,5,4,2,High,49.879999999999995,0.14934131736526945,903.61,2.7054191616766468,1597,0.12874251497005987,14627,0.54,37.6,Mixed
T00655,R0299,9.19,69.59,159.7,2023-12-19,0,0.2935607844121978,0.2118256543990199,0,1,12,0,0,0,1,0,0,0,0,1,0,0,0,0,0,5.0795392727434665,2.321406847234633,8.342062095189654,0.3025529120081106,0.2118256543990199,0.21424091512109528,0.415639281538952,0.35487616099071206,0.3454798884906412,0,17.377584330794342,0,Zone_4,Ishaan Gupta,33,Other,Kolkata,2020-09-04,457,0,3.92,0,4,9,2,High,29.89,0.06540481400437637,461.2,1.0091903719912472,2186,0.0,4038,2.46,48.2,Business
T00656,R0073,2.25,11.5,41.0,2023-02-08,0,-1.0947334673835127,-1.3477979759869407,0,2,2,0,1,0,0,0,1,0,0,0,0,0,0,0,0,3.7376696182833684,1.1786549963416462,3.391164991562634,-1.1071849858328975,-1.3477979759869407,-1.400643847060937,0.10024976086725476,0.08630030959752323,0.05630227001194743,0,18.22222222222222,0,Zone_10,Meera Das,41,Other,Ahmedabad,2021-06-19,490,30,3.01,0,5,6,2,High,78.61,0.16042857142857142,1275.7,2.6034693877551023,1898,0.061224489795918366,2440,1.54,35.4,Industrial
T00657,R0101,9.48,67.16,153.7,2023-07-18,0,0.22338584329362776,0.2769972470232173,0,1,7,0,1,0,0,0,0,0,0,0,0,1,0,0,0,5.04148775757902,2.349468678892896,8.19512049941915,0.23129404606837978,0.2769972470232173,0.14668763620730033,0.399697098522691,0.36609907120743035,0.3333831142970928,0,16.21308016877637,0,Zone_6,Aarav Singh,37,Female,Delhi,2020-11-01,228,29,3.03,0,6,11,0,Medium,45.29,0.19864035087719298,671.3599999999999,2.9445614035087715,2128,0.12719298245614036,14627,0.54,37.6,Mixed
T00658,R0034,10.83,85.4,175.44,2024-06-29,0,0.47765304661324665,0.5803822471703421,0,5,6,0,0,1,0,0,0,0,0,1,0,0,0,0,0,5.172980875236739,2.4706386779902956,9.241212041718338,0.4894886703233379,0.5803822471703421,0.6537542236096119,0.45746094165161016,0.418343653250774,0.4241835921943449,0,16.1994459833795,0,Zone_4,Arjun Iyer,26,Other,Chennai,2019-04-23,484,48,3.1,0,1,4,2,High,22.86,0.047231404958677684,425.25,0.8786157024793388,2686,0.09917355371900827,4038,2.46,48.2,Business
T00659,R0235,4.65,41.2,54.67,2023-03-24,0,-0.9348515598683707,-0.8084468646142741,0,4,3,1,0,0,0,0,0,0,0,0,0,0,0,1,0,4.019441402195416,1.7316555451583497,6.418722614352485,-0.9448335362668774,-0.8084468646142741,-0.5749926603367785,0.1365713678393028,0.1791795665634675,0.20415173237753884,0,11.756989247311827,0,Zone_8,Aarav Ghosh,34,Other,Delhi,2021-02-15,284,8,4.06,0,0,2,2,Medium,55.65,0.1959507042253521,846.06,2.9790845070422534,2022,0.028169014084507043,4516,1.93,31.0,Business
T00660,R0298,8.22,44.79,124.91,2023-05-08,0,-0.11333691584031073,-0.006162086447432565,0,0,5,0,1,0,0,0,0,0,0,1,0,0,0,0,0,4.835567366013609,2.2213750375685026,6.692533152700851,-0.11062974566576189,-0.006162086447432565,-0.47519172564520534,0.3232011903496652,0.31733746130030965,0.22202309836718437,0,15.195863746958636,0,Zone_4,Vivaan Singh,35,Female,Ahmedabad,2020-03-25,65,11,3.88,0,2,3,0,Low,63.190000000000005,0.9721538461538463,1002.41,15.421692307692307,2349,0.16923076923076924,4038,2.46,48.2,Business
T00661,R0232,1.32,10.7,16.12,2024-05-24,0,-1.3857255565551831,-1.5567965316438488,0,4,5,1,0,0,0,1,0,0,0,0,0,0,0,0,0,2.840247370713596,0.8415671856782186,3.271085446759225,-1.402671749929648,-1.5567965316438488,-1.4228836096663016,0.034142841959825705,0.05030959752321982,0.05231979291119076,0,12.212121212121213,0,Zone_1,Meera Das,38,Male,Jaipur,2022-12-08,172,15,3.94,0,3,12,1,Medium,93.19999999999999,0.541860465116279,1490.84,8.667674418604651,1361,0.0872093023255814,4921,2.43,30.9,Residential
T00662,R0263,1.85,9.39,39.72,2023-11-22,0,-1.1097041214888077,-1.437689827882385,0,2,11,0,0,1,0,1,0,0,0,0,0,0,0,0,0,3.7067193722422673,1.0473189942805592,3.0643106892089125,-1.1223868772333734,-1.437689827882385,-1.459301220932586,0.09684876182378574,0.07082043343653252,0.04579848665870172,0,21.47027027027027,0,Zone_1,Ishaan Das,31,Other,Chennai,2020-12-30,297,21,3.84,0,2,12,2,Medium,104.61999999999999,0.3522558922558922,1547.67,5.2110101010101015,2069,0.0707070707070707,4921,2.43,30.9,Residential
T00663,R0219,6.38,39.23,98.44,2023-05-12,0,-0.4229253644084022,-0.4196646051664771,0,4,5,0,0,0,1,1,0,0,0,0,0,0,0,0,0,4.599554447202456,1.998773638612381,6.263385665915839,-0.425000109236541,-0.4196646051664771,-0.6297580757524889,0.252869592942927,0.24613003095975233,0.1943448825169255,0,15.429467084639498,0,Zone_1,Vivaan Sharma,25,Female,Pune,2021-04-13,498,83,4.15,0,1,4,0,High,12.84,0.025783132530120483,162.76999999999998,0.3268473895582329,1965,0.16666666666666666,4921,2.43,30.9,Residential
T00664,R0164,6.45,40.09,156.9,2024-05-09,1,0.2608124785568653,-0.4039335310847742,0,3,5,0,0,0,1,1,0,0,0,0,0,0,0,0,0,5.061961921261596,2.0082140323914683,6.331666447310692,0.26929877456956974,-0.4039335310847742,-0.6058503309517219,0.4081995961313636,0.2488390092879257,0.19862604540023895,0,24.325581395348838,1,Zone_1,Aadhya Ghosh,37,Other,Ahmedabad,2022-07-06,249,23,4.02,0,2,7,2,Medium,100.28,0.40273092369477914,1758.49,7.062208835341366,1516,0.09236947791164658,4921,2.43,30.9,Residential
T00665,R0068,9.76,72.89,188.8,2023-03-14,0,0.6339092488372627,0.3399215433500282,0,1,3,1,0,0,0,0,0,0,0,0,0,1,0,0,0,5.245970886175828,2.3758355547336385,8.537564055396597,0.6481584118158054,0.3399215433500282,0.3059799358682239,0.49295886916781806,0.37693498452012386,0.36190760653126247,0,19.34426229508197,0,Zone_6,Meera Singh,30,Female,Ahmedabad,2022-08-31,456,70,4.97,0,2,8,0,High,71.8,0.15745614035087718,1100.63,2.4136622807017547,1460,0.15350877192982457,14627,0.54,37.6,Mixed
T00666,R0078,2.07,20.62,19.63,2023-10-30,0,-1.3446732160008197,-1.3882493093398907,0,0,10,0,0,1,0,0,0,0,0,0,0,1,0,0,0,3.0267463270831603,1.1216775615991057,4.540925015897091,-1.3609853133549055,-1.3882493093398907,-1.1471105533597814,0.0434690190243384,0.0793343653250774,0.10170250896057348,0,9.483091787439614,0,Zone_6,Saanvi Sharma,30,Other,Jaipur,2023-01-02,97,9,3.62,0,0,1,2,Low,2.4899999999999998,0.025670103092783503,26.169999999999998,0.26979381443298966,1336,0.09278350515463918,14627,0.54,37.6,Mixed
T00667,R0169,6.29,59.47,147.72,2024-03-28,0,0.15344481864545306,-0.439890271842952,0,3,3,1,0,0,0,0,0,0,0,0,0,0,0,1,0,5.0020653434131885,1.986503546020567,7.71167945391923,0.1602727096817815,-0.439890271842952,-0.06709208183676618,0.3838080561164842,0.2426470588235294,0.2951015531660693,0,23.484896661367248,0,Zone_8,Reyansh Kumar,32,Male,Delhi,2023-02-21,497,81,4.19,0,1,2,1,High,70.41,0.14167002012072433,1412.41,2.841871227364185,1286,0.16297786720321933,4516,1.93,31.0,Business
T00668,R0131,5.55,47.04,109.67,2023-04-12,0,-0.29158126628147857,-0.6061901978495242,0,2,4,0,0,1,0,0,1,0,0,0,0,0,0,0,0,4.706552800276694,1.8794650496471605,6.858571279792899,-0.2916272651526781,-0.6061901978495242,-0.4126423933176176,0.2827080454883622,0.2140092879256966,0.2332238152130625,0,19.760360360360362,0,Zone_10,Reyansh Ghosh,24,Male,Surat,2019-10-22,99,7,3.6,0,1,10,1,Low,26.97,0.2724242424242424,435.23,4.396262626262627,2504,0.0707070707070707,2440,1.54,35.4,Industrial
T00669,R0079,10.64,67.67,180.0,2024-06-22,0,0.5309860018633599,0.5376836175200062,0,5,6,0,1,0,0,0,0,0,0,0,1,0,0,0,0,5.198497031265826,2.454447442303292,8.226177727231525,0.5436454084375334,0.5376836175200062,0.16086548486822036,0.4695770007439685,0.41099071207430343,0.3359219434488252,0,16.917293233082706,0,Zone_5,Ishaan Nair,25,Male,Bengaluru,2020-09-23,146,28,4.92,0,2,9,1,Low,36.46,0.24972602739726027,612.4100000000001,4.194589041095891,2167,0.1917808219178082,2590,1.31,43.9,Business
T00670,R0225,15.11,116.09,132.56,2024-03-19,0,-0.02386386591413386,1.5422250624515972,0,1,3,0,0,0,1,0,0,1,0,0,0,0,0,0,0,4.894550815075454,2.779440197188883,10.774506949276148,-0.01977469159260502,1.5422250624515972,1.5069271165579088,0.34352747369539804,0.5839783281733746,0.5769613699721227,0,8.772998014559894,0,Zone_2,Ishaan Sharma,39,Female,Delhi,2020-06-15,465,9,4.08,0,0,6,0,High,48.33,0.10393548387096774,672.9200000000001,1.4471397849462366,2267,0.01935483870967742,6371,0.91,58.4,Residential
T00671,R0083,16.6,148.36,220.66,2023-11-30,0,1.0065381861768694,1.877072210762128,0,3,11,0,1,0,0,0,0,0,0,0,1,0,0,0,0,5.401144676347507,2.8678989020441064,12.18031198286809,1.0265429899557759,1.877072210762128,2.404023540651801,0.5776118609841641,0.6416408668730651,0.737604540023895,0,13.292771084337348,0,Zone_5,Kavya Patel,45,Female,Mumbai,2021-12-31,475,39,4.4,0,4,12,0,High,92.62,0.19498947368421055,1415.3300000000002,2.9796421052631583,1703,0.08210526315789474,2590,1.31,43.9,Business
T00672,R0033,0.16,1.45,3.59,2023-02-08,0,-1.5322742252577968,-1.8174829021406378,0,2,2,0,0,0,1,0,0,0,0,1,0,0,0,0,0,1.5238800240724537,0.1484200051182733,1.2041594578792296,-1.5514840149671192,-1.8174829021406378,-1.6800308647908289,0.0008502497608672555,0.005417956656346749,0.006272401433691756,0,22.4375,0,Zone_4,Diya Iyer,18,Female,Chennai,2019-05-22,472,37,3.24,0,2,5,0,High,32.06,0.06792372881355933,606.49,1.2849364406779662,2657,0.07838983050847458,4038,2.46,48.2,Business
T00673,R0226,7.76,47.47,102.43,2023-11-25,0,-0.376259028564553,-0.10953771612719383,0,5,11,0,0,0,1,0,0,0,0,0,0,0,1,0,0,4.638895055389712,2.1701959049483,6.8898476035395735,-0.3776129633866199,-0.10953771612719383,-0.40068852091723417,0.26347114464874055,0.2995356037151703,0.23536439665471923,0,13.199742268041238,0,Zone_7,Aarav Iyer,20,Other,Surat,2021-07-30,266,2,3.25,0,4,7,2,Medium,53.21,0.2000375939849624,906.6800000000001,3.408571428571429,1857,0.007518796992481203,11070,0.64,45.2,Industrial
T00674,R0155,2.44,16.42,55.16,2023-03-24,0,-0.9291206063436874,-1.3050993463366047,0,4,3,0,1,0,0,0,0,0,0,0,0,0,0,0,1,4.028204759717555,1.235471471385307,4.052159917870962,-0.9390140622151327,-1.3050993463366047,-1.263869307037945,0.13787331278563075,0.09365325077399382,0.08079450418160097,0,22.606557377049178,0,Zone_9,Meera Reddy,23,Male,Hyderabad,2019-02-10,353,8,3.14,0,6,2,1,High,60.91,0.17254957507082153,931.71,2.639405099150142,2758,0.0226628895184136,11037,1.83,56.1,Mixed
T00675,R0299,7.68,47.46,127.94,2023-09-01,0,-0.07789857057543284,-0.12751608650628274,0,4,9,0,1,0,0,0,0,0,0,0,1,0,0,0,0,4.859347179882474,2.1610215286722587,6.889121859859935,-0.07464401836619781,-0.12751608650628274,-0.4009665179498012,0.33125199277287704,0.2964396284829721,0.23531461569095977,0,16.658854166666668,0,Zone_5,Ishaan Gupta,33,Other,Kolkata,2020-09-04,457,0,3.92,0,4,9,2,High,29.89,0.06540481400437637,461.2,1.0091903719912472,2186,0.0,2590,1.31,43.9,Business
T00676,R0222,10.11,73.39,124.06,2024-04-22,0,-0.12327836583210808,0.41857691375854206,0,0,4,0,0,0,1,0,0,0,0,0,1,0,0,0,0,4.828793622139152,2.4078456036515385,8.566796367370944,-0.12072475167389037,0.41857691375854206,0.31987978749657675,0.32094271442236155,0.3904798761609907,0.3643966547192354,0,12.271018793273987,0,Zone_5,Aarav Singh,27,Male,Surat,2022-08-28,475,12,3.44,0,6,8,1,High,79.05,0.16642105263157894,1325.63,2.7908000000000004,1463,0.02526315789473684,2590,1.31,43.9,Business
T00677,R0237,8.41,50.53,176.08,2023-12-01,0,0.4851383736658943,0.03653654320290342,0,4,12,0,1,0,0,0,0,0,0,0,1,0,0,0,0,5.17660160786394,2.2417729535972883,7.108445681019163,0.49708961602357604,0.03653654320290342,-0.3156214289517148,0.4591614411733447,0.3246904024767802,0.2505973715651135,0,20.936979785969086,0,Zone_5,Aadhya Nair,40,Male,Chennai,2022-12-13,36,3,3.71,0,1,12,1,Low,97.37,2.7047222222222222,1759.7,48.88055555555556,1356,0.08333333333333333,2590,1.31,43.9,Business
T00678,R0285,7.75,65.69,99.93,2023-02-19,0,-0.4054985873639572,-0.1117850124245799,0,6,2,0,1,0,0,0,0,0,0,0,1,0,0,0,0,4.614427207250769,2.169053700369523,8.104936767180853,-0.40730415752817445,-0.1117850124245799,0.10582207241994301,0.25682856839196516,0.2991486068111455,0.32606531262445243,0,12.894193548387097,0,Zone_5,Diya Iyer,29,Female,Chennai,2019-01-10,244,16,4.97,0,3,1,0,Medium,62.89,0.25774590163934424,1105.3799999999999,4.5302459016393435,2789,0.06557377049180328,2590,1.31,43.9,Business
T00679,R0247,15.42,104.22,310.8,2023-10-22,0,2.060799718248187,1.6118912476705667,0,6,10,0,0,0,1,0,0,0,0,1,0,0,0,0,0,5.742361956623676,2.7985001040242823,10.208819716304133,2.0970886859236657,1.6118912476705667,1.1769446389008122,0.817116590498459,0.5959752321981424,0.5178713659896456,0,20.155642023346303,0,Zone_4,Aadhya Das,37,Male,Bengaluru,2021-05-11,249,47,4.92,0,1,5,1,Medium,133.48,0.5360642570281124,2367.44,9.507791164658634,1937,0.18875502008032127,4038,2.46,48.2,Business
T00680,R0093,11.6,84.1,156.54,2024-05-14,0,0.25660198208975094,0.7534240620690725,0,1,5,0,0,0,1,0,0,0,0,0,1,0,0,0,0,5.059679394275178,2.533696813957432,9.1706052144883,0.2650232426131857,0.7534240620690725,0.6176146093758942,0.4072430651503879,0.4481424148606811,0.4177120669056153,0,13.494827586206897,0,Zone_5,Diya Patel,33,Other,Surat,2019-05-30,119,18,3.77,0,3,5,2,Low,71.55000000000001,0.6012605042016808,1189.8899999999999,9.999075630252099,2649,0.15126050420168066,2590,1.31,43.9,Business
T00681,R0288,6.64,65.31,66.38,2023-08-13,0,-0.7978934664519615,-0.3612349014344382,0,6,8,0,0,0,1,0,0,1,0,0,0,0,0,0,0,4.2103482379784065,2.033397603178429,8.08146026408594,-0.8057599829078361,-0.3612349014344382,0.095258185182395,0.16768519502603887,0.2561919504643963,0.324173636001593,0,9.99698795180723,0,Zone_2,Diya Ghosh,42,Male,Ahmedabad,2021-08-30,43,5,4.56,0,0,8,1,Low,52.08,1.2111627906976743,795.6,18.50232558139535,1826,0.11627906976744186,6371,0.91,58.4,Residential
T00682,R0263,8.12,48.79,66.14,2024-07-02,0,-0.8007004640967043,-0.02863504942129399,0,1,7,0,1,0,0,0,0,0,0,1,0,0,0,0,0,4.206779991551889,2.21046980408624,6.984983894040129,-0.8086103375454253,-0.02863504942129399,-0.3639929126183827,0.16704750770538845,0.3134674922600619,0.24193548387096772,0,8.145320197044336,0,Zone_4,Ishaan Das,31,Other,Chennai,2020-12-30,297,21,3.84,0,2,12,2,Medium,104.61999999999999,0.3522558922558922,1547.67,5.2110101010101015,2069,0.0707070707070707,4038,2.46,48.2,Business
T00683,R0143,12.35,76.72,167.95,2024-02-16,0,0.3900513284502316,0.9219712843730308,0,4,2,0,0,0,1,0,0,0,1,0,0,0,0,0,0,5.129602813160299,2.5915163848462583,8.758995376183275,0.4005338526752405,0.9219712843730308,0.41245279934140655,0.43755978318631095,0.4771671826625387,0.380973715651135,0,13.599190283400809,0,Zone_3,Meera Kumar,42,Other,Kolkata,2023-03-28,74,13,4.56,0,1,3,2,Low,49.11,0.6636486486486486,863.3199999999999,11.666486486486486,1251,0.17567567567567569,12971,2.11,38.0,Business
T00684,R0129,11.05,109.43,172.84,2024-06-24,0,0.4472439054618664,0.6298227657128367,0,0,6,0,1,0,0,0,0,0,0,0,0,0,0,1,0,5.158135335948174,2.489064659936664,10.460879504133484,0.4586098284161213,0.6298227657128367,1.3217810928682492,0.4505526623445637,0.42685758513931893,0.5438072481083234,0,15.641628959276018,0,Zone_8,Vivaan Singh,35,Male,Hyderabad,2022-10-08,158,10,3.9,0,5,10,1,Low,89.88,0.5688607594936709,1508.3,9.54620253164557,1422,0.06329113924050633,4516,1.93,31.0,Business
T00685,R0293,5.87,55.88,88.65,2024-08-11,0,-0.5374274766668689,-0.5342767163331686,0,6,8,1,0,0,0,1,0,0,0,0,0,0,0,0,0,4.495913200051142,1.927164106234258,7.475292636412303,-0.5412708254948684,-0.5342767163331686,-0.16689301652833943,0.22685726432139441,0.22639318885448917,0.2772301871764238,0,15.10221465076661,0,Zone_1,Arjun Kumar,39,Female,Delhi,2019-10-01,248,44,3.2,0,1,10,0,Medium,22.42,0.09040322580645162,401.42,1.6186290322580645,2525,0.1774193548387097,4921,2.43,30.9,Residential
T00686,R0183,0.88,5.24,15.53,2023-01-26,0,-1.3926260924318425,-1.6556775687288379,0,3,1,1,0,0,0,0,0,0,0,0,0,1,0,0,0,2.805176911832933,0.6312717768418579,2.2891046284519194,-1.4096788717470548,-1.6556775687288379,-1.5746699894479144,0.0325751939632267,0.033281733746130034,0.025139386698526483,0,17.647727272727273,0,Zone_6,Arjun Patel,43,Other,Jaipur,2022-08-27,406,66,3.79,0,5,8,2,High,57.78,0.14231527093596058,851.14,2.0964039408866997,1464,0.1625615763546798,14627,0.54,37.6,Mixed
T00687,R0011,2.08,18.39,45.79,2023-06-28,0,-1.0387104727238543,-1.3860020130425046,0,2,6,0,1,0,0,0,1,0,0,0,0,0,0,0,0,3.845669504878125,1.1249295969854831,4.288356328478313,-1.0502966578576791,-1.3860020130425046,-1.209103891622235,0.11297693697523647,0.07972136222910219,0.09060135404221427,0,22.014423076923077,0,Zone_10,Vivaan Nair,26,Male,Chennai,2020-04-14,208,34,4.0,0,1,4,1,Medium,88.96000000000001,0.4276923076923077,1633.78,7.8547115384615385,2329,0.16346153846153846,2440,1.54,35.4,Industrial
T00688,R0240,8.73,81.6,82.5,2023-12-16,0,-0.6093567913134033,0.10845002471925902,0,5,12,1,0,0,0,1,0,0,0,0,0,0,0,0,0,4.42484663185681,2.2752138961979136,9.033271832508971,-0.6143111630830926,0.10845002471925902,0.54811535123413,0.21051652672972684,0.33707430340557276,0.4052668259657507,0,9.450171821305842,0,Zone_1,Aarav Iyer,30,Male,Delhi,2020-05-18,174,2,4.07,0,0,5,1,Medium,92.12,0.5294252873563219,1221.47,7.0199425287356325,2295,0.011494252873563218,4921,2.43,30.9,Residential
T00689,R0023,0.93,5.95,23.2,2023-03-31,1,-1.3029191260352704,-1.6444410872419073,0,4,3,0,0,0,1,0,0,0,0,0,0,0,0,0,1,3.186352633162641,0.6575200029167941,2.4392621835300936,-1.3185862881207655,-1.6444410872419073,-1.5549322001356534,0.05295461791901371,0.035216718266253874,0.02867383512544803,0,24.946236559139784,1,Zone_9,Meera Iyer,24,Other,Jaipur,2019-10-09,176,32,3.21,0,2,10,2,Medium,64.91,0.36880681818181815,1195.62,6.793295454545454,2517,0.18181818181818182,11037,1.83,56.1,Mixed
T00690,R0139,7.24,42.34,63.2,2024-04-12,0,-0.8350861852448035,-0.22639712359127148,0,4,4,0,0,1,0,0,0,0,0,0,0,0,1,0,0,4.162003210695915,2.1090003439213802,6.5069193939989765,-0.8435271818558934,-0.22639712359127148,-0.5433009986241342,0.15923583802742056,0.27941176470588236,0.2098267622461171,0,8.7292817679558,0,Zone_7,Diya Gupta,44,Other,Kolkata,2023-10-09,155,7,4.39,0,0,10,2,Low,58.92,0.38012903225806455,1002.23,6.466,1056,0.04516129032258064,11070,0.64,45.2,Industrial
T00691,R0233,5.73,45.95,133.37,2024-08-03,0,-0.014390248863126879,-0.5657388644965741,0,5,8,0,1,0,0,0,0,0,0,0,0,0,0,0,1,4.9005971888873185,1.9065751436566365,6.7786429320329304,-0.010154744690741332,-0.5657388644965741,-0.4429440698674267,0.3456796684025933,0.22097523219814244,0.22779769016328155,0,23.275741710296682,0,Zone_9,Ishaan Iyer,30,Other,Hyderabad,2023-11-23,469,41,4.37,0,3,11,2,High,89.27,0.1903411513859275,1583.23,3.3757569296375265,1011,0.08742004264392324,11037,1.83,56.1,Mixed
T00692,R0100,13.0,103.45,297.72,2023-09-29,0,1.9078183466097045,1.068045543703128,0,4,9,1,0,0,0,0,0,0,0,0,0,0,0,1,0,5.699506679793412,2.6390573296152584,10.171037311896953,1.9417443581750526,1.068045543703128,1.155538867393149,0.78236263152301,0.5023219814241486,0.5140382317801673,0,22.901538461538465,0,Zone_8,Ishaan Gupta,28,Male,Delhi,2021-05-24,383,60,3.79,0,0,5,1,High,101.45,0.26488250652741513,1657.49,4.327650130548303,1924,0.1566579634464752,4516,1.93,31.0,Business
T00693,R0007,1.4100000000000001,10.2,30.52,2024-05-08,0,-1.2173056978706152,-1.536570864967374,0,2,5,1,0,0,0,0,0,0,0,0,0,0,0,1,0,3.4506222649896783,0.8796267475025636,3.1937438845342623,-1.231650471674294,-1.536570864967374,-1.4367834612946544,0.07240408119885217,0.053792569659442735,0.04983074472321784,0,21.645390070921984,0,Zone_8,Ishaan Ghosh,18,Female,Mumbai,2021-03-26,458,82,4.03,0,4,3,0,High,39.620000000000005,0.08650655021834062,596.9200000000001,1.3033187772925765,1983,0.17903930131004367,4516,1.93,31.0,Business
T00694,R0139,1.6600000000000001,12.39,22.71,2024-01-02,0,-1.3086500795599536,-1.480388457532721,0,1,1,0,1,0,0,0,1,0,0,0,0,0,0,0,0,3.165896900077314,0.9783261227936078,3.5199431813596083,-1.3244057621725103,-1.480388457532721,-1.375902111162469,0.051652672972685734,0.06346749226006193,0.06073277578653923,0,13.680722891566264,0,Zone_10,Diya Gupta,44,Other,Kolkata,2023-10-09,155,7,4.39,0,0,10,2,Low,58.92,0.38012903225806455,1002.23,6.466,1056,0.04516129032258064,2440,1.54,35.4,Industrial
T00695,R0210,5.9,41.55,120.7,2023-07-07,0,-0.1625763328585073,-0.5275348274410102,0,4,7,1,0,0,0,0,0,0,1,0,0,0,0,0,0,4.801558999993482,1.9315214116032138,6.445928947793328,-0.1606297166001396,-0.5275348274410102,-0.5652627641969318,0.3120150919332554,0.22755417956656349,0.20589406610911984,0,20.457627118644066,0,Zone_3,Meera Iyer,34,Other,Mumbai,2022-01-02,94,5,3.4,0,6,1,2,Low,40.54,0.43127659574468086,518.19,5.512659574468086,1701,0.05319148936170213,12971,2.11,38.0,Business
T00696,R0212,11.17,61.83,259.1,2023-05-30,0,1.4561256422765085,0.6567903212814699,0,1,5,0,0,1,0,0,0,0,0,0,1,0,0,0,0,5.5610661724546055,2.498973906999436,7.863205453248694,1.4830747910763185,0.6567903212814699,-0.0014847821509408336,0.6797481135083431,0.43150154798761614,0.3068498606133015,0,23.196060877350046,0,Zone_5,Aadhya Iyer,36,Female,Ahmedabad,2023-09-11,73,12,3.22,0,0,9,0,Low,58.58,0.8024657534246575,1128.49,15.458767123287672,1084,0.1643835616438356,2590,1.31,43.9,Business
T00697,R0020,13.35,124.39,176.41,2023-06-27,0,0.48899799542741545,1.1467009141116418,0,1,6,1,0,0,0,0,1,0,0,0,0,0,0,0,0,5.178463438072558,2.66374994220563,11.153026495081951,0.501008853650261,1.1467009141116418,1.7376646535885656,0.460038261239239,0.5158668730650154,0.6182795698924731,0,13.214232209737828,0,Zone_10,Diya Das,35,Female,Chennai,2019-09-17,274,21,4.03,0,1,9,0,Medium,53.85,0.19653284671532847,746.06,2.722846715328467,2539,0.07664233576642336,2440,1.54,35.4,Industrial
T00698,R0225,3.45,32.28,76.58,2023-08-29,0,-0.6785960665503924,-1.0781224203006072,0,1,8,0,0,1,0,0,0,0,0,0,0,0,0,1,0,4.351309662011821,1.4929040961781488,5.681549084536717,-0.6846199108102937,-1.0781224203006072,-0.8229660133865931,0.19478690615368263,0.13273993808049536,0.15974711270410194,0,22.19710144927536,0,Zone_8,Ishaan Sharma,39,Female,Delhi,2020-06-15,465,9,4.08,0,0,6,0,High,48.33,0.10393548387096774,672.9200000000001,1.4471397849462366,2267,0.01935483870967742,4516,1.93,31.0,Business
T00699,R0008,10.35,92.59,230.94,2023-10-31,0,1.1267712519600195,0.47251202489580874,0,1,10,0,0,1,0,1,0,0,0,0,0,0,0,0,0,5.446478717528557,2.4292177439274116,9.622369770487934,1.148633180265848,0.47251202489580874,0.8536340900253255,0.6049261345520246,0.39976780185758515,0.4599761051373955,0,22.31304347826087,0,Zone_1,Ishaan Ghosh,28,Female,Jaipur,2022-10-01,215,23,4.02,0,5,10,0,Medium,48.25,0.22441860465116278,893.27,4.1547441860465115,1429,0.10697674418604651,4921,2.43,30.9,Residential
T00700,R0057,2.44,14.61,25.52,2024-01-19,0,-1.2757848154694234,-1.3050993463366047,0,4,1,0,0,1,0,0,0,0,0,0,1,0,0,0,0,3.277899165317662,1.235471471385307,3.8223029707232783,-1.291032859957403,-1.3050993463366047,-1.3141867699325824,0.0591189286853013,0.09365325077399382,0.07178414974113899,0,10.459016393442623,0,Zone_5,Aadhya Reddy,39,Male,Bengaluru,2023-06-04,407,11,3.66,0,6,6,1,High,100.32,0.24648648648648647,1584.1100000000001,3.8921621621621623,1183,0.02702702702702703,2590,1.31,43.9,Business
T00701,R0185,4.26,26.43,98.86,2023-09-16,0,-0.4180131185301023,-0.8960914202123325,0,5,9,0,1,0,0,0,0,0,1,0,0,0,0,0,0,4.603769205072463,1.6601310267496185,5.141011573610781,-0.4200119886207599,-0.8960914202123325,-0.9855942774383214,0.25398554575406523,0.16408668730650156,0.13062524890481877,0,23.206572769953052,0,Zone_3,Vivaan Sharma,27,Male,Delhi,2021-08-27,201,12,4.05,0,4,8,1,Medium,43.730000000000004,0.21756218905472638,744.08,3.7018905472636816,1829,0.05970149253731343,12971,2.11,38.0,Business
T00702,R0166,10.84,82.23,127.69,2024-07-11,0,-0.08082252645537326,0.5826295434677282,0,3,7,1,0,0,0,0,0,0,0,0,0,0,0,0,1,4.857406411505574,2.4714836294558595,9.068075870878012,-0.07761313778035327,0.5826295434677282,0.5656291642858549,0.33058773514719947,0.41873065015479877,0.4084030266825966,0,11.779520295202952,0,Zone_9,Reyansh Sharma,24,Other,Chennai,2021-03-16,349,63,4.29,0,1,3,2,High,43.16,0.12366762177650428,628.01,1.7994555873925502,1993,0.18051575931232092,11037,1.83,56.1,Mixed
T00703,R0169,11.59,84.56,254.99,2023-04-12,0,1.4080558076102878,0.7511767657716865,0,2,4,0,0,0,1,0,0,0,0,0,0,1,0,0,0,5.545138381216603,2.532902848056256,9.19565114605812,1.4342624679076026,0.7511767657716865,0.6304024728739791,0.6688277181422043,0.44775541795665635,0.4200019912385504,0,22.00086281276963,0,Zone_6,Reyansh Kumar,32,Male,Delhi,2023-02-21,497,81,4.19,0,1,2,1,High,70.41,0.14167002012072433,1412.41,2.841871227364185,1286,0.16297786720321933,14627,0.54,37.6,Mixed
T00704,R0269,3.0,15.1,55.4,2023-11-03,0,-0.9263136086989445,-1.1792507536829824,0,4,11,0,0,0,1,0,0,0,0,0,0,0,0,1,0,4.032469158504013,1.3862943611198906,3.8858718455450894,-0.9361637075775434,-1.1792507536829824,-1.3005649153367964,0.1385110001062812,0.11532507739938082,0.07422341696535245,0,18.466666666666665,0,Zone_8,Aadhya Sharma,41,Male,Mumbai,2019-05-19,423,16,3.41,0,6,5,1,High,63.06,0.14907801418439717,1458.77,3.4486288416075648,2660,0.037825059101654845,4516,1.93,31.0,Business
T00705,R0268,10.37,72.86,110.81,2023-07-31,0,-0.2782480274689503,0.4770066174905809,0,0,7,1,0,0,0,0,1,0,0,0,0,0,0,0,0,4.716801002159277,2.4309783077624445,8.53580693314932,-0.27808808062412926,0.4770066174905809,0.3051459447705227,0.2857370602614518,0.40054179566563464,0.3617582636399841,0,10.685631629701062,0,Zone_10,Ishaan Kumar,34,Male,Chennai,2022-10-16,10,0,4.6,0,6,10,1,Low,42.519999999999996,4.252,726.0799999999999,72.60799999999999,1414,0.0,2440,1.54,35.4,Industrial
T00706,R0290,1.34,7.33,25.26,2023-09-16,0,-1.2788257295845613,-1.5523019390490767,0,5,9,1,0,0,0,0,0,0,0,0,1,0,0,0,0,3.26804686887465,0.8501509293696101,2.7073972741361767,-1.2941207441481246,-1.5523019390490767,-1.5165686096413995,0.058428100754596674,0.05108359133126936,0.035543608124253286,0,18.850746268656717,0,Zone_5,Saanvi Kumar,34,Other,Chennai,2020-05-06,169,4,4.28,0,2,5,2,Medium,68.22,0.40366863905325445,1077.67,6.376745562130178,2307,0.023668639053254437,2590,1.31,43.9,Business
T00707,R0147,6.99,65.49,96.35,2023-11-13,0,-0.44736963556470416,-0.28257953102592426,0,0,11,0,1,0,0,0,0,0,0,0,0,0,0,1,0,4.578312731818208,2.0781907597781832,8.092589202474075,-0.44982194753888066,-0.28257953102592426,0.10026213176860181,0.24731639919226273,0.26973684210526316,0.3250696933492632,0,13.783977110157366,0,Zone_8,Saanvi Nair,35,Other,Mumbai,2022-08-29,239,21,3.91,0,0,8,2,Medium,63.55,0.26589958158995813,1021.8,4.27531380753138,1462,0.08786610878661087,4516,1.93,31.0,Business
T00708,R0127,2.33,15.08,27.27,2023-02-27,0,-1.2553171243098404,-1.3298196056078517,0,0,2,0,0,1,0,0,0,0,1,0,0,0,0,0,0,3.341801171705499,1.2029723039923526,3.8832975677895196,-1.2702490240583149,-1.3298196056078517,-1.3011209094019307,0.0637687320650441,0.08939628482972138,0.07412385503783353,0,11.703862660944205,0,Zone_3,Vivaan Kumar,38,Male,Chennai,2020-03-17,43,2,4.83,0,1,3,1,Low,70.81,1.6467441860465117,1400.47,32.56906976744186,2357,0.046511627906976744,12971,2.11,38.0,Business
T00709,R0120,3.96,21.4,34.72,2024-05-01,0,-1.1681832390876161,-0.9635103091339158,0,2,5,0,0,0,1,0,0,0,0,0,1,0,0,0,0,3.575710756008298,1.601405740736836,4.626013402488151,-1.1817692655164824,-0.9635103091339158,-1.125426784819551,0.08356360931023488,0.15247678018575853,0.10558542413381122,0,8.767676767676768,0,Zone_5,Ishaan Gupta,18,Other,Surat,2020-07-12,311,15,4.55,0,6,7,2,Medium,68.2,0.21929260450160773,1013.95,3.260289389067524,2240,0.04823151125401929,2590,1.31,43.9,Business
T00710,R0104,1.62,8.4,39.64,2024-02-14,1,-1.1106397873703886,-1.4893776427222656,0,2,2,0,0,1,0,0,0,0,0,0,0,1,0,0,0,3.7047528032702264,0.9631743177730056,2.898275349237888,-1.1233369954459032,-1.4893776427222656,-1.4868229271567246,0.09663619938356893,0.06191950464396285,0.04087017124651534,0,24.469135802469136,1,Zone_6,Diya Gupta,52,Male,Kolkata,2021-05-27,328,1,3.7,0,3,5,1,High,46.690000000000005,0.14234756097560977,765.39,2.3335060975609756,1921,0.003048780487804878,14627,0.54,37.6,Mixed
T00711,R0138,10.77,59.63,129.77,2023-07-06,0,-0.05649521353426883,0.5668984693860254,0,3,7,0,0,1,0,0,1,0,0,0,0,0,0,0,0,4.873440054918411,2.4655539212721855,7.722046360907192,-0.05291006425457976,0.5668984693860254,-0.06264412931569317,0.33611435859283667,0.4160216718266254,0.29589804858622065,0,12.04921077065924,0,Zone_10,Ishaan Das,46,Male,Kolkata,2022-07-28,13,0,3.53,0,3,7,1,Low,31.25,2.4038461538461537,521.48,40.113846153846154,1494,0.0,2440,1.54,35.4,Industrial
T00712,R0186,10.77,97.47,91.35,2024-06-27,0,-0.5058487531635125,0.5668984693860254,0,3,6,0,0,0,1,0,0,1,0,0,0,0,0,0,0,4.5255857066452485,2.4655539212721855,9.8726896031426,-0.5092043358219897,0.5668984693860254,0.9892966419180491,0.23403124667871184,0.4160216718266254,0.4842692154520112,0,8.481894150417826,0,Zone_2,Ishaan Sharma,18,Other,Hyderabad,2020-12-11,373,19,3.26,0,4,12,2,High,68.58,0.18386058981233244,938.8199999999999,2.5169436997319035,2088,0.05093833780160858,6371,0.91,58.4,Residential
T00713,R0155,4.54,30.68,56.41,2023-04-13,0,-0.9145008269439854,-0.8331671238855214,0,3,4,0,0,1,0,0,0,0,0,0,1,0,0,0,0,4.050218504179545,1.7119945007591924,5.5389529696504916,-0.9241684651443555,-0.8331671238855214,-0.8674455385973223,0.14119460091401848,0.17492260061919504,0.1517821585025886,0,12.42511013215859,0,Zone_5,Meera Reddy,23,Male,Hyderabad,2019-02-10,353,8,3.14,0,6,2,1,High,60.91,0.17254957507082153,931.71,2.639405099150142,2758,0.0226628895184136,2590,1.31,43.9,Business
T00714,R0099,9.88,70.11,193.24,2023-01-25,0,0.6858387052650046,0.3668890989186618,0,2,1,1,0,0,0,0,1,0,0,0,0,0,0,0,0,5.2690945078711335,2.3869262414277967,8.373171442171717,0.7008899726112061,0.3668890989186618,0.22869676081458212,0.5047560845998512,0.38157894736842113,0.34806849860613304,0,19.558704453441294,0,Zone_10,Diya Gupta,35,Other,Mumbai,2021-08-21,80,8,3.7,0,5,8,2,Low,69.37,0.867125,1282.66,16.033250000000002,1835,0.1,2440,1.54,35.4,Industrial
T00715,R0085,9.31,81.46,121.48,2024-05-31,0,-0.15345359051309318,0.23879320996765344,0,4,5,0,1,0,0,0,0,0,0,1,0,0,0,0,0,4.807947751349428,2.333114298028869,9.02551937563706,-0.1513660640279746,0.23879320996765344,0.5442233927781912,0.31408757572536933,0.35952012383900933,0.40456989247311825,0,13.048335123523094,0,Zone_4,Aadhya Ghosh,29,Female,Chennai,2022-09-17,94,12,4.95,0,5,9,0,Low,43.99,0.46797872340425534,509.91,5.4245744680851065,1443,0.1276595744680851,4038,2.46,48.2,Business
T00716,R0202,7.36,39.52,103.51,2024-04-23,0,-0.36362753916321044,-0.19942956802263814,0,1,4,0,0,0,1,0,0,0,0,1,0,0,0,0,0,4.649282760606412,2.1234584270966104,6.286493458200685,-0.3647863675174684,-0.19942956802263814,-0.6216961618080441,0.26634073759166754,0.28405572755417957,0.19578853046594982,0,14.063858695652174,0,Zone_4,Aadhya Reddy,27,Male,Ahmedabad,2021-10-28,317,0,4.72,0,3,10,1,Medium,73.7,0.23249211356466878,909.14,2.86794952681388,1767,0.0,4038,2.46,48.2,Business
T00717,R0281,18.79,108.29,303.19,2024-07-06,0,1.9717945012628004,2.369230099889686,0,5,7,0,0,0,1,0,0,0,0,0,0,0,0,0,1,5.717652506175064,2.9851767596144745,10.406248123122953,2.0067086909567733,2.369230099889686,1.2900894311556046,0.7968965883728345,0.7263931888544892,0.5381322182397452,0,16.13571048430016,0,Zone_9,Arjun Iyer,21,Female,Jaipur,2020-10-15,268,17,4.74,0,3,10,0,Medium,38.13,0.1422761194029851,549.63,2.050858208955224,2145,0.06343283582089553,11037,1.83,56.1,Mixed
T00718,R0019,3.8,22.43,34.99,2023-07-19,0,-1.1650253667372803,-0.9994670498920936,0,2,7,1,0,0,0,0,0,0,0,0,1,0,0,0,0,3.5832411220909393,1.5686159179138452,4.736032094485847,-1.1785626165491945,-0.9994670498920936,-1.096793090465144,0.08428100754596664,0.14628482972136223,0.11071286340103545,0,9.207894736842107,0,Zone_5,Kavya Patel,40,Other,Mumbai,2023-04-02,266,24,4.08,0,6,4,2,Medium,38.75,0.14567669172932332,632.99,2.3796616541353384,1246,0.09022556390977443,2590,1.31,43.9,Business
T00719,R0088,8.07,64.32,70.11,2023-03-30,0,-0.7542680447232504,-0.039871530908224304,0,3,3,0,0,1,0,0,0,0,0,0,0,0,0,0,1,4.2642279738954265,2.2049722641270453,8.019975062305368,-0.7614607212486367,-0.039871530908224304,0.06773647895825613,0.17759591880114783,0.3115325077399381,0.3192453205894066,0,8.687732342007434,0,Zone_9,Diya Iyer,22,Other,Jaipur,2019-07-07,438,0,4.78,0,6,7,2,High,62.25,0.1421232876712329,893.76,2.0405479452054793,2611,0.0,11037,1.83,56.1,Mixed
T00720,R0142,6.09,35.44,97.92,2024-05-10,0,-0.42900719263867826,-0.4848361977906743,0,4,5,0,0,1,0,0,0,0,0,0,0,0,0,1,0,4.594311442653216,1.958685340544036,5.9531504264548865,-0.4311758776179843,-0.4848361977906743,-0.7351189510954034,0.2514879370815177,0.23490712074303405,0.1754778972520908,0,16.07881773399015,0,Zone_8,Meera Nair,33,Female,Kolkata,2021-03-04,78,5,3.48,0,3,3,0,Low,27.12,0.3476923076923077,419.5,5.378205128205129,2005,0.0641025641025641,4516,1.93,31.0,Business
T00721,R0236,6.14,39.16,117.18,2024-02-14,0,-0.20374563164806833,-0.47359971630374376,0,2,2,0,0,0,1,0,0,0,0,0,0,0,0,1,0,4.772208885917529,1.965712776351493,6.257795138864806,-0.20243491795144833,-0.47359971630374376,-0.6317040549804583,0.3026623445637156,0.23684210526315788,0.19399641577060928,0,19.08469055374593,0,Zone_8,Arjun Gupta,28,Male,Ahmedabad,2020-08-10,61,1,3.36,0,0,8,1,Low,50.01,0.8198360655737704,768.54,12.599016393442623,2211,0.01639344262295082,4516,1.93,31.0,Business
T00722,R0068,8.8,66.49,101.39,2024-08-05,0,-0.38842268502510524,0.12418109880096186,0,0,8,0,0,0,1,0,1,0,0,0,0,0,0,0,0,4.628789051586725,2.2823823856765264,8.154140052758475,-0.3899645001495067,0.12418109880096186,0.12806183502530746,0.260707832925922,0.33978328173374617,0.3300477897252091,0,11.521590909090909,0,Zone_10,Meera Singh,30,Female,Ahmedabad,2022-08-31,456,70,4.97,0,2,8,0,High,71.8,0.15745614035087718,1100.63,2.4136622807017547,1460,0.15350877192982457,2440,1.54,35.4,Industrial
T00723,R0030,6.53,57.16,158.88,2023-01-23,1,0.2839702091259933,-0.3859551607056853,0,0,1,1,0,0,0,1,0,0,0,0,0,0,0,0,0,5.074423533843123,2.018895041811802,7.560423268574319,0.2928142003296808,-0.3859551607056853,-0.13130939635975633,0.4134605165267297,0.25193498452012386,0.2836021505376344,0,24.330781010719754,1,Zone_1,Saanvi Patel,25,Other,Mumbai,2021-01-08,442,58,3.72,0,4,1,2,High,81.05,0.1833710407239819,1585.25,3.5865384615384617,2060,0.13122171945701358,4921,2.43,30.9,Residential
T00724,R0286,3.7,28.26,54.64,2023-09-08,0,-0.9352024345739635,-1.0219400128659546,0,4,9,0,0,0,1,0,0,0,0,0,0,0,1,0,0,4.018902367055242,1.547562508716013,5.316013544000805,-0.945189830596576,-1.0219400128659546,-0.93472082047855,0.1364916569242215,0.14241486068111456,0.13973516527279967,0,14.767567567567568,0,Zone_7,Ishaan Nair,26,Male,Pune,2023-02-15,29,0,4.48,0,2,2,1,Low,42.26,1.4572413793103447,627.14,21.62551724137931,1292,0.0,11070,0.64,45.2,Industrial
T00725,R0042,8.62,52.02,140.1,2023-05-08,0,0.06432264342486907,0.08372976544801153,0,0,5,0,1,0,0,0,0,0,0,0,0,0,0,1,0,4.9494688588587685,2.263844264677615,7.212489168102785,0.0697739499383233,0.08372976544801153,-0.2741998710992233,0.3635614836858327,0.33281733746130027,0.25801473516527285,0,16.25290023201856,0,Zone_8,Arjun Reddy,18,Female,Chennai,2021-05-20,23,4,3.03,0,3,5,0,Low,46.16,2.0069565217391303,738.48,32.10782608695652,1928,0.17391304347826086,4516,1.93,31.0,Business
T00726,R0095,13.91,106.66,153.83,2024-03-11,0,0.22490630035119705,1.2725495067652641,0,0,3,0,0,0,1,0,0,0,0,1,0,0,0,0,0,5.042327740828745,2.702032128776647,10.327632836231157,0.23283798816374088,1.2725495067652641,1.2447759148471742,0.4000425124880434,0.5375386996904025,0.5300179211469535,0,11.058950395398995,0,Zone_4,Kavya Iyer,29,Female,Chennai,2020-10-07,481,77,4.26,0,2,10,0,High,114.75,0.23856548856548856,1879.6100000000001,3.907713097713098,2153,0.1600831600831601,4038,2.46,48.2,Business
T00727,R0244,12.71,91.86,182.94,2024-04-12,0,0.5653717230114592,1.002873951078931,0,4,4,1,0,0,0,1,0,0,0,0,0,0,0,0,0,5.214609617474552,2.6181254935742233,9.584362263604188,0.5785622527480014,1.002873951078931,0.8333403066479304,0.47738867042193645,0.4910990712074304,0.456342094782955,0,14.3933910306845,0,Zone_1,Aadhya Iyer,24,Female,Kolkata,2019-04-22,27,1,3.13,0,0,4,0,Low,35.31,1.307777777777778,648.21,24.00777777777778,2687,0.037037037037037035,4921,2.43,30.9,Residential
T00728,R0165,9.02,74.07,124.34,2023-04-25,0,-0.1200035352465748,0.17362161734345602,0,1,4,0,0,1,0,1,0,0,0,0,0,0,0,0,0,4.831030044796529,2.3045830956567186,8.606392972668631,-0.11739933793003625,0.17362161734345602,0.33878358571113637,0.3216866829631204,0.34829721362229105,0.3677817602548785,0,13.784922394678492,0,Zone_1,Meera Reddy,37,Female,Kolkata,2021-12-09,34,5,3.27,0,3,12,0,Low,46.71,1.3738235294117647,779.6999999999999,22.932352941176468,1725,0.14705882352941177,4921,2.43,30.9,Residential
T00729,R0150,4.32,25.6,72.15,2024-06-18,0,-0.7304085647429365,-0.8826076424280157,0,1,6,0,1,0,0,0,0,1,0,0,0,0,0,0,0,4.292512127466133,1.6714733033535532,5.059644256269407,-0.7372327068291282,-0.8826076424280157,-1.008668031141387,0.1830162610266766,0.16640866873065016,0.12649342891278376,0,16.70138888888889,0,Zone_2,Ishaan Gupta,33,Male,Pune,2022-02-27,215,16,4.95,0,6,2,1,Medium,55.46,0.25795348837209303,753.84,3.506232558139535,1645,0.07441860465116279,6371,0.91,58.4,Residential
T00730,R0083,8.93,76.17,169.27,2023-05-02,0,0.40548981549631724,0.15339595066698106,0,1,5,1,0,0,0,0,0,0,0,0,0,0,0,0,1,5.137385412432552,2.295560478057081,8.727542609463445,0.4162108031819815,0.15339595066698106,0.3971629625502185,0.44106706344988844,0.3448142414860681,0.3782357626443648,0,18.955207166853306,0,Zone_9,Kavya Patel,45,Female,Mumbai,2021-12-31,475,39,4.4,0,4,12,0,High,92.62,0.19498947368421055,1415.3300000000002,2.9796421052631583,1703,0.08210526315789474,11037,1.83,56.1,Mixed
T00731,R0235,13.42,107.43,312.14,2023-12-01,0,2.076472121764667,1.1624319881933447,0,4,12,0,0,0,1,1,0,0,0,0,0,0,0,0,0,5.746650374883377,2.668616131856803,10.36484442719716,2.1130031659835384,1.1624319881933447,1.2661816863548379,0.8206770113720905,0.5185758513931888,0.5338510553564317,0,23.259314456035767,0,Zone_1,Aarav Ghosh,34,Other,Delhi,2021-02-15,284,8,4.06,0,0,2,2,Medium,55.65,0.1959507042253521,846.06,2.9790845070422534,2022,0.028169014084507043,4921,2.43,30.9,Residential
T00732,R0144,13.96,82.36,302.82,2023-08-03,0,1.9674670465604884,1.283785988252195,0,3,8,0,1,0,0,0,0,0,0,1,0,0,0,0,0,5.716435420779517,2.7053799725463312,9.075241043630742,2.0023143942238235,1.283785988252195,0.5692431257092265,0.7959134870868317,0.5394736842105263,0.4090501792114695,0,21.691977077363894,0,Zone_4,Ishaan Kumar,34,Other,Pune,2021-01-31,194,10,3.52,0,6,1,2,Medium,84.47,0.4354123711340206,1552.4499999999998,8.002319587628865,2037,0.05154639175257732,4038,2.46,48.2,Business
T00733,R0083,9.8,87.85,105.78,2024-06-30,0,-0.3370780197733515,0.3489107285395729,0,6,6,0,0,0,1,0,0,0,0,0,0,0,0,0,1,4.67077064307204,2.379546134130174,9.372833082905082,-0.33782676323693694,0.3489107285395729,0.7218634965885404,0.27237219683281966,0.37848297213622295,0.43637992831541217,0,10.793877551020408,0,Zone_9,Kavya Patel,45,Female,Mumbai,2021-12-31,475,39,4.4,0,4,12,0,High,92.62,0.19498947368421055,1415.3300000000002,2.9796421052631583,1703,0.08210526315789474,11037,1.83,56.1,Mixed
T00734,R0132,6.18,44.74,54.04,2023-05-15,0,-0.9422199286858206,-0.4646105311141993,0,0,5,1,0,0,0,0,1,0,0,0,0,0,0,0,0,4.008060193625088,1.9712993830601329,6.688796603276257,-0.9523157171905492,-0.4646105311141993,-0.47658171080804057,0.13489743862259537,0.23839009287925697,0.2217741935483871,0,8.74433656957929,0,Zone_10,Aadhya Iyer,23,Male,Surat,2022-12-09,484,25,3.32,0,4,12,1,High,69.39999999999999,0.1433884297520661,1091.99,2.2561776859504135,1360,0.05165289256198347,2440,1.54,35.4,Industrial
T00735,R0046,6.99,49.05,168.24,2023-09-22,0,0.3934431172709627,-0.28257953102592426,0,4,9,1,0,0,0,0,0,0,0,0,1,0,0,0,0,5.131317825851867,2.0781907597781832,7.003570517957251,0.40397803119566106,-0.28257953102592426,-0.3567649897716393,0.43833032203209693,0.26973684210526316,0.24322978892871364,0,24.068669527896997,0,Zone_5,Vivaan Singh,31,Female,Kolkata,2019-08-16,31,4,3.87,0,4,8,0,Low,80.02,2.581290322580645,1296.42,41.82,2571,0.12903225806451613,2590,1.31,43.9,Business
T00736,R0267,11.86,63.25,193.92,2023-02-02,0,0.6937918652584423,0.8118537658011113,0,3,2,0,1,0,0,1,0,0,0,0,0,0,0,0,0,5.272589217975305,2.554121718809473,7.952986860293433,0.7089659774177087,0.8118537658011113,0.03799079647358126,0.506562865341694,0.4582043343653251,0.3139187574671446,0,16.350758853288365,0,Zone_1,Arjun Iyer,37,Other,Jaipur,2021-01-01,131,11,4.5,0,4,1,2,Low,47.19,0.3602290076335878,681.69,5.203740458015267,2067,0.08396946564885496,4921,2.43,30.9,Residential
T00737,R0049,11.43,103.54,204.21,2024-07-13,0,0.8141418892767901,0.7152200250135087,0,5,7,0,0,0,1,0,1,0,0,0,0,0,0,0,0,5.324033845052673,2.5201129055226197,10.175460677532001,0.8311749325043474,0.7152200250135087,1.1580408406862528,0.5339037092145817,0.44156346749226005,0.5144862604540025,0,17.866141732283467,0,Zone_10,Meera Iyer,39,Male,Mumbai,2020-05-19,375,55,4.4,0,1,5,1,High,58.370000000000005,0.15565333333333334,980.4,2.6144,2294,0.14666666666666667,2440,1.54,35.4,Industrial
T00738,R0129,0.79,4.2,15.17,2024-03-20,0,-1.3968365888989567,-1.6759032354053127,0,2,3,0,0,1,0,0,0,0,0,0,1,0,0,0,0,2.783157673589016,0.5822156198526637,2.04939015319192,-1.4139544037034386,-1.6759032354053127,-1.6035816808348882,0.031618662982251036,0.029798761609907125,0.019962166467542813,0,19.202531645569618,0,Zone_5,Vivaan Singh,35,Male,Hyderabad,2022-10-08,158,10,3.9,0,5,10,1,Low,89.88,0.5688607594936709,1508.3,9.54620253164557,1422,0.06329113924050633,2590,1.31,43.9,Business
T00739,R0202,11.29,57.39,225.53,2024-07-15,0,1.063496846718109,0.683757876850103,0,0,7,1,0,0,0,0,0,1,0,0,0,0,0,0,0,5.422877386483444,2.5087859235779435,7.575618786607468,1.0843814361435242,0.683757876850103,-0.12491546461071393,0.5905515995323626,0.4361455108359133,0.28474711270410197,0,19.97608503100089,0,Zone_2,Aadhya Reddy,27,Male,Ahmedabad,2021-10-28,317,0,4.72,0,3,10,1,Medium,73.7,0.23249211356466878,909.14,2.86794952681388,1767,0.0,6371,0.91,58.4,Residential
T00740,R0137,11.56,113.08,192.67,2024-01-24,0,0.6791720858587401,0.7444348768795283,0,2,1,0,0,0,1,0,0,0,0,1,0,0,0,0,0,5.26615567973964,2.5305171610400525,10.633908030446756,0.6941203803469315,0.7444348768795283,1.4232500097552245,0.5032415772133063,0.4465944272445821,0.5619772998805257,0,16.666955017301035,0,Zone_4,Arjun Gupta,27,Male,Bengaluru,2021-08-10,166,32,3.14,0,1,8,1,Medium,82.33,0.49596385542168675,1499.3700000000001,9.032349397590362,1846,0.1927710843373494,4038,2.46,48.2,Business
T00741,R0074,3.56,26.1,56.39,2023-04-18,0,-0.9147347434143805,-1.05340216102936,0,1,4,0,1,0,0,1,0,0,0,0,0,0,0,0,0,4.049870072120271,1.5173226235262949,5.10881590977792,-0.9244059946974879,-1.05340216102936,-0.9947681795130342,0.14114146030396427,0.1369969040247678,0.12898247710075667,0,15.839887640449438,0,Zone_1,Vivaan Ghosh,23,Male,Kolkata,2023-09-11,199,22,4.89,0,0,9,1,Medium,46.19,0.2321105527638191,817.27,4.106884422110553,1084,0.11055276381909548,4921,2.43,30.9,Residential
T00742,R0242,4.18,26.81,42.02,2024-02-03,0,-1.0828037273933557,-0.9140697905914213,0,5,2,0,0,1,0,0,0,0,0,0,0,1,0,0,0,3.761665123839584,1.6448050562713916,5.177837386399847,-1.0950709786231432,-0.9140697905914213,-0.9750303902007733,0.10295993198001914,0.1609907120743034,0.1325169255276782,0,10.05263157894737,0,Zone_6,Kavya Iyer,34,Male,Ahmedabad,2022-06-05,445,8,4.54,0,6,6,1,High,26.27,0.05903370786516854,328.19,0.7375056179775281,1547,0.017977528089887642,14627,0.54,37.6,Mixed
T00743,R0157,4.21,41.73,90.77,2024-04-09,0,-0.5126323308049743,-0.907327901699263,0,1,4,1,0,0,0,0,0,1,0,0,0,0,0,0,0,4.519285446830922,1.6505798557652755,6.4598761598036845,-0.5160926928628303,-0.907327901699263,-0.5602588176107247,0.23249016898713995,0.16215170278637772,0.2067901234567901,0,21.56057007125891,0,Zone_2,Kavya Nair,36,Female,Hyderabad,2021-11-23,319,27,4.65,0,1,11,0,Medium,113.9,0.3570532915360502,1875.93,5.880658307210031,1741,0.08463949843260188,6371,0.91,58.4,Residential
T00744,R0229,4.6,43.9,90.14,2024-06-26,0,-0.520000699622424,-0.8196833461012047,0,2,6,0,1,0,0,0,0,0,0,0,0,0,0,1,0,4.512396785835737,1.7227665977411035,6.6257075093909785,-0.523574873786502,-0.8196833461012047,-0.4999334615436734,0.23081623977043256,0.17724458204334365,0.21759259259259256,0,19.595652173913045,0,Zone_8,Reyansh Ghosh,22,Female,Mumbai,2020-11-23,146,16,4.43,0,0,11,0,Low,38.68,0.26493150684931505,688.5,4.715753424657534,2106,0.1095890410958904,4516,1.93,31.0,Business
T00745,R0060,0.92,7.67,21.17,2024-04-01,0,-1.3266616477803868,-1.6466883835392934,0,0,4,0,1,0,0,1,0,0,0,0,0,0,0,0,0,3.09874002362822,0.6523251860396903,2.7694764848252458,-1.3426955377637078,-1.6466883835392934,-1.5071167105341197,0.04756084599851207,0.0348297213622291,0.03723616089207488,0,23.01086956521739,0,Zone_1,Aarav Nair,40,Female,Hyderabad,2023-08-01,123,7,4.57,0,1,8,0,Low,47.26,0.38422764227642275,732.38,5.954308943089431,1125,0.056910569105691054,4921,2.43,30.9,Residential
T00746,R0218,9.57,82.88,146.52,2023-10-24,0,0.13940983042173918,0.2972229136996923,0,1,10,0,1,0,0,0,0,0,0,1,0,0,0,0,0,4.993963759808284,2.3580197998821464,9.103845341392834,0.14602093649383546,0.2972229136996923,0.5836989714027133,0.38061961951323203,0.3695820433436533,0.41163878932696135,0,15.310344827586208,0,Zone_4,Arjun Reddy,34,Other,Delhi,2019-01-11,160,16,3.87,0,4,1,2,Low,50.04,0.31275,725.47,4.5341875,2788,0.1,4038,2.46,48.2,Business
T00747,R0286,4.07,31.13,74.18,2023-03-16,0,-0.7066660429978203,-0.9387900498626685,0,3,3,1,0,0,0,0,0,0,0,0,0,1,0,0,0,4.319885238136032,1.623340817603092,5.579426493825329,-0.713123457186186,-0.9387900498626685,-0.8549356721318048,0.18841003294717823,0.15673374613003097,0.15402230187176422,0,18.226044226044227,0,Zone_6,Ishaan Nair,26,Male,Pune,2023-02-15,29,0,4.48,0,2,2,1,Low,42.26,1.4572413793103447,627.14,21.62551724137931,1292,0.0,14627,0.54,37.6,Mixed
T00748,R0020,7.65,74.95,122.69,2023-01-03,0,-0.13930164405418163,-0.13425797539844092,0,1,1,0,0,0,1,0,0,0,0,0,0,0,0,0,1,4.817778435386918,2.157559320943788,8.657366805212773,-0.1369955260634623,-0.13425797539844092,0.3632473245770376,0.31730258263364863,0.29527863777089786,0.3721624850657109,0,16.037908496732026,0,Zone_9,Diya Das,35,Female,Chennai,2019-09-17,274,21,4.03,0,1,9,0,Medium,53.85,0.19653284671532847,746.06,2.722846715328467,2539,0.07664233576642336,11037,1.83,56.1,Mixed
T00749,R0105,5.51,42.85,113.07,2024-03-17,0,-0.25181546631428897,-0.6151793830390687,0,6,3,1,0,0,0,0,0,0,0,0,0,0,0,1,0,4.736812295039806,1.873339456220478,6.545991139621257,-0.2512472411201641,-0.6151793830390687,-0.5291231499632143,0.29174194919757673,0.21246130030959753,0.21236559139784947,0,20.52087114337568,0,Zone_8,Diya Das,31,Female,Jaipur,2020-09-28,346,9,3.69,0,0,9,0,High,95.2,0.27514450867052026,1301.12,3.7604624277456646,2162,0.02601156069364162,4516,1.93,31.0,Business
T00750,R0063,9.28,47.06,182.89,2023-05-17,0,0.564786931835471,0.23205132107549487,0,2,5,0,0,1,0,1,0,0,0,0,0,0,0,0,0,5.214337752752762,2.330200260027019,6.860029154456998,0.5779684288651702,0.23205132107549487,-0.4120863992524834,0.4772558188968009,0.35835913312693496,0.23332337714058143,0,19.707974137931036,0,Zone_1,Diya Iyer,34,Male,Surat,2023-04-21,329,33,4.83,0,4,4,1,High,67.55,0.2053191489361702,1244.56,3.7828571428571425,1227,0.10030395136778116,4921,2.43,30.9,Residential
T00751,R0095,2.95,15.71,41.79,2023-12-23,0,-1.085493766802901,-1.190487235169913,0,5,12,1,0,0,0,0,0,0,0,0,0,0,0,0,1,3.7563044304287256,1.3737155789130306,3.963584236521283,-1.0978025684841664,-1.190487235169913,-1.283607096350206,0.1023488149643958,0.11339009287925698,0.07726005575467942,0,14.166101694915254,0,Zone_9,Kavya Iyer,29,Female,Chennai,2020-10-07,481,77,4.26,0,2,10,0,High,114.75,0.23856548856548856,1879.6100000000001,3.907713097713098,2153,0.1600831600831601,11037,1.83,56.1,Mixed
T00752,R0081,9.23,88.32,218.67,2024-07-07,0,0.9832634973725437,0.22081483958856454,0,6,7,0,1,0,0,0,0,0,0,1,0,0,0,0,0,5.392126420226094,2.325324579963535,9.397872099576585,1.0029087994190984,0.22081483958856454,0.7349293571191922,0.5723243702837708,0.35642414860681115,0.4387196336121067,0,23.691224268689055,0,Zone_4,Diya Reddy,42,Other,Mumbai,2022-01-31,114,2,3.9,0,0,1,2,Low,52.92,0.46421052631578946,812.0699999999999,7.123421052631579,1672,0.017543859649122806,4038,2.46,48.2,Business
T00753,R0013,9.95,66.91,136.07,2024-06-28,0,0.017188474640229507,0.3826201730003642,0,4,6,0,0,1,0,0,0,0,0,0,0,1,0,0,0,4.920491744243289,2.3933394562625097,8.179853299418028,0.021911744982137403,0.3826201730003642,0.1397377103931239,0.3528536507599107,0.3842879256965944,0.3321385902031063,0,13.67537688442211,0,Zone_6,Ishaan Gupta,43,Female,Kolkata,2019-04-01,6,0,3.91,0,0,4,0,Low,80.51,13.418333333333335,1432.84,238.80666666666664,2708,0.0,14627,0.54,37.6,Mixed
T00754,R0088,12.14,121.09,232.59,2024-07-02,0,1.1460693607676264,0.8747780621279228,0,1,7,0,0,1,0,0,0,0,0,0,0,1,0,0,0,5.4535674418185955,2.5756610130564646,11.00409014866745,1.1682293683992742,0.8747780621279228,1.6459256328414371,0.6093102348814965,0.4690402476780186,0.6018518518518519,0,19.158978583196046,0,Zone_6,Diya Iyer,22,Other,Jaipur,2019-07-07,438,0,4.78,0,6,7,2,High,62.25,0.1421232876712329,893.76,2.0405479452054793,2611,0.0,14627,0.54,37.6,Mixed
T00755,R0029,17.84,165.01,379.63,2023-11-06,0,3.154827050286693,2.1557369516380054,0,0,11,1,0,0,0,0,0,0,0,0,0,0,0,1,0,5.94182777466688,2.935982269148217,12.84562182223967,2.9145466430289444,2.1557369516380054,2.8668885998759497,0.9999999999999999,0.6896284829721363,0.820489844683393,0,21.279708520179373,0,Zone_8,Kavya Iyer,30,Male,Surat,2022-07-24,4,0,3.69,0,6,7,1,Low,59.769999999999996,14.942499999999999,1137.77,284.4425,1498,0.0,4516,1.93,31.0,Business
T00756,R0264,2.46,24.21,25.57,2024-02-10,0,-1.2752000242934354,-1.3006047537418324,0,5,2,0,0,0,1,0,1,0,0,0,0,0,0,0,0,3.279782759771722,1.2412685890696329,4.920365840057018,-1.290439036074572,-1.3006047537418324,-1.0473096186682078,0.059251780210436825,0.09442724458204335,0.11957387495021904,0,10.394308943089431,0,Zone_10,Aadhya Das,27,Other,Delhi,2019-02-06,401,54,3.59,0,2,2,2,High,12.44,0.031022443890274313,190.11,0.47408977556109727,2762,0.13466334164588528,2440,1.54,35.4,Industrial
T00757,R0158,9.6,69.01,119.92,2023-10-03,0,-0.17169907520392141,0.30396480259185044,0,1,10,1,0,0,0,0,0,1,0,0,0,0,0,0,0,4.795129169911258,2.3608540011180215,8.307225770376053,-0.16989336917230463,0.30396480259185044,0.19811708723220603,0.30994260814114144,0.37074303405572756,0.3425925925925926,0,12.491666666666667,0,Zone_2,Aarav Iyer,27,Male,Ahmedabad,2020-07-26,441,60,3.57,0,6,7,1,High,25.46,0.057732426303854875,384.87,0.8727210884353742,2226,0.1360544217687075,6371,0.91,58.4,Residential
T00758,R0029,4.45,40.55,97.15,2024-08-13,0,-0.43801297674889467,-0.8533927905619964,0,1,8,0,0,1,0,0,0,0,0,0,0,0,0,0,1,4.58649692072247,1.6956156086751528,6.367888189973187,-0.44032076541358306,-0.8533927905619964,-0.5930624674536374,0.24944202359443085,0.17143962848297215,0.20091596973317402,0,21.831460674157302,0,Zone_9,Kavya Iyer,30,Male,Surat,2022-07-24,4,0,3.69,0,6,7,1,Low,59.769999999999996,14.942499999999999,1137.77,284.4425,1498,0.0,11037,1.83,56.1,Mixed
T00759,R0258,1.63,10.31,38.61,2023-12-08,0,-1.122686485595743,-1.4871303464248795,0,4,12,0,0,0,1,0,0,0,0,0,1,0,0,0,0,3.6790816116338254,0.9669838461896731,3.2109188716004646,-1.1355697674322236,-1.4871303464248795,-1.4337254939364166,0.09389945796577745,0.06230650154798762,0.050378335324571887,0,23.687116564417177,0,Zone_5,Vivaan Nair,32,Female,Jaipur,2020-01-29,313,39,3.76,0,2,1,0,Medium,29.230000000000004,0.09338658146964858,499.35,1.5953674121405752,2405,0.12460063897763578,2590,1.31,43.9,Business
T00760,R0109,12.21,66.9,141.11,2023-10-25,0,0.07613542517982858,0.8905091362096256,0,2,10,1,0,0,0,0,0,1,0,0,0,0,0,0,0,4.95660140560377,2.580974118534234,8.179242018671413,0.08176919237151155,0.8905091362096256,0.1394597133605571,0.36624508449357,0.471749226006192,0.3320888092393469,0,11.556920556920558,0,Zone_2,Vivaan Kumar,35,Female,Delhi,2022-11-19,62,5,3.35,0,5,11,0,Low,43.24,0.6974193548387098,690.39,11.13532258064516,1380,0.08064516129032258,6371,0.91,58.4,Residential
T00761,R0147,14.66,138.46,271.36,2023-08-28,0,1.5995164386287866,1.4410967290692225,0,0,8,1,0,0,0,0,0,1,0,0,0,0,0,0,0,5.607124720614766,2.751109690562657,11.766902736064406,1.6286804071465015,1.4410967290692225,2.128806478410415,0.7123233074715698,0.56656346749226,0.6883213859020311,0,18.510231923601637,0,Zone_2,Saanvi Nair,35,Other,Mumbai,2022-08-29,239,21,3.91,0,0,8,2,Medium,63.55,0.26589958158995813,1021.8,4.27531380753138,1462,0.08786610878661087,6371,0.91,58.4,Residential
T00762,R0168,6.04,35.12,120.34,2024-02-19,0,-0.1667868293256215,-0.4960726792776048,0,0,2,0,0,0,1,0,0,1,0,0,0,0,0,0,0,4.798596522514152,1.951608170169951,5.9262129560116215,-0.16490524855652347,-0.4960726792776048,-0.7440148561375491,0.31105856095227974,0.23297213622291021,0.1738849064117881,0,19.92384105960265,0,Zone_2,Diya Das,23,Male,Pune,2019-10-08,471,74,4.03,0,1,10,1,High,35.019999999999996,0.0743524416135881,569.31,1.2087261146496815,2518,0.15711252653927812,6371,0.91,58.4,Residential
T00763,R0085,9.05,82.0,95.17,2023-10-12,0,-0.46117070731802284,0.18036350623561462,0,3,10,1,0,0,0,0,1,0,0,0,0,0,0,0,0,4.56611745872439,2.307572634505085,9.055385138137417,-0.4638361911736943,0.18036350623561462,0.5592352325368125,0.24418110319906472,0.34945820433436536,0.40725806451612906,0,10.516022099447513,0,Zone_10,Aadhya Ghosh,29,Female,Chennai,2022-09-17,94,12,4.95,0,5,9,0,Low,43.99,0.46797872340425534,509.91,5.4245744680851065,1443,0.1276595744680851,2440,1.54,35.4,Industrial
T00764,R0186,7.68,68.84,68.0,2024-06-14,0,-0.7789462323499475,-0.12751608650628274,0,4,6,0,0,0,1,0,1,0,0,0,0,0,0,0,0,4.23410650459726,2.1610215286722587,8.296987405076615,-0.7865200891041088,-0.12751608650628274,0.19339113767856603,0.17198958444042936,0.2964396284829721,0.34174631620868184,0,8.854166666666668,0,Zone_10,Ishaan Sharma,18,Other,Hyderabad,2020-12-11,373,19,3.26,0,4,12,2,High,68.58,0.18386058981233244,938.8199999999999,2.5169436997319035,2088,0.05093833780160858,2440,1.54,35.4,Industrial
T00765,R0201,10.17,51.68,102.51,2023-06-17,0,-0.3753233626829721,0.4320606915428588,0,5,6,0,1,0,0,0,0,0,0,0,0,0,0,0,1,4.639668226395659,2.413231613081109,7.188880302244572,-0.3766628451740902,0.4320606915428588,-0.2836517702065033,0.2636837070889574,0.39280185758513936,0.25632218239745125,0,10.079646017699115,0,Zone_9,Meera Reddy,37,Female,Delhi,2021-04-06,183,15,3.84,0,1,4,0,Medium,67.68,0.3698360655737705,1071.8,5.856830601092896,1972,0.08196721311475409,11037,1.83,56.1,Mixed
T00766,R0279,12.4,102.66,217.64,2024-06-30,0,0.9712167991471892,0.9332077658599616,0,6,6,0,0,1,0,0,0,0,0,0,0,0,0,1,0,5.387426541619813,2.5952547069568657,10.132127121192273,0.9906760274327779,0.9332077658599616,1.1335771018203515,0.5695876288659794,0.4791021671826626,0.5101055356431701,0,17.551612903225806,0,Zone_8,Diya Singh,25,Other,Pune,2022-04-21,454,84,3.73,0,3,4,2,High,41.55,0.09151982378854624,699.0699999999999,1.5398017621145372,1592,0.18502202643171806,4516,1.93,31.0,Business
T00767,R0279,9.72,77.55,114.71,2024-06-02,0,-0.23263431574187982,0.330932358160484,0,6,6,0,0,0,1,0,0,0,0,0,1,0,0,0,0,4.7510870608882465,2.372111155642656,8.806247782114696,-0.23176981776330433,0.330932358160484,0.4355265530444722,0.29609947922202146,0.37538699690402483,0.38510553564317007,0,11.801440329218105,0,Zone_5,Diya Singh,25,Other,Pune,2022-04-21,454,84,3.73,0,3,4,2,High,41.55,0.09151982378854624,699.0699999999999,1.5398017621145372,1592,0.18502202643171806,2590,1.31,43.9,Business
T00768,R0047,9.73,57.22,227.41,2024-08-05,0,1.0854849949352607,0.33317965445787007,0,0,8,0,0,0,1,1,0,0,0,0,0,0,0,0,0,5.431142259660542,2.373043556642607,7.564390259630977,1.106709214137973,0.33317965445787007,-0.12964141416435393,0.5955468168774577,0.37577399380804954,0.28390083632019114,0,23.372045220966083,0,Zone_1,Reyansh Iyer,51,Female,Bengaluru,2021-10-07,69,3,4.86,0,3,10,0,Low,62.230000000000004,0.9018840579710146,1144.87,16.592318840579708,1788,0.043478260869565216,4921,2.43,30.9,Residential
T00769,R0042,14.3,136.69,290.49,2023-06-12,0,1.8232575425618274,1.3601940623633226,0,0,6,1,0,0,0,0,0,0,0,0,0,0,0,0,1,5.675005699884782,2.72785282839839,11.69144986731757,1.8558774247176766,1.3601940623633226,2.0796010036460455,0.7631523009884154,0.5526315789473685,0.679510155316607,0,20.313986013986014,0,Zone_9,Arjun Reddy,18,Female,Chennai,2021-05-20,23,4,3.03,0,3,5,0,Low,46.16,2.0069565217391303,738.48,32.10782608695652,1928,0.17391304347826086,11037,1.83,56.1,Mixed
T00770,R0154,7.18,62.64,127.03,2023-07-12,0,-0.08854176997841592,-0.23988090137558826,0,2,7,0,0,1,0,1,0,0,0,0,0,0,0,0,0,4.852264611458088,2.1016921506146558,7.914543574963751,-0.08545161303372362,-0.23988090137558826,0.021032977486990817,0.3288340950154108,0.2770897832817337,0.3108821186778176,0,17.692200557103064,0,Zone_1,Kavya Patel,18,Other,Kolkata,2019-03-25,466,79,4.68,0,0,3,2,High,138.62,0.2974678111587983,2059.52,4.419570815450644,2715,0.16952789699570817,4921,2.43,30.9,Residential
T00771,R0058,12.62,113.65,150.09,2023-12-27,0,0.1811639203872883,0.9826482844024557,0,2,12,1,0,0,0,1,0,0,0,0,0,0,0,0,0,5.01787568575175,2.611539300721366,10.660675400742676,0.18841996172797523,0.9826482844024557,1.439095840611547,0.39010521840790735,0.4876160990712074,0.5648148148148149,0,11.893026941362917,0,Zone_1,Vivaan Reddy,46,Male,Kolkata,2021-05-31,480,25,4.32,0,0,5,1,High,76.12,0.15858333333333335,1043.47,2.1738958333333334,1917,0.052083333333333336,4921,2.43,30.9,Residential
T00772,R0006,3.89,37.48,68.34,2023-11-14,0,-0.7749696523532285,-0.9792413832156184,0,1,11,1,0,0,0,0,0,0,0,0,1,0,0,0,0,4.239021940256878,1.5871923034867808,6.1220911460055865,-0.7824820867008573,-0.9792413832156184,-0.6784075564517238,0.17289297481135082,0.14976780185758515,0.1856332138590203,0,17.568123393316196,0,Zone_5,Aarav Das,45,Female,Jaipur,2023-06-30,248,13,4.64,0,4,6,0,Medium,63.24,0.255,1095.43,4.417056451612903,1157,0.05241935483870968,2590,1.31,43.9,Business
T00773,R0045,16.04,113.26,297.73,2023-08-20,0,1.907935304844902,1.7512236181085055,0,6,8,0,0,1,0,1,0,0,0,0,0,0,0,0,0,5.6995401553980685,2.8355635214011694,10.64236815751081,1.9418631229516186,1.7512236181085055,1.4282539563414318,0.7823892018280371,0.6199690402476781,0.562873357228196,0,18.561720698254366,0,Zone_1,Saanvi Iyer,34,Other,Ahmedabad,2023-07-12,100,16,4.88,0,2,7,2,Low,87.53,0.8753,1529.85,15.298499999999999,1145,0.16,4921,2.43,30.9,Residential
T00774,R0199,11.69,79.48,280.26,2023-10-09,0,1.7036092679546653,0.7736497287455475,0,0,10,0,0,0,1,0,0,0,0,1,0,0,0,0,0,5.639279508442102,2.540814281726296,8.915155635209068,1.7343810582904353,0.7736497287455475,0.48917998032991433,0.7359708789456902,0.451625386996904,0.39471326164874554,0,23.974337040205302,0,Zone_4,Aarav Das,29,Male,Ahmedabad,2021-08-03,344,27,3.91,0,1,8,1,High,85.15,0.24752906976744188,1600.5,4.652616279069767,1853,0.07848837209302326,4038,2.46,48.2,Business
T00775,R0213,5.98,53.94,106.57,2023-02-13,0,-0.32783831919273987,-0.5095564570619213,0,0,2,0,1,0,0,0,0,0,0,0,1,0,0,0,0,4.678141798443914,1.9430489167742813,7.344385610791416,-0.3284443458882058,-0.5095564570619213,-0.22082444084634856,0.27447125092996066,0.23065015479876164,0.2675726802070888,0,17.82107023411371,0,Zone_5,Kavya Ghosh,29,Female,Chennai,2019-06-04,456,26,3.74,0,1,6,0,High,61.089999999999996,0.13396929824561402,1064.3999999999999,2.3342105263157893,2644,0.05701754385964912,2590,1.31,43.9,Business
T00776,R0093,2.5700000000000003,17.8,38.6,2023-09-05,0,-1.1228034438309409,-1.275884494470585,0,1,9,0,0,0,1,0,0,1,0,0,0,0,0,0,0,3.6788291182604347,1.2725655957915478,4.219004621945797,-1.13568853220879,-1.275884494470585,-1.2255057165436911,0.09387288766075035,0.09868421052631582,0.08766427718040622,0,15.019455252918286,0,Zone_2,Diya Patel,33,Other,Surat,2019-05-30,119,18,3.77,0,3,5,2,Low,71.55000000000001,0.6012605042016808,1189.8899999999999,9.999075630252099,2649,0.15126050420168066,6371,0.91,58.4,Residential
T00777,R0023,8.0,40.24,164.23,2024-03-17,0,0.3465428649567182,-0.05560260498992714,0,6,3,0,1,0,0,0,0,0,0,0,1,0,0,0,0,5.1073384426629,2.1972245773362196,6.343500610861483,0.3563533557926074,-0.05560260498992714,-0.6016803754632161,0.42767562971622913,0.3088235294117647,0.19937275985663083,0,20.52875,0,Zone_5,Meera Iyer,24,Other,Jaipur,2019-10-09,176,32,3.21,0,2,10,2,Medium,64.91,0.36880681818181815,1195.62,6.793295454545454,2517,0.18181818181818182,2590,1.31,43.9,Business
T00778,R0129,2.09,13.29,35.96,2023-03-04,0,-1.1536804179231115,-1.3837547167451185,0,5,3,0,0,0,1,0,0,0,0,1,0,0,0,0,0,3.6098362467734835,1.128171090909654,3.645545226711637,-1.1670424332222713,-1.3837547167451185,-1.3508823782314339,0.0868583271335955,0.08010835913312694,0.06521306252489048,0,17.20574162679426,0,Zone_4,Vivaan Singh,35,Male,Hyderabad,2022-10-08,158,10,3.9,0,5,10,1,Low,89.88,0.5688607594936709,1508.3,9.54620253164557,1422,0.06329113924050633,4038,2.46,48.2,Business
T00779,R0193,9.5,68.8,211.56,2023-07-12,0,0.9001061921470384,0.2814918396179894,0,2,7,1,0,0,0,1,0,0,0,0,0,0,0,0,0,5.359224301451558,2.3513752571634776,8.294576541331088,0.9184670432805175,0.2814918396179894,0.1922791495482976,0.5534328834095016,0.3668730650154799,0.34154719235364395,0,22.269473684210528,0,Zone_1,Kavya Singh,33,Female,Chennai,2022-01-03,389,68,4.41,0,0,1,0,High,56.09,0.14419023136246786,1005.6400000000001,2.5851928020565555,1700,0.17480719794344474,4921,2.43,30.9,Residential
T00780,R0047,15.26,79.91,310.84,2024-06-30,0,2.061267551188977,1.575934506912389,0,6,6,0,0,1,0,0,0,0,0,1,0,0,0,0,0,5.74249023575925,2.7887081041196646,8.939239341241512,2.09756374502993,1.575934506912389,0.5011338527302975,0.8172228717185672,0.5897832817337462,0.3968538430904022,0,20.369593709043247,0,Zone_4,Reyansh Iyer,51,Female,Bengaluru,2021-10-07,69,3,4.86,0,3,10,0,Low,62.230000000000004,0.9018840579710146,1144.87,16.592318840579708,1788,0.043478260869565216,4038,2.46,48.2,Business
T00781,R0105,8.8,66.42,85.32,2024-03-09,0,-0.5763745689876754,0.12418109880096186,0,5,3,1,0,0,0,0,0,0,0,0,0,0,0,1,0,4.458061320949879,2.2823823856765264,8.149846624323676,-0.5808194960914191,0.12418109880096186,0.12611585579733828,0.21800935274736952,0.33978328173374617,0.3296993229788929,0,9.695454545454544,0,Zone_8,Diya Das,31,Female,Jaipur,2020-09-28,346,9,3.69,0,0,9,0,High,95.2,0.27514450867052026,1301.12,3.7604624277456646,2162,0.02601156069364162,4516,1.93,31.0,Business
T00782,R0032,7.11,61.63,176.63,2024-05-01,1,0.491571076601763,-0.2556119754572909,0,2,5,1,0,0,0,0,0,1,0,0,0,0,0,0,0,5.179702735211794,2.0930978681273213,7.850477692471968,0.5036216787347179,-0.2556119754572909,-0.007044722802281848,0.46062280794983523,0.2743808049535604,0.30585424133811234,0,24.84247538677918,1,Zone_2,Kavya Reddy,18,Female,Mumbai,2023-09-20,213,24,4.0,0,2,9,0,Medium,66.19,0.3107511737089202,1378.79,6.473192488262911,1075,0.11267605633802817,6371,0.91,58.4,Residential
T00783,R0076,9.71,57.36,130.03,2023-09-03,0,-0.05345429941913091,0.3286850618630979,0,6,9,0,0,0,1,0,0,0,0,0,0,0,0,1,0,4.875426304616494,2.3711778844596574,7.573638491504595,-0.049822180063858204,0.3286850618630979,-0.12574945570841511,0.3368051865235413,0.37500000000000006,0.2845977698128236,0,13.391349124613798,0,Zone_8,Reyansh Reddy,40,Male,Bengaluru,2022-01-02,137,13,3.34,0,6,1,1,Low,56.769999999999996,0.4143795620437956,864.8100000000001,6.3124817518248175,1701,0.0948905109489051,4516,1.93,31.0,Business
T00784,R0173,9.43,91.48,122.19,2023-07-28,0,-0.14514955581406247,0.2657607655362866,0,4,7,0,1,0,0,1,0,0,0,0,0,0,0,0,0,4.813727878973883,2.344686269012681,9.564517760974674,-0.1429337648917732,0.2657607655362866,0.8227764194103823,0.31597406738229356,0.3641640866873065,0.4544504181600956,0,12.957582184517497,0,Zone_1,Saanvi Ghosh,26,Other,Mumbai,2020-01-15,389,55,4.28,0,2,1,2,High,50.04,0.1286375321336761,861.47,2.2145758354755785,2419,0.14138817480719795,4921,2.43,30.9,Residential
T00785,R0290,3.81,28.82,70.83,2023-12-02,0,-0.745847051789022,-0.9972197535947073,0,5,12,0,0,0,1,0,0,0,0,0,0,0,0,0,1,4.27430221608671,1.57069708411767,5.36842621258782,-0.7529096573358691,-0.9972197535947073,-0.9191529866547948,0.17950898076309915,0.146671826625387,0.14252289924332934,0,18.590551181102363,0,Zone_9,Saanvi Kumar,34,Other,Chennai,2020-05-06,169,4,4.28,0,2,5,2,Medium,68.22,0.40366863905325445,1077.67,6.376745562130178,2307,0.023668639053254437,11037,1.83,56.1,Mixed
T00786,R0035,9.2,65.36,150.05,2023-12-14,0,0.18069608744649793,0.21407295069640594,0,3,12,0,1,0,0,1,0,0,0,0,0,0,0,0,0,5.017610907832681,2.322387720290225,8.084553172563094,0.18794490262171046,0.21407295069640594,0.0966481703452302,0.38999893718779893,0.35526315789473684,0.3244225408203903,0,16.309782608695656,0,Zone_1,Reyansh Das,39,Male,Kolkata,2022-03-20,392,41,3.49,0,6,3,1,High,28.979999999999997,0.07392857142857143,419.90999999999997,1.0711989795918366,1624,0.10459183673469388,4921,2.43,30.9,Residential
T00787,R0183,11.1,92.83,152.12,2024-01-25,0,0.2049064421324045,0.641059247199767,0,3,1,0,0,0,1,0,0,0,0,0,0,0,1,0,0,5.031221927704644,2.4932054526026954,9.634832639957997,0.21252921137091751,0.641059247199767,0.8603060188069348,0.39549899032840896,0.42879256965944273,0.46117084826762245,0,13.704504504504506,0,Zone_7,Arjun Patel,43,Other,Jaipur,2022-08-27,406,66,3.79,0,5,8,2,High,57.78,0.14231527093596058,851.14,2.0964039408866997,1464,0.1625615763546798,11070,0.64,45.2,Industrial
T00788,R0139,6.7,59.38,166.87,2023-05-24,1,0.3774198390488892,-0.34775112365012145,0,2,5,1,0,0,0,1,0,0,0,0,0,0,0,0,0,5.123189870334323,2.0412203288596382,7.705841939723395,0.38770725680608914,-0.34775112365012145,-0.06959405512986959,0.434690190243384,0.25851393188854493,0.2946535244922342,0,24.905970149253733,1,Zone_1,Diya Gupta,44,Other,Kolkata,2023-10-09,155,7,4.39,0,0,10,2,Low,58.92,0.38012903225806455,1002.23,6.466,1056,0.04516129032258064,4921,2.43,30.9,Residential
T00789,R0045,12.89,105.09,220.17,2024-02-26,0,1.0008072326521862,1.043325284431881,0,0,2,1,0,0,0,0,0,0,0,0,0,0,0,1,0,5.39893163658063,2.6311691567662523,10.251341375644458,1.020723515904031,1.043325284431881,1.2011303807341465,0.5763099160378361,0.4980650154798762,0.5222023098367184,0,17.08068269976726,0,Zone_8,Saanvi Iyer,34,Other,Ahmedabad,2023-07-12,100,16,4.88,0,2,7,2,Low,87.53,0.8753,1529.85,15.298499999999999,1145,0.16,4516,1.93,31.0,Business
T00790,R0062,7.36,54.82,155.33,2024-01-24,0,0.24245003563083956,-0.19942956802263814,0,2,1,0,1,0,0,0,1,0,0,0,0,0,0,0,0,5.051969157589233,2.1234584270966104,7.404052944165108,0.2506527046486736,-0.19942956802263814,-0.1963607019804475,0.40402805824210863,0.28405572755417957,0.27195340501792115,0,21.10461956521739,0,Zone_10,Kavya Sharma,38,Male,Jaipur,2019-05-13,57,3,3.58,0,0,5,1,Low,66.05,1.1587719298245613,889.51,15.605438596491227,2666,0.05263157894736842,2440,1.54,35.4,Industrial
T00791,R0164,11.83,78.97,286.93,2024-01-06,1,1.7816204108314757,0.8051118769089531,0,5,1,0,0,1,0,0,0,1,0,0,0,0,0,0,0,5.6627173950376015,2.551786178627545,8.886506625215558,1.813597164260103,0.8051118769089531,0.4750021316689943,0.7536932723987672,0.4570433436532508,0.39217443249701317,0,24.254437869822485,1,Zone_2,Aadhya Ghosh,37,Other,Ahmedabad,2022-07-06,249,23,4.02,0,2,7,2,Medium,100.28,0.40273092369477914,1758.49,7.062208835341366,1516,0.09236947791164658,6371,0.91,58.4,Residential
T00792,R0105,19.37,143.84,283.31,2023-07-05,0,1.7392815296899384,2.4995732851380805,0,2,7,1,0,0,0,0,0,1,0,0,0,0,0,0,0,5.650065192150214,3.0140632302387145,11.99333148045196,1.770604315143132,2.4995732851380805,2.2783688819314913,0.7440748219789564,0.7488390092879258,0.7151035444046197,0,14.626226122870417,0,Zone_2,Diya Das,31,Female,Jaipur,2020-09-28,346,9,3.69,0,0,9,0,High,95.2,0.27514450867052026,1301.12,3.7604624277456646,2162,0.02601156069364162,6371,0.91,58.4,Residential
T00793,R0161,7.52,58.21,98.63,2023-12-13,0,-0.4207031579396475,-0.16347282726446052,0,2,12,0,0,0,1,0,0,0,0,0,0,0,1,0,0,4.601463324056765,2.1424163408412245,7.62954782408499,-0.42274357848178296,-0.16347282726446052,-0.10211970794021527,0.2533744287384419,0.29024767801857587,0.28882915173237755,0,13.115691489361703,0,Zone_7,Aarav Nair,32,Other,Surat,2019-03-27,332,50,4.91,0,2,3,2,High,33.22,0.10006024096385542,567.56,1.7095180722891565,2713,0.15060240963855423,11070,0.64,45.2,Industrial
T00794,R0209,1.71,16.51,37.86,2023-01-20,0,-1.1314583532355644,-1.4691519760457905,0,4,1,0,0,1,0,0,0,0,0,0,0,0,1,0,0,3.659965443949294,0.9969486348916096,4.063249930782009,-1.14447712567469,-1.4691519760457905,-1.2613673337448417,0.09190668508874482,0.06540247678018576,0.08124253285543609,0,22.140350877192983,0,Zone_7,Vivaan Sharma,31,Other,Surat,2020-06-11,109,20,3.77,0,3,6,2,Low,58.52,0.5368807339449542,735.09,6.743944954128441,2271,0.1834862385321101,11070,0.64,45.2,Industrial
T00795,R0296,6.32,48.62,81.7,2023-01-14,0,-0.6187134501292125,-0.4331483829507936,0,5,1,1,0,0,0,0,0,0,0,1,0,0,0,0,0,4.415219602029645,1.9906103279732201,6.972804313904127,-0.62381234520839,-0.4331483829507936,-0.3687188621720227,0.20839090232755872,0.24380804953560373,0.24108920748705692,0,12.927215189873417,0,Zone_4,Reyansh Patel,37,Other,Hyderabad,2021-02-20,390,58,3.97,0,5,2,2,High,79.46000000000001,0.20374358974358978,1306.46,3.349897435897436,2017,0.14871794871794872,4038,2.46,48.2,Business
T00796,R0172,0.63,5.74,14.05,2024-01-12,0,-1.4099359112410899,-1.7118599761634905,0,4,1,0,0,0,1,1,0,0,0,0,0,0,0,0,0,2.711377991194885,0.48858001481867097,2.3958297101421877,-1.4272560586788552,-1.7118599761634905,-1.5607701378195615,0.02864278881921565,0.023606811145510838,0.027628434886499402,0,22.301587301587304,0,Zone_1,Reyansh Reddy,31,Other,Pune,2019-12-24,168,14,3.72,0,1,12,2,Medium,84.85,0.5050595238095238,1488.61,8.86077380952381,2441,0.08333333333333333,4921,2.43,30.9,Residential
T00797,R0258,11.06,69.44,227.04,2023-10-18,0,1.081157540232949,0.6320700620102228,0,2,10,1,0,0,0,0,0,0,0,0,0,0,1,0,0,5.429521052163381,2.4898941912990393,8.333066662399863,1.1023149174050229,0.6320700620102228,0.21007095963258926,0.5945637155914549,0.4272445820433437,0.3447331740342493,0,20.528028933092223,0,Zone_7,Vivaan Nair,32,Female,Jaipur,2020-01-29,313,39,3.76,0,2,1,0,Medium,29.230000000000004,0.09338658146964858,499.35,1.5953674121405752,2405,0.12460063897763578,11070,0.64,45.2,Industrial
T00798,R0259,14.55,107.68,360.46,2024-04-08,1,2.6416143142395514,1.4163764697979753,0,0,4,0,1,0,0,1,0,0,0,0,0,0,0,0,0,5.890151385407493,2.744060638625243,10.376897416858279,2.686874566351504,1.4163764697979753,1.2731316121690142,0.949064725263046,0.5623065015479877,0.5350955794504182,0,24.773883161512025,1,Zone_1,Aadhya Das,32,Male,Jaipur,2019-06-25,150,27,3.52,0,1,6,1,Low,79.74000000000001,0.5316000000000001,1283.08,8.553866666666666,2623,0.18,4921,2.43,30.9,Residential
T00799,R0154,11.48,59.73,237.17,2023-12-15,0,1.1996362324881347,0.7264565065004394,0,4,12,0,0,0,1,0,0,0,1,0,0,0,0,0,0,5.472984704405132,2.5241273629412815,7.728518616138541,1.2226236360666018,0.7264565065004394,-0.05986415899002277,0.621479434583909,0.4434984520123839,0.2963958582238152,0,20.659407665505224,0,Zone_3,Kavya Patel,18,Other,Kolkata,2019-03-25,466,79,4.68,0,0,3,2,High,138.62,0.2974678111587983,2059.52,4.419570815450644,2715,0.16952789699570817,12971,2.11,38.0,Business
T00800,R0175,9.6,93.14,195.74,2024-01-11,0,0.7150782640644088,0.30396480259185044,0,3,1,0,0,0,1,0,0,0,0,0,0,0,1,0,0,5.281883060084612,2.3608540011180215,9.65090669315583,0.7305811667527606,0.30396480259185044,0.8689239268165136,0.5113986608566267,0.37074303405572756,0.46271405814416566,0,20.389583333333334,0,Zone_7,Diya Patel,35,Male,Chennai,2022-08-18,98,8,3.48,0,3,8,1,Low,70.26,0.7169387755102041,1267.03,12.928877551020408,1473,0.08163265306122448,11070,0.64,45.2,Industrial
T00801,R0059,4.78,26.45,113.28,2024-04-09,0,-0.24935934337513893,-0.7792320127482546,0,1,4,1,0,0,0,0,1,0,0,0,0,0,0,0,0,4.738651577362572,1.7544036826842861,5.142956348249516,-0.24875318081227343,-0.7792320127482546,-0.9850382833731873,0.29229992560314594,0.1842105263157895,0.1307248108323377,0,23.698744769874477,0,Zone_10,Aarav Sharma,43,Male,Delhi,2021-08-02,357,11,3.27,0,0,8,1,High,35.0,0.09803921568627451,534.78,1.4979831932773109,1854,0.03081232492997199,2440,1.54,35.4,Industrial
T00802,R0292,15.88,155.72,175.8,2024-01-11,0,0.481863543080361,1.7152668773503281,0,3,1,0,0,0,1,0,0,0,0,0,0,0,0,0,1,5.175019150203543,2.826129489167811,12.478781991845198,0.4937642022797219,1.7152668773503281,2.6086293566211545,0.45841747263258587,0.6137770897832818,0.7742433293508563,0,11.070528967254408,0,Zone_9,Diya Patel,37,Female,Jaipur,2020-06-28,141,19,4.39,0,6,6,0,Low,79.36,0.5628368794326241,1137.89,8.070141843971632,2254,0.1347517730496454,11037,1.83,56.1,Mixed
T00803,R0282,11.77,69.66,114.25,2024-01-15,0,-0.23801439456097012,0.7916280991246364,0,0,1,0,0,0,1,0,0,1,0,0,0,0,0,0,0,4.747103681876758,2.547098670044448,8.346256645946132,-0.2372329974853503,0.7916280991246364,0.2161868943490645,0.2948772451907748,0.4547213622291022,0.3458283552369574,0,9.706881903143586,0,Zone_2,Reyansh Kumar,22,Other,Bengaluru,2022-05-02,319,3,4.47,0,0,5,2,Medium,92.87,0.29112852664576805,1399.75,4.387931034482759,1581,0.009404388714733543,6371,0.91,58.4,Residential
T00804,R0260,9.42,66.66,191.57,2024-07-16,0,0.6663066799870023,0.2635134692389005,0,1,7,0,0,1,0,0,0,0,0,1,0,0,0,0,0,5.260459723991796,2.343727036325221,8.164557550780078,0.6810562549246476,0.2635134692389005,0.1327877845789475,0.5003188436603252,0.36377708978328177,0.33089406610911987,0,20.33651804670913,0,Zone_4,Reyansh Das,55,Other,Mumbai,2019-07-17,63,3,4.24,0,2,7,2,Low,37.79,0.5998412698412698,689.26,10.94063492063492,2601,0.047619047619047616,4038,2.46,48.2,Business
T00805,R0207,9.02,86.02,210.79,2023-08-14,0,0.8911004080368218,0.17362161734345602,0,0,8,0,0,0,1,0,0,0,0,0,0,0,0,0,1,5.35559521769951,2.3045830956567186,9.274696760541554,0.9093221554849187,0.17362161734345602,0.6709900396287691,0.5513869699224146,0.34829721362229105,0.4272700119474313,0,23.36917960088692,0,Zone_9,Ishaan Iyer,31,Male,Mumbai,2023-12-06,47,3,3.93,0,2,12,1,Low,63.47,1.3504255319148937,1231.46,26.20127659574468,998,0.06382978723404255,11037,1.83,56.1,Mixed
T00806,R0194,8.56,67.99,187.22,2023-03-03,0,0.6154298476760391,0.07024598766369516,0,4,3,0,0,1,0,0,0,0,0,0,0,0,1,0,0,5.237611491430642,2.25758772706331,8.245604889879214,0.6293935771183428,0.07024598766369516,0.16976138991036596,0.488760760973536,0.33049535603715174,0.3375149342891278,0,21.871495327102803,0,Zone_7,Arjun Iyer,30,Other,Jaipur,2023-02-10,10,2,4.06,0,4,2,2,Low,43.61,4.361,684.55,68.455,1297,0.2,11070,0.64,45.2,Industrial
T00807,R0155,10.26,57.9,128.4,2023-08-25,0,-0.07251849175634238,0.4522863582193338,0,4,8,0,0,1,0,0,0,0,0,0,0,0,1,0,0,4.8629083820668,2.421256622711544,7.60920495189872,-0.06918083864415168,0.4522863582193338,-0.11073761594979409,0.3324742268041237,0.39628482972136225,0.28728594185583434,0,12.514619883040936,0,Zone_7,Meera Reddy,23,Male,Hyderabad,2019-02-10,353,8,3.14,0,6,2,1,High,60.91,0.17254957507082153,931.71,2.639405099150142,2758,0.0226628895184136,11070,0.64,45.2,Industrial
T00808,R0154,4.93,37.07,85.54,2024-01-19,0,-0.5738014878133277,-0.7455225682874631,0,4,1,0,0,0,1,0,0,0,0,0,0,0,1,0,0,4.460606734796738,1.780024213009634,6.088513775955509,-0.5782066710069622,-0.7455225682874631,-0.6898054347869731,0.21859389945796578,0.190015479876161,0.1835921943448825,0,17.350912778904668,0,Zone_7,Kavya Patel,18,Other,Kolkata,2019-03-25,466,79,4.68,0,0,3,2,High,138.62,0.2974678111587983,2059.52,4.419570815450644,2715,0.16952789699570817,11070,0.64,45.2,Industrial
T00809,R0011,15.63,95.95,148.68,2023-06-22,0,0.16467280922442437,1.6590844699156753,0,3,6,0,1,0,0,0,0,0,0,1,0,0,0,0,0,5.0084996819658345,2.8112082932048366,9.795407086997457,0.1716741282321385,1.6590844699156753,0.9470410929678567,0.386358805399086,0.6041021671826626,0.4767025089605735,0,9.512476007677543,0,Zone_4,Vivaan Nair,26,Male,Chennai,2020-04-14,208,34,4.0,0,1,4,1,Medium,88.96000000000001,0.4276923076923077,1633.78,7.8547115384615385,2329,0.16346153846153846,4038,2.46,48.2,Business
T00810,R0026,8.76,71.48,84.68,2023-06-25,0,-0.5838598960403227,0.1151919136114172,0,6,6,1,0,0,0,0,0,0,0,0,0,0,0,1,0,4.450619426139493,2.278292400425001,8.4545845551393,-0.588420441791657,0.1151919136114172,0.266782354276269,0.21630885322563503,0.3382352941176471,0.35488849064117883,0,9.666666666666668,0,Zone_8,Aarav Kumar,26,Female,Surat,2020-04-17,44,5,3.17,0,4,4,0,Low,79.29,1.8020454545454547,973.19,22.11795454545455,2326,0.11363636363636363,4516,1.93,31.0,Business
T00811,R0191,11.0,88.33,181.41,2024-06-15,0,0.5474771130262238,0.618586284225906,0,5,6,0,0,0,1,0,0,0,0,0,0,0,0,1,0,5.206256900698823,2.4849066497880004,9.398404119849284,0.5603912419333701,0.618586284225906,0.7352073541517593,0.47332341375278986,0.42492260061919507,0.4387694145758662,0,16.491818181818182,0,Zone_8,Meera Gupta,33,Other,Surat,2020-08-14,87,6,4.56,0,4,8,2,Low,83.17,0.9559770114942528,1326.52,15.24735632183908,2207,0.06896551724137931,4516,1.93,31.0,Business
T00812,R0262,5.83,32.69,70.96,2023-04-17,0,-0.744326594731453,-0.543265901522713,0,0,4,0,0,1,0,0,0,0,0,0,0,0,1,0,0,4.2761104090823325,1.9213246735826988,5.717516943569122,-0.7513657152405083,-0.543265901522713,-0.811568135051344,0.17985439472845147,0.2248452012383901,0.16178813221823973,0,12.171526586620924,0,Zone_7,Meera Singh,30,Male,Ahmedabad,2019-04-21,6,0,3.35,0,6,4,1,Low,59.620000000000005,9.936666666666667,967.3599999999999,161.22666666666666,2688,0.0,11070,0.64,45.2,Industrial
T00813,R0002,9.87,78.29,150.1,2024-02-19,0,0.1812808786224858,0.3646418026212753,0,0,2,0,1,0,0,0,1,0,0,0,0,0,0,0,0,5.017941869278694,2.386006701133118,8.84816365128946,0.18853872650454134,0.3646418026212753,0.4560983334544346,0.3901317887129344,0.38119195046439625,0.38878932696137003,0,15.207700101317123,0,Zone_10,Ishaan Nair,39,Female,Mumbai,2019-11-23,70,5,4.12,0,5,11,0,Low,75.69,1.0812857142857142,1175.6100000000001,16.794428571428572,2472,0.07142857142857142,2440,1.54,35.4,Industrial
T00814,R0040,3.41,27.78,72.45,2023-06-28,0,-0.7268998176870081,-1.0871116054901517,0,2,6,0,0,0,1,0,0,1,0,0,0,0,0,0,0,4.296604902619887,1.4838746894587547,5.270673581241775,-0.7336697635321416,-1.0871116054901517,-0.9480646780417686,0.18381337017748964,0.1311919504643963,0.13734567901234568,0,21.24633431085044,0,Zone_2,Aarav Gupta,34,Other,Surat,2023-05-05,485,36,4.41,0,4,5,2,High,80.45,0.1658762886597938,1140.75,2.352061855670103,1213,0.07422680412371134,6371,0.91,58.4,Residential
T00815,R0246,2.41,17.89,23.05,2024-04-06,0,-1.3046734995632348,-1.3118412352287627,0,5,4,1,0,0,0,0,0,0,0,0,0,0,1,0,0,3.1801349965517702,1.2267122912954254,4.2296571965113205,-1.320367759769259,-1.3118412352287627,-1.2230037432505878,0.05255606334360719,0.09249226006191952,0.08811230585424135,0,9.564315352697095,0,Zone_7,Vivaan Das,29,Other,Mumbai,2021-03-31,240,34,4.79,0,2,3,2,Medium,83.74,0.34891666666666665,1550.55,6.460624999999999,1978,0.14166666666666666,11070,0.64,45.2,Industrial
T00816,R0199,7.84,62.24,192.43,2023-01-18,1,0.6763650882139975,-0.09155934574810494,0,2,1,1,0,0,0,1,0,0,0,0,0,0,0,0,0,5.264915689914006,2.179286876649552,7.889233169326408,0.6912700257093425,-0.09155934574810494,0.009913096184308592,0.502603889892656,0.3026315789473684,0.3088908801274393,0,24.544642857142858,1,Zone_1,Aarav Das,29,Male,Ahmedabad,2021-08-03,344,27,3.91,0,1,8,1,High,85.15,0.24752906976744188,1600.5,4.652616279069767,1853,0.07848837209302326,4921,2.43,30.9,Residential
T00817,R0246,1.3900000000000001,11.53,27.24,2024-06-13,0,-1.2556679990154334,-1.541065457562146,0,3,6,0,0,0,1,0,0,0,0,0,1,0,0,0,0,3.3407394126250414,0.8712933659434193,3.395585369269929,-1.2706053183880135,-1.541065457562146,-1.3998098559632357,0.0636890211499628,0.0530185758513932,0.056451612903225805,0,19.59712230215827,0,Zone_5,Vivaan Das,29,Other,Mumbai,2021-03-31,240,34,4.79,0,2,3,2,Medium,83.74,0.34891666666666665,1550.55,6.460624999999999,1978,0.14166666666666666,2590,1.31,43.9,Business
T00818,R0095,20.2,152.79,379.63,2023-07-14,0,3.8664009532289936,2.686098877821127,0,4,7,0,0,0,1,0,0,0,0,0,0,0,0,1,0,5.94182777466688,3.054001181677967,12.360825215170708,2.9145466430289444,2.686098877821127,2.5271762260790065,0.9999999999999999,0.7809597523219814,0.7596575069693349,0,18.793564356435645,0,Zone_8,Kavya Iyer,29,Female,Chennai,2020-10-07,481,77,4.26,0,2,10,0,High,114.75,0.23856548856548856,1879.6100000000001,3.907713097713098,2153,0.1600831600831601,4516,1.93,31.0,Business
T00819,R0276,0.34,2.99,5.01,2024-08-18,0,-1.5156661558597355,-1.7770315687876879,0,6,8,0,1,0,0,1,0,0,0,0,0,0,0,0,0,1.7934247485471162,0.29266961396282,1.7291616465790582,-1.5346194166947162,-1.7770315687876879,-1.637219321775502,0.004623233074715698,0.012383900928792572,0.013938669852648349,0,14.735294117647058,0,Zone_1,Aadhya Ghosh,26,Other,Chennai,2022-11-07,196,1,3.63,0,0,11,2,Medium,30.5,0.1556122448979592,500.22,2.5521428571428575,1392,0.00510204081632653,4921,2.43,30.9,Residential
T00820,R0170,9.73,96.07,229.45,2023-03-01,0,1.1093444749155745,0.33317965445787007,0,2,3,1,0,0,0,0,0,0,0,0,0,0,0,0,1,5.440033919166517,2.373043556642607,9.801530492734285,1.1309372285574815,0.33317965445787007,0.9503770573586611,0.6009671591029865,0.37577399380804954,0.47729988052568695,0,23.58170606372045,0,Zone_9,Saanvi Kumar,29,Other,Bengaluru,2020-05-20,28,3,3.68,0,2,5,2,Low,53.51,1.9110714285714285,943.71,33.70392857142857,2293,0.10714285714285714,11037,1.83,56.1,Mixed
T00821,R0011,16.28,158.5,324.06,2023-01-08,0,2.2158863381202267,1.8051587292457725,0,6,1,0,0,1,0,0,0,0,0,0,0,0,0,0,1,5.78400978067503,2.8495497633759097,12.589678312014172,2.2545707796504706,1.8051587292457725,2.6859125316747963,0.8523488149643957,0.6292569659442725,0.7880824372759857,0,19.905405405405403,0,Zone_9,Vivaan Nair,26,Male,Chennai,2020-04-14,208,34,4.0,0,1,4,1,Medium,88.96000000000001,0.4276923076923077,1633.78,7.8547115384615385,2329,0.16346153846153846,11037,1.83,56.1,Mixed
T00822,R0137,10.41,102.5,201.61,2023-10-09,0,0.7837327481254098,0.4859958026801255,0,0,10,0,0,1,0,0,0,0,1,0,0,0,0,0,0,5.31128294893806,2.4344901638739844,10.124228365658293,0.8002960905971307,0.4859958026801255,1.1291291492992785,0.5269954299075353,0.4020897832817338,0.5093090402230187,0,19.36695485110471,0,Zone_3,Arjun Gupta,27,Male,Bengaluru,2021-08-10,166,32,3.14,0,1,8,1,Medium,82.33,0.49596385542168675,1499.3700000000001,9.032349397590362,1846,0.1927710843373494,12971,2.11,38.0,Business
T00823,R0051,6.45,58.28,160.96,2023-03-21,1,0.3082975220470977,-0.4039335310847742,0,1,3,0,0,0,1,0,0,1,0,0,0,0,0,0,0,5.0873493911639605,2.0082140323914683,7.634133873596926,0.3175172738554543,-0.4039335310847742,-0.10017372871224586,0.4189871399723669,0.2488390092879257,0.2891776184786938,0,24.955038759689923,1,Zone_2,Aarav Nair,21,Male,Kolkata,2020-04-05,213,14,4.02,0,6,4,1,Medium,59.18,0.2778403755868545,1101.02,5.169107981220657,2338,0.06572769953051644,6371,0.91,58.4,Residential
T00824,R0103,5.24,41.02,100.04,2023-10-13,0,-0.4042120467767834,-0.6758563830684936,0,4,10,0,0,1,0,0,0,0,1,0,0,0,0,0,0,4.6155164780422355,1.8309801823813363,6.404685784642366,-0.40599774498594604,-0.6758563830684936,-0.5799966069229856,0.25712084174726324,0.2020123839009288,0.20325567502986858,0,19.091603053435115,0,Zone_3,Ishaan Gupta,37,Other,Surat,2022-11-24,175,14,3.07,0,3,11,2,Medium,71.43,0.40817142857142863,1236.44,7.065371428571429,1375,0.08,12971,2.11,38.0,Business
T00825,R0173,11.37,81.72,227.27,2024-04-20,0,1.0838475796424942,0.7017362472291919,0,5,4,1,0,0,0,0,0,0,0,0,0,0,0,0,1,5.430529138856541,2.5152741864043966,9.039911503991618,1.1050465072660463,0.7017362472291919,0.5514513156249349,0.5951748326070784,0.4392414860681114,0.4058641975308642,0,19.988566402814428,0,Zone_9,Saanvi Ghosh,26,Other,Mumbai,2020-01-15,389,55,4.28,0,2,1,2,High,50.04,0.1286375321336761,861.47,2.2145758354755785,2419,0.14138817480719795,11037,1.83,56.1,Mixed
T00826,R0274,4.0,36.46,49.98,2024-01-02,0,-0.989704972176053,-0.9545211239443713,0,1,1,1,0,0,0,0,0,0,0,0,0,1,0,0,0,3.9314333989479695,1.6094379124341003,6.038211655780211,-1.0005342164764337,-0.9545211239443713,-0.7067632537735635,0.12410989478159208,0.1540247678018576,0.18055555555555555,0,12.495,0,Zone_6,Reyansh Nair,27,Female,Surat,2019-03-18,31,5,3.04,0,0,3,0,Low,30.24,0.9754838709677419,477.15999999999997,15.392258064516128,2722,0.16129032258064516,14627,0.54,37.6,Mixed
T00827,R0123,7.4,53.16,177.79,2023-03-29,0,0.5051382318846865,-0.1904403828330937,0,2,3,1,0,0,0,0,0,0,0,0,0,0,0,1,0,5.186211932763729,2.128231705849268,7.291090453423274,0.5173983928163991,-0.1904403828330937,-0.242508209386579,0.46370496333297906,0.28560371517027866,0.26368976503385105,0,24.025675675675675,0,Zone_8,Meera Ghosh,32,Male,Bengaluru,2023-06-24,156,26,3.31,0,5,6,1,Low,37.7,0.2416666666666667,715.18,4.584487179487179,1163,0.16666666666666666,4516,1.93,31.0,Business
T00828,R0217,11.46,102.49,223.52,2024-01-04,0,1.039988241443388,0.7219619139056672,0,3,1,0,0,0,1,1,0,0,0,0,0,0,0,0,0,5.413964790073998,2.522523513359307,10.123734488813898,1.0605097160537145,0.7219619139056672,1.1288511522667115,0.5852109682219152,0.4427244582043344,0.5092592592592593,0,19.5043630017452,0,Zone_1,Kavya Iyer,39,Other,Jaipur,2023-03-03,104,5,3.52,0,4,3,2,Low,42.44,0.40807692307692306,755.83,7.267596153846155,1276,0.04807692307692308,4921,2.43,30.9,Residential
T00829,R0219,6.46,44.85,64.33,2024-03-19,0,-0.8218699046674729,-0.40168623478738813,0,1,3,0,1,0,0,0,0,0,0,0,0,0,0,1,0,4.179451348852659,2.0095554142156695,6.697014260101288,-0.8301067621039108,-0.40168623478738813,-0.47352374344980297,0.16223828249548303,0.24922600619195046,0.22232178414974113,0,9.958204334365325,0,Zone_8,Vivaan Sharma,25,Female,Pune,2021-04-13,498,83,4.15,0,1,4,0,High,12.84,0.025783132530120483,162.76999999999998,0.3268473895582329,1965,0.16666666666666666,4516,1.93,31.0,Business
T00830,R0211,8.44,42.96,70.59,2024-03-29,0,-0.7486540494337648,0.04327843209506161,0,4,3,0,0,1,0,0,0,0,0,1,0,0,0,0,0,4.270955399408094,2.244955980157409,6.554387843269576,-0.7557600119734582,0.04327843209506161,-0.5260651826049767,0.17887129344244873,0.3258513931888545,0.2129131819992035,0,8.363744075829384,0,Zone_4,Arjun Reddy,36,Female,Mumbai,2021-04-04,435,17,3.63,0,6,4,0,High,46.08,0.10593103448275862,645.88,1.4847816091954023,1974,0.03908045977011494,4038,2.46,48.2,Business
T00831,R0095,6.48,41.54,101.23,2023-12-06,0,-0.3902940167882671,-0.3971916421926158,0,2,12,0,0,1,0,0,0,1,0,0,0,0,0,0,0,4.627225176768922,2.012232791986386,6.445153217728808,-0.39186473657456616,-0.3971916421926158,-0.5655407612294988,0.26028270804548836,0.25,0.2058442851453604,0,15.621913580246913,0,Zone_2,Kavya Iyer,29,Female,Chennai,2020-10-07,481,77,4.26,0,2,10,0,High,114.75,0.23856548856548856,1879.6100000000001,3.907713097713098,2153,0.1600831600831601,6371,0.91,58.4,Residential
T00832,R0263,3.15,25.7,27.71,2024-06-23,0,-1.2501709619611452,-1.1455413092221907,0,6,6,1,0,0,0,0,0,0,0,0,1,0,0,0,0,3.3572454941329726,1.423108334242607,5.06951674225463,-1.2650233738894012,-1.1455413092221907,-1.0058880608157166,0.06493782548623658,0.12113003095975233,0.12699123855037833,0,8.796825396825398,0,Zone_5,Ishaan Das,31,Other,Chennai,2020-12-30,297,21,3.84,0,2,12,2,Medium,104.61999999999999,0.3522558922558922,1547.67,5.2110101010101015,2069,0.0707070707070707,2590,1.31,43.9,Business
T00833,R0100,13.95,128.35,249.64,2023-11-23,0,1.3454831517795627,1.2815386919548084,0,3,11,0,0,1,0,0,0,0,0,0,0,0,0,1,0,5.524017646643936,2.7047112998366956,11.329165900453573,1.3707233124446756,1.2815386919548084,1.8477514784851201,0.6546126049527048,0.5390866873065016,0.6379928315412187,0,17.895340501792116,0,Zone_8,Ishaan Gupta,28,Male,Delhi,2021-05-24,383,60,3.79,0,0,5,1,High,101.45,0.26488250652741513,1657.49,4.327650130548303,1924,0.1566579634464752,4516,1.93,31.0,Business
T00834,R0196,14.97,148.09,360.26,2023-11-17,0,2.639275149535599,1.510762914288192,0,4,11,1,0,0,0,0,0,0,0,0,0,1,0,0,0,5.889597920704412,2.770711962226921,12.169223475637219,2.68449927082018,1.510762914288192,2.39651762077249,0.9485333191625039,0.5785603715170279,0.7362604540023895,0,24.065464261857045,0,Zone_6,Vivaan Das,18,Male,Hyderabad,2019-06-24,51,9,4.93,0,0,6,1,Low,95.95,1.8813725490196078,1623.43,31.831960784313726,2624,0.17647058823529413,14627,0.54,37.6,Mixed
T00835,R0175,6.42,50.58,90.17,2023-10-25,0,-0.5196498249168312,-0.4106754199769326,0,2,10,0,0,1,0,0,1,0,0,0,0,0,0,0,0,4.5127258955968115,2.004179057179289,7.111961754677819,-0.5232185794568033,-0.4106754199769326,-0.31423144378887957,0.23089595068551386,0.2476780185758514,0.25084627638391077,0,14.045171339563863,0,Zone_10,Diya Patel,35,Male,Chennai,2022-08-18,98,8,3.48,0,3,8,1,Low,70.26,0.7169387755102041,1267.03,12.928877551020408,1473,0.08163265306122448,2440,1.54,35.4,Industrial
T00836,R0074,6.67,63.51,134.88,2023-11-20,0,0.0032704446517131426,-0.35449301254227983,0,0,11,0,0,0,1,0,0,0,1,0,0,0,0,0,0,4.911772143292383,2.0373166153791646,7.969316156358712,0.0077787365707574834,-0.35449301254227983,0.045218719320324674,0.3496917844616856,0.2573529411764706,0.3152130625248905,0,20.221889055472264,0,Zone_3,Vivaan Ghosh,23,Male,Kolkata,2023-09-11,199,22,4.89,0,0,9,1,Medium,46.19,0.2321105527638191,817.27,4.106884422110553,1084,0.11055276381909548,12971,2.11,38.0,Business
T00837,R0249,7.11,38.44,172.27,2024-01-27,1,0.44057728605560226,-0.2556119754572909,0,5,1,1,0,0,0,0,0,0,0,0,1,0,0,0,0,5.154851071522756,2.0930978681273213,6.2,0.45184023615184693,-0.2556119754572909,-0.6517198413252864,0.4490381549580189,0.2743808049535604,0.1904121863799283,0,24.229254571026722,1,Zone_5,Diya Nair,20,Male,Mumbai,2023-03-24,396,48,4.49,0,4,3,1,High,64.71,0.1634090909090909,1080.53,2.728611111111111,1255,0.12121212121212122,2590,1.31,43.9,Business
T00838,R0064,10.69,67.78,97.49,2023-05-21,0,-0.4340363967521758,0.5489200990069365,0,6,5,0,0,0,1,0,0,0,0,0,1,0,0,0,0,4.589955020181611,2.458733775483977,8.232860985101109,-0.4362827630103318,0.5489200990069365,0.16392345222645796,0.2503454139653523,0.41292569659442724,0.3364695340501792,0,9.119738072965388,0,Zone_5,Ishaan Nair,21,Female,Bengaluru,2023-09-30,214,2,4.21,0,5,9,0,Medium,56.56,0.26429906542056075,1092.19,5.103691588785047,1065,0.009345794392523364,2590,1.31,43.9,Business
T00839,R0017,3.47,34.41,43.68,2024-03-16,0,-1.0633886603505514,-1.073627827705835,0,5,3,0,0,1,0,1,0,0,0,0,0,0,0,0,0,3.799525974201,1.4973884086254776,5.866003750424985,-1.075356025713151,-1.073627827705835,-0.7637526454498103,0.10737060261451802,0.1335139318885449,0.17035045798486656,0,12.587896253602304,0,Zone_1,Meera Das,49,Female,Mumbai,2023-03-18,288,21,3.83,0,5,3,0,Medium,55.980000000000004,0.19437500000000002,812.31,2.820520833333333,1261,0.07291666666666667,4921,2.43,30.9,Residential
T00840,R0165,7.5600000000000005,59.67,80.83,2023-11-18,0,-0.6288888165914053,-0.15448364207491588,0,5,11,1,0,0,0,0,0,0,0,0,0,0,1,0,0,4.4046439245392905,2.1471001901536506,7.72463591375024,-0.634144880769651,-0.15448364207491588,-0.06153214118542498,0.20607928579020085,0.29179566563467496,0.2960971724412585,0,10.691798941798941,0,Zone_7,Meera Reddy,37,Female,Kolkata,2021-12-09,34,5,3.27,0,3,12,0,Low,46.71,1.3738235294117647,779.6999999999999,22.932352941176468,1725,0.14705882352941177,11070,0.64,45.2,Industrial
T00841,R0057,9.31,84.72,172.07,2024-05-28,0,0.43823812135164975,0.23879320996765344,0,1,5,0,0,1,0,0,0,0,0,0,0,0,0,1,0,5.153696136936908,2.333114298028869,9.204346799203082,0.4494649406205224,0.23879320996765344,0.6348504253950519,0.4485067488574769,0.35952012383900933,0.42079848665870173,0,18.482277121374864,0,Zone_8,Aadhya Reddy,39,Male,Bengaluru,2023-06-04,407,11,3.66,0,6,6,1,High,100.32,0.24648648648648647,1584.1100000000001,3.8921621621621623,1183,0.02702702702702703,4516,1.93,31.0,Business
T00842,R0286,11.21,90.18,256.47,2023-08-18,0,1.4253656264195353,0.6657795064710145,0,4,8,1,0,0,0,0,1,0,0,0,0,0,0,0,0,5.550903208462204,2.502255288122613,9.496315074806649,1.451839654839403,0.6657795064710145,0.786636805176665,0.6727601232862154,0.43304953560371523,0.44797889287136605,0,22.878679750223014,0,Zone_10,Ishaan Nair,26,Male,Pune,2023-02-15,29,0,4.48,0,2,2,1,Low,42.26,1.4572413793103447,627.14,21.62551724137931,1292,0.0,2440,1.54,35.4,Industrial
T00843,R0024,5.9,35.3,53.0,2023-08-07,0,-0.9543835851463727,-0.5275348274410102,0,0,8,0,0,1,0,0,1,0,0,0,0,0,0,0,0,3.9889840465642745,1.9315214116032138,5.941380311005179,-0.9646672539534358,-0.5275348274410102,-0.7390109095513422,0.1321341268997768,0.22755417956656349,0.17478096375945837,0,8.983050847457626,0,Zone_10,Meera Kumar,41,Other,Chennai,2019-07-10,140,16,3.49,0,2,7,2,Low,30.97,0.2212142857142857,477.89,3.4135,2608,0.11428571428571428,2440,1.54,35.4,Industrial
T00844,R0195,10.02,77.79,144.86,2023-09-04,0,0.11999476337893486,0.3983512470820671,0,0,9,0,0,1,0,0,0,0,0,0,0,0,0,0,1,4.982647257556087,2.3997118037247684,8.81986394452885,0.12630598358384332,0.3983512470820671,0.4421984818260818,0.37620894887873313,0.38699690402476783,0.3863002787733971,0,14.457085828343315,0,Zone_9,Aadhya Reddy,33,Male,Kolkata,2021-05-27,72,10,4.97,0,3,5,1,Low,70.32000000000001,0.9766666666666668,1044.17,14.502361111111112,1921,0.1388888888888889,11037,1.83,56.1,Mixed
T00845,R0121,9.73,85.5,159.08,2023-09-18,0,0.2863093738299458,0.33317965445787007,0,0,9,0,1,0,0,0,0,1,0,0,0,0,0,0,0,5.075673690275478,2.373043556642607,9.246621004453464,0.29518949586100535,0.33317965445787007,0.6565341939352823,0.4139919226272718,0.37577399380804954,0.4246814018319395,0,16.349434737923946,0,Zone_2,Diya Iyer,29,Male,Pune,2023-07-13,378,10,4.17,0,3,7,1,High,87.96,0.23269841269841268,1464.3799999999999,3.8740211640211637,1144,0.026455026455026454,6371,0.91,58.4,Residential
T00846,R0069,13.04,76.02,201.73,2024-01-31,0,0.785136246947781,1.0770347288926723,0,2,1,1,0,0,0,0,0,0,0,0,0,0,0,1,0,5.311875044480103,2.641910398597665,8.718944890294926,0.801721267915925,1.0770347288926723,0.3929930070617125,0.5273142735678605,0.5038699690402477,0.3774890481879729,0,15.470092024539877,0,Zone_8,Diya Singh,22,Male,Ahmedabad,2023-02-01,16,1,4.56,0,2,2,1,Low,13.04,0.815,201.73,12.608125,1306,0.0625,4516,1.93,31.0,Business
T00847,R0287,5.37,46.74,100.4,2024-06-29,0,-0.4000015503096692,-0.6466415312024741,0,5,6,0,0,0,1,0,0,0,0,0,0,0,0,1,0,4.619073091157083,1.851599469584072,6.836665854054885,-0.40172221302956224,-0.6466415312024741,-0.42098230429462924,0.25807737272823894,0.20704334365325078,0.23173038630027876,0,18.696461824953445,0,Zone_8,Saanvi Singh,18,Other,Delhi,2021-12-17,320,34,3.33,0,4,12,2,Medium,40.28,0.12587500000000001,741.3399999999999,2.3166874999999996,1717,0.10625,4516,1.93,31.0,Business
T00848,R0234,5.41,31.94,69.82,2023-12-05,0,-0.7576598335439814,-0.6376523460129297,0,1,12,0,0,0,1,0,1,0,0,0,0,0,0,0,0,4.2601414466837575,1.8578592709325787,5.651548460377917,-0.7649048997690572,-0.6376523460129297,-0.8324179124938731,0.17682537995536185,0.20859133126934987,0.15805455993628037,0,12.905730129390017,0,Zone_10,Saanvi Nair,32,Other,Pune,2022-12-01,183,31,3.98,0,3,12,2,Medium,63.46,0.34677595628415303,1138.75,6.222677595628415,1368,0.16939890710382513,2440,1.54,35.4,Industrial
T00849,R0218,14.01,112.36,252.18,2023-06-25,0,1.3751905435197576,1.2950224697391253,0,6,6,0,1,0,0,0,0,0,1,0,0,0,0,0,0,5.5341006982086824,2.7087166456453704,10.6,1.4008895656924953,1.2950224697391253,1.4032342234103965,0.6613614624295887,0.5414086687306502,0.5583930704898447,0,18.0,0,Zone_3,Arjun Reddy,34,Other,Delhi,2019-01-11,160,16,3.87,0,4,1,2,Low,50.04,0.31275,725.47,4.5341875,2788,0.1,12971,2.11,38.0,Business
T00850,R0078,0.18,1.0,3.27,2023-07-17,0,-1.543853090542361,-1.8129883095458657,0,0,7,0,0,1,0,0,0,0,1,0,0,0,0,0,0,1.451613827240533,0.16551443847757338,1.0,-1.555284487817238,-1.8129883095458657,-1.6925407312563465,0.0,0.006191950464396285,0.004032258064516129,0,18.166666666666668,0,Zone_3,Saanvi Sharma,30,Other,Jaipur,2023-01-02,97,9,3.62,0,0,1,2,Low,2.4899999999999998,0.025670103092783503,26.169999999999998,0.26979381443298966,1336,0.09278350515463918,12971,2.11,38.0,Business
T00851,R0151,16.15,104.49,360.99,2023-05-03,0,2.6478131007050254,1.7759438773797525,0,2,5,0,0,1,0,0,0,0,0,0,0,0,0,0,1,5.891616587134821,2.8419981736119486,10.222035022440492,2.693169099509514,1.7759438773797525,1.1844505587801228,0.9504729514294824,0.6242260061919505,0.5192154520111509,0,22.35232198142415,0,Zone_9,Meera Reddy,34,Male,Hyderabad,2023-02-25,394,56,5.0,0,5,2,1,High,62.91,0.15967005076142132,1114.0,2.8274111675126905,1282,0.14213197969543148,11037,1.83,56.1,Mixed
T00852,R0237,20.78,119.75,325.43,2023-02-28,0,2.2319096163423002,2.8164420630695224,0,1,2,0,1,0,0,0,1,0,0,0,0,0,0,0,0,5.788215530631031,3.0809921175048145,10.943034314119645,2.2708415540400426,2.8164420630695224,1.6086740304774514,0.8559889467531088,0.803405572755418,0.5951812027080844,0,15.660731472569777,0,Zone_10,Aadhya Nair,40,Male,Chennai,2022-12-13,36,3,3.71,0,1,12,1,Low,97.37,2.7047222222222222,1759.7,48.88055555555556,1356,0.08333333333333333,2440,1.54,35.4,Industrial
T00853,R0014,10.39,73.68,186.29,2024-05-09,0,0.6045527318026608,0.4815012100853534,0,3,5,0,0,1,0,0,0,0,0,0,0,0,0,0,1,5.232658217741762,2.432735777459091,8.583705493549974,0.6183484528976845,0.4815012100853534,0.3279417014410215,0.4862897226060155,0.40131578947368424,0.36584030266825973,0,17.929740134744947,0,Zone_9,Aarav Das,26,Female,Ahmedabad,2021-06-08,325,53,3.0,0,1,6,0,High,42.19,0.1298153846153846,881.0,2.710769230769231,1909,0.16307692307692306,11037,1.83,56.1,Mixed
T00854,R0198,12.07,74.81,147.41,2023-05-08,0,0.14981911335432693,0.8590469880462198,0,0,5,1,0,0,0,1,0,0,0,0,0,0,0,0,0,4.999978713907727,2.570319527636131,8.649277426467485,0.1565910016082287,0.8590469880462198,0.3593553661210988,0.38298437666064405,0.46633126934984526,0.3714655515730785,0,12.212924606462302,0,Zone_1,Vivaan Kumar,31,Other,Mumbai,2021-12-10,202,23,3.85,0,4,12,2,Medium,39.11,0.19361386138613862,588.51,2.9134158415841584,1724,0.11386138613861387,4921,2.43,30.9,Residential
T00855,R0121,0.55,5.44,4.88,2023-03-18,0,-1.5171866129173044,-1.7298383465425795,0,5,3,0,0,1,0,0,0,1,0,0,0,0,0,0,0,1.7715567619105355,0.4382549309311553,2.3323807579381204,-1.5361633587900771,-1.7298383465425795,-1.5691100487965732,0.004277819109363376,0.020510835913312698,0.026135005973715653,0,8.872727272727271,0,Zone_2,Diya Iyer,29,Male,Pune,2023-07-13,378,10,4.17,0,3,7,1,High,87.96,0.23269841269841268,1464.3799999999999,3.8740211640211637,1144,0.026455026455026454,6371,0.91,58.4,Residential
T00856,R0047,4.53,28.41,68.32,2023-09-16,0,-0.7752035688236238,-0.8354144201829073,0,5,9,1,0,0,0,0,1,0,0,0,0,0,0,0,0,4.238733464847405,1.7101878155342434,5.330103188494571,-0.7827196162539899,-0.8354144201829073,-0.930550864990044,0.17283983420129662,0.1745356037151703,0.14048187972919154,0,15.081677704194258,0,Zone_10,Reyansh Iyer,51,Female,Bengaluru,2021-10-07,69,3,4.86,0,3,10,0,Low,62.230000000000004,0.9018840579710146,1144.87,16.592318840579708,1788,0.043478260869565216,2440,1.54,35.4,Industrial
T00857,R0070,13.29,112.97,182.82,2023-01-31,0,0.5639682241890878,1.1332171363273251,0,1,1,0,0,0,1,0,0,0,0,0,0,0,0,1,0,5.213957017929963,2.659559991941776,10.6287346377638,0.5771370754292068,1.1332171363273251,1.420192042396987,0.4770698267616112,0.5135448916408669,0.5614297092791717,0,13.756207674943568,0,Zone_8,Meera Reddy,33,Male,Bengaluru,2023-01-03,310,6,3.54,0,1,1,1,Medium,89.81,0.2897096774193548,1654.69,5.337709677419355,1335,0.01935483870967742,4516,1.93,31.0,Business
T00858,R0051,9.81,84.78,203.51,2023-11-03,0,0.8059548128129568,0.35115802483695896,0,4,11,0,0,1,0,1,0,0,0,0,0,0,0,0,0,5.320616874042804,2.3804716316511167,9.207605551933684,0.8228613981447119,0.35115802483695896,0.6365184075904543,0.5320437878626846,0.3788699690402477,0.4210971724412585,0,20.745158002038735,0,Zone_1,Aarav Nair,21,Male,Kolkata,2020-04-05,213,14,4.02,0,6,4,1,Medium,59.18,0.2778403755868545,1101.02,5.169107981220657,2338,0.06572769953051644,4921,2.43,30.9,Residential
T00859,R0077,7.09,47.03,153.29,2024-04-29,0,0.21859055565052551,-0.2601065680520632,0,0,4,0,1,0,0,0,1,0,0,0,0,0,0,0,0,5.0388339484549345,2.0906287310704004,6.8578422262399705,0.22642469022916487,-0.2601065680520632,-0.41292039035018463,0.39860771601657985,0.27360681114551083,0.23317403424930305,0,21.62059238363893,0,Zone_10,Reyansh Das,28,Male,Mumbai,2019-09-07,406,72,3.79,0,5,9,1,High,146.85999999999999,0.3617241379310345,2343.82,5.7729556650246305,2549,0.17733990147783252,2440,1.54,35.4,Industrial
T00860,R0173,9.16,68.84,226.07,2023-12-10,1,1.0698125914187802,0.2050837655068617,0,6,12,0,0,0,1,0,0,1,0,0,0,0,0,0,0,5.425258339989186,2.318458442150336,8.296987405076615,1.0907947340781,0.2050837655068617,0.19339113767856603,0.5919863960038261,0.3537151702786378,0.34174631620868184,0,24.68013100436681,1,Zone_2,Saanvi Ghosh,26,Other,Mumbai,2020-01-15,389,55,4.28,0,2,1,2,High,50.04,0.1286375321336761,861.47,2.2145758354755785,2419,0.14138817480719795,6371,0.91,58.4,Residential
T00861,R0174,10.53,65.78,127.52,2024-01-14,0,-0.08281081645373277,0.5129633582487586,0,6,1,0,0,1,0,0,0,0,0,1,0,0,0,0,0,4.856084534247658,2.4449523342809676,8.110487038396647,-0.07963213898197899,0.5129633582487586,0.10832404571304663,0.33013603996173874,0.40673374613003094,0.3265133412982876,0,12.110161443494777,0,Zone_4,Aadhya Patel,32,Male,Kolkata,2019-02-07,320,7,3.8,0,3,2,1,Medium,62.14,0.1941875,921.79,2.88059375,2761,0.021875,4038,2.46,48.2,Business
T00862,R0007,6.53,49.22,114.54,2023-06-30,0,-0.23462260574023916,-0.3859551607056853,0,4,6,1,0,0,0,0,0,0,1,0,0,0,0,0,0,4.7496167903531195,2.018895041811802,7.0156966867161525,-0.2337888189649299,-0.3859551607056853,-0.35203904021799926,0.2956477840365607,0.25193498452012386,0.24407606531262444,0,17.540581929555895,0,Zone_3,Ishaan Ghosh,18,Female,Mumbai,2021-03-26,458,82,4.03,0,4,3,0,High,39.620000000000005,0.08650655021834062,596.9200000000001,1.3033187772925765,1983,0.17903930131004367,12971,2.11,38.0,Business
T00863,R0026,7.86,60.9,110.73,2023-12-21,0,-0.27918369335053117,-0.08706475315333262,0,3,12,1,0,0,0,0,0,0,0,0,0,0,1,0,0,4.716085246559246,2.1815467646169897,7.803845206050668,-0.279038198836659,-0.08706475315333262,-0.027338506179677095,0.285524497821235,0.30340557275541796,0.30222023098367184,0,14.087786259541984,0,Zone_7,Aarav Kumar,26,Female,Surat,2020-04-17,44,5,3.17,0,4,4,0,Low,79.29,1.8020454545454547,973.19,22.11795454545455,2326,0.11363636363636363,11070,0.64,45.2,Industrial
T00864,R0074,7.82,71.16,98.63,2023-07-01,0,-0.4207031579396475,-0.09605393834287707,0,5,7,0,0,1,0,0,0,0,0,0,0,0,0,0,1,4.601463324056765,2.1770218700187,8.435638683585257,-0.42274357848178296,-0.09605393834287707,0.25788644923412296,0.2533744287384419,0.30185758513931893,0.35329549980087616,0,12.612531969309462,0,Zone_9,Vivaan Ghosh,23,Male,Kolkata,2023-09-11,199,22,4.89,0,0,9,1,Medium,46.19,0.2321105527638191,817.27,4.106884422110553,1084,0.11055276381909548,11037,1.83,56.1,Mixed
T00865,R0255,2.74,18.84,59.39,2023-12-21,0,-0.8796472728550955,-1.237680457415021,0,3,12,0,1,0,0,0,0,0,0,0,1,0,0,0,0,4.10082352831981,1.3190856114264407,4.340506882842141,-0.8887765617276225,-1.237680457415021,-1.1965940251567175,0.1491125518120948,0.10526315789473686,0.09284149741138989,0,21.675182481751822,0,Zone_5,Reyansh Sharma,37,Female,Bengaluru,2021-07-06,475,42,3.12,0,1,7,0,High,72.02,0.15162105263157893,1262.22,2.6573052631578946,1881,0.08842105263157894,2590,1.31,43.9,Business
T00866,R0147,9.62,51.86,99.1,2023-04-29,0,-0.4152061208853595,0.3084593951866226,0,5,4,0,0,1,0,0,0,1,0,0,0,0,0,0,0,4.6061696863211745,2.362739015813793,7.201388754955532,-0.4171616339831707,0.3084593951866226,-0.2786478236202963,0.2546232330747157,0.37151702786377705,0.2572182397451215,0,10.301455301455302,0,Zone_2,Saanvi Nair,35,Other,Mumbai,2022-08-29,239,21,3.91,0,0,8,2,Medium,63.55,0.26589958158995813,1021.8,4.27531380753138,1462,0.08786610878661087,6371,0.91,58.4,Residential
T00867,R0166,17.02,118.13,218.52,2023-05-22,0,0.9815091238445797,1.9714586552523443,0,0,5,0,0,0,1,0,0,0,0,1,0,0,0,0,0,5.39144334453752,2.8914822521801917,10.868762579061151,1.0011273277706054,1.9714586552523443,1.563638511201588,0.5719258157083643,0.6578947368421053,0.5871166865790521,0,12.839012925969449,0,Zone_4,Reyansh Sharma,24,Other,Chennai,2021-03-16,349,63,4.29,0,1,3,2,High,43.16,0.12366762177650428,628.01,1.7994555873925502,1993,0.18051575931232092,4038,2.46,48.2,Business
T00868,R0250,16.66,114.82,137.33,2023-10-09,0,0.03192521227512944,1.8905559885464445,0,0,10,1,0,0,0,0,0,0,0,1,0,0,0,0,0,4.929642134886724,2.8713021951758138,10.715409464878139,0.03687610682948111,1.8905559885464445,1.4716214934218923,0.35620150919332555,0.6439628482972136,0.5706391875746715,0,8.243097238895558,0,Zone_4,Aadhya Iyer,34,Female,Jaipur,2021-02-01,163,31,4.63,0,0,2,0,Low,75.32,0.46208588957055213,1127.31,6.91601226993865,2036,0.1901840490797546,4038,2.46,48.2,Business
T00869,R0286,0.62,4.67,7.34,2024-05-06,0,-1.4884148870586906,-1.7141072724608766,0,0,5,0,0,1,0,0,0,0,0,0,1,0,0,0,0,2.1210632163706555,0.4824261492442927,2.1610182784974308,-1.5069472237547874,-1.7141072724608766,-1.5905158203042367,0.010814114146030398,0.023219814241486073,0.022301871764237355,0,11.838709677419354,0,Zone_5,Ishaan Nair,26,Male,Pune,2023-02-15,29,0,4.48,0,2,2,1,Low,42.26,1.4572413793103447,627.14,21.62551724137931,1292,0.0,2590,1.31,43.9,Business
T00870,R0057,10.85,77.61,128.96,2023-06-30,0,-0.06596883058527582,0.5848768397651143,0,4,6,1,0,0,0,0,0,0,0,0,0,0,1,0,0,4.8672267108008995,2.47232786758114,8.809653795694812,-0.06253001115644345,0.5848768397651143,0.4371945352398746,0.3339621638856414,0.41911764705882354,0.38540422142572683,0,11.885714285714286,0,Zone_7,Aadhya Reddy,39,Male,Bengaluru,2023-06-04,407,11,3.66,0,6,6,1,High,100.32,0.24648648648648647,1584.1100000000001,3.8921621621621623,1183,0.02702702702702703,11070,0.64,45.2,Industrial
T00871,R0189,11.38,72.47,243.21,2023-06-27,0,1.2702790065474954,0.7039835435265783,0,1,6,0,0,0,1,0,0,0,0,0,0,0,1,0,0,5.4980285108791245,2.5160822672564502,8.512931340026183,1.2943575611125977,0.7039835435265783,0.29430406050040747,0.6375278988202785,0.4396284829721363,0.3598168060533652,0,21.37170474516696,0,Zone_7,Reyansh Gupta,29,Female,Delhi,2019-09-16,238,42,3.28,0,0,9,0,Medium,72.03,0.30264705882352944,1480.7,6.2214285714285715,2540,0.17647058823529413,11070,0.64,45.2,Industrial
T00872,R0034,5.95,32.62,102.85,2024-05-18,0,-0.37134678268625326,-0.5162983459540798,0,5,5,0,1,0,0,0,0,0,0,0,0,0,1,0,0,4.642947550322122,1.9387416595767009,5.711392124517454,-0.37262484277083896,-0.5162983459540798,-0.8135141142793133,0.2645870974598788,0.22948916408668732,0.1614396654719235,0,17.285714285714285,0,Zone_7,Arjun Iyer,26,Other,Chennai,2019-04-23,484,48,3.1,0,1,4,2,High,22.86,0.047231404958677684,425.25,0.8786157024793388,2686,0.09917355371900827,11070,0.64,45.2,Industrial
T00873,R0115,3.18,26.02,27.84,2023-04-25,0,-1.2486505049035763,-1.1387994203300325,0,1,4,0,0,0,1,0,0,0,1,0,0,0,0,0,0,3.3617633124167483,1.430311246536665,5.10098029794274,-1.2634794317940403,-1.1387994203300325,-0.9969921557735706,0.06528323945158891,0.12229102167182665,0.12858422939068098,0,8.754716981132075,0,Zone_3,Aarav Ghosh,40,Female,Bengaluru,2020-03-01,170,15,4.4,0,6,3,0,Medium,83.48,0.49105882352941177,1425.97,8.388058823529413,2373,0.08823529411764706,12971,2.11,38.0,Business
T00874,R0295,1.4,9.79,20.57,2024-01-30,0,-1.3336791418922438,-1.53881816126476,0,1,1,0,0,1,0,1,0,0,0,0,0,0,0,0,0,3.071303460401065,0.8754687373538999,3.128897569432403,-1.349821424357681,-1.53881816126476,-1.4481813396299037,0.04596662769688596,0.053405572755417956,0.04778972520908004,0,14.692857142857145,0,Zone_1,Kavya Gupta,18,Female,Delhi,2019-05-29,98,18,3.59,0,2,5,0,Low,44.769999999999996,0.45683673469387753,524.04,5.34734693877551,2650,0.1836734693877551,4921,2.43,30.9,Residential
T00875,R0023,5.78,42.73,81.27,2023-08-16,0,-0.6237426542427101,-0.5545023830096436,0,2,8,0,1,0,0,0,1,0,0,0,0,0,0,0,0,4.410006521180839,1.9139771019523042,6.536818798161686,-0.6289192306007375,-0.5545023830096436,-0.532459114354019,0.20724837921139333,0.22291021671826627,0.21176821983273594,0,14.060553633217992,0,Zone_10,Meera Iyer,24,Other,Jaipur,2019-10-09,176,32,3.21,0,2,10,2,Medium,64.91,0.36880681818181815,1195.62,6.793295454545454,2517,0.18181818181818182,2440,1.54,35.4,Industrial
T00876,R0238,9.75,76.65,222.47,2024-08-18,0,1.0277076267476382,0.3376742470526422,0,6,8,1,0,0,0,0,1,0,0,0,0,0,0,0,0,5.409277176856294,2.3749057545736716,8.754998572244316,1.0480394145142613,0.3376742470526422,0.4105068201134373,0.5824210861940695,0.3765479876160991,0.38062524890481886,0,22.817435897435896,0,Zone_10,Reyansh Patel,30,Other,Pune,2019-04-22,362,56,4.91,0,0,4,2,High,38.73,0.10698895027624308,590.03,1.6299171270718231,2687,0.15469613259668508,2440,1.54,35.4,Industrial
T00877,R0077,7.21,48.52,59.5,2023-08-28,0,-0.8783607322679218,-0.23313901248342986,0,0,8,0,0,0,1,0,0,0,0,0,1,0,0,0,0,4.102643365036796,2.105352923464337,6.9656299069072,-0.8874701491853941,-0.23313901248342986,-0.3714988324976931,0.14940482516739292,0.27825077399380804,0.24059139784946237,0,8.25242718446602,0,Zone_5,Reyansh Das,28,Male,Mumbai,2019-09-07,406,72,3.79,0,5,9,1,High,146.85999999999999,0.3617241379310345,2343.82,5.7729556650246305,2549,0.17733990147783252,2590,1.31,43.9,Business
T00878,R0148,4.95,26.83,42.56,2024-06-10,0,-1.0764879826926845,-0.7410279756926907,0,0,6,0,1,0,0,0,0,0,0,0,0,0,1,0,0,3.77413929806476,1.7833912195575383,5.179768334587948,-1.0886576806885675,-0.7410279756926907,-0.9744743961356391,0.10439472845148264,0.19078947368421054,0.1326164874551971,0,8.597979797979798,0,Zone_7,Aarav Kumar,44,Male,Ahmedabad,2019-09-30,412,34,3.36,0,0,9,1,High,23.19,0.056286407766990294,408.63,0.9918203883495146,2526,0.0825242718446602,11070,0.64,45.2,Industrial
T00879,R0039,1.75,16.89,20.55,2023-05-23,0,-1.3339130583626388,-1.4601627908562462,0,1,5,0,0,1,0,0,0,0,0,0,0,0,0,0,1,3.070375816549757,1.0116009116784799,4.109744517606903,-1.3500589539108134,-1.4601627908562462,-1.2508034465072935,0.04591348708683176,0.06695046439628484,0.0831342094782955,0,11.742857142857144,0,Zone_9,Aadhya Iyer,24,Male,Chennai,2023-11-18,190,14,4.2,0,5,11,1,Medium,33.86,0.17821052631578946,508.06,2.674,1016,0.07368421052631578,11037,1.83,56.1,Mixed
T00880,R0041,9.75,66.7,135.01,2023-10-23,0,0.004790901709282107,0.3376742470526422,0,0,10,0,0,1,0,0,0,1,0,0,0,0,0,0,0,4.912728412444662,2.3749057545736716,8.167006795638168,0.009322678666118264,0.3376742470526422,0.13389977270921588,0.3500371984270379,0.3765479876160991,0.3310931899641577,0,13.847179487179487,0,Zone_2,Aarav Nair,25,Other,Pune,2020-04-11,353,8,4.74,0,5,4,2,High,42.14,0.11937677053824362,702.16,1.9891218130311614,2332,0.0226628895184136,6371,0.91,58.4,Residential
T00881,R0247,13.33,91.19,299.26,2023-02-01,0,1.925829914830137,1.1422063215168696,0,2,2,0,0,1,0,0,0,0,0,0,0,0,0,0,1,5.7046487659841585,2.6623552418400807,9.54934552731233,1.9600341337662497,1.1422063215168696,0.8147145054659375,0.7864544584971835,0.515092879256966,0.4530067702110713,0,22.45011252813203,0,Zone_9,Aadhya Das,37,Male,Bengaluru,2021-05-11,249,47,4.92,0,1,5,1,Medium,133.48,0.5360642570281124,2367.44,9.507791164658634,1937,0.18875502008032127,11037,1.83,56.1,Mixed
T00882,R0194,3.37,20.05,41.32,2024-05-23,0,-1.090990803857189,-1.0961007906796962,0,3,5,0,0,1,0,0,0,1,0,0,0,0,0,0,0,3.7452597875500437,1.4747630091074988,4.4777226354476225,-1.1033845129827786,-1.0961007906796962,-1.1629563842161035,0.10110001062812202,0.1296439628482972,0.09886499402628436,0,12.261127596439168,0,Zone_2,Arjun Iyer,30,Other,Jaipur,2023-02-10,10,2,4.06,0,4,2,2,Low,43.61,4.361,684.55,68.455,1297,0.2,6371,0.91,58.4,Residential
T00883,R0187,10.24,87.48,225.6,2024-06-05,0,1.0643155543644922,0.44779176562456163,0,2,6,0,1,0,0,0,0,0,1,0,0,0,0,0,0,5.423186348593906,2.419478844465545,9.353074360871938,1.0852127895794876,0.44779176562456163,0.7115776063835596,0.5907375916675524,0.3955108359133127,0.43453803265631225,0,22.03125,0,Zone_3,Saanvi Reddy,27,Other,Surat,2022-08-05,357,38,4.71,0,4,8,2,High,75.58,0.21170868347338936,1363.34,3.818879551820728,1486,0.10644257703081232,12971,2.11,38.0,Business
T00884,R0162,1.4,13.58,22.43,2024-02-20,0,-1.3119249101454868,-1.53881816126476,0,1,2,0,0,0,1,0,0,0,0,0,0,0,0,1,0,3.1540172525197043,0.8754687373538999,3.6851051545376556,-1.3277311759163644,-1.53881816126476,-1.3428204642869892,0.05090870443192688,0.053405572755417956,0.06665671047391478,0,16.021428571428572,0,Zone_8,Meera Patel,30,Male,Hyderabad,2023-08-14,394,38,4.28,0,0,8,1,High,53.13,0.13484771573604062,936.9000000000001,2.3779187817258887,1112,0.09644670050761421,4516,1.93,31.0,Business
T00885,R0249,4.71,45.28,52.61,2023-07-13,0,-0.9589449563190797,-0.7949630868299574,0,3,7,0,0,1,0,0,0,0,0,1,0,0,0,0,0,3.9817356178394463,1.742219023667919,6.729041536504289,-0.9692990802395184,-0.7949630868299574,-0.46156987104941954,0.13109788500371983,0.1815015479876161,0.22446236559139784,0,11.169851380042463,0,Zone_4,Diya Nair,20,Male,Mumbai,2023-03-24,396,48,4.49,0,4,3,1,High,64.71,0.1634090909090909,1080.53,2.728611111111111,1255,0.12121212121212122,4038,2.46,48.2,Business
T00886,R0002,11.65,102.84,246.12,2024-04-04,0,1.3043138529900018,0.7646605435560032,0,3,4,0,0,0,1,1,0,0,0,0,0,0,0,0,0,5.509874048610326,2.5376572151735295,10.141005867269776,1.3289181110933672,0.7646605435560032,1.1385810484065586,0.6452598575831651,0.450077399380805,0.5110015929908404,0,21.12618025751073,0,Zone_1,Ishaan Nair,39,Female,Mumbai,2019-11-23,70,5,4.12,0,5,11,0,Low,75.69,1.0812857142857142,1175.6100000000001,16.794428571428572,2472,0.07142857142857142,4921,2.43,30.9,Residential
T00887,R0101,2.41,16.66,35.05,2024-08-03,0,-1.1643236173260947,-1.3118412352287627,0,5,8,1,0,0,0,1,0,0,0,0,0,0,0,0,0,3.584906863730958,1.2267122912954254,4.08166632639171,-1.1778500278897972,-1.3118412352287627,-1.2571973782563357,0.08444042937612924,0.09249226006191952,0.08198924731182795,0,14.543568464730289,0,Zone_1,Aarav Singh,37,Female,Delhi,2020-11-01,228,29,3.03,0,6,11,0,Medium,45.29,0.19864035087719298,671.3599999999999,2.9445614035087715,2128,0.12719298245614036,4921,2.43,30.9,Residential
T00888,R0057,4.98,26.52,103.75,2024-06-15,0,-0.3608205415184677,-0.7342860868005324,0,5,6,1,0,0,0,0,0,0,0,0,0,0,1,0,0,4.6515765588022475,1.7884205679625405,5.149757275833493,-0.36193601287987925,-0.7342860868005324,-0.9830923041452178,0.266978424912318,0.19195046439628485,0.13107327757865392,0,20.833333333333332,0,Zone_7,Aadhya Reddy,39,Male,Bengaluru,2023-06-04,407,11,3.66,0,6,6,1,High,100.32,0.24648648648648647,1584.1100000000001,3.8921621621621623,1183,0.02702702702702703,11070,0.64,45.2,Industrial
T00889,R0259,15.09,102.66,150.23,2023-04-05,0,0.18280133568005477,1.537730469856825,0,2,4,0,0,1,0,0,0,0,1,0,0,0,0,0,0,5.018801856762649,2.7781979610042917,10.132127121192273,0.1900826685999021,1.537730469856825,1.1335771018203515,0.39047720267828673,0.5832043343653251,0.5101055356431701,0,9.95559973492379,0,Zone_3,Aadhya Das,32,Male,Jaipur,2019-06-25,150,27,3.52,0,1,6,1,Low,79.74000000000001,0.5316000000000001,1283.08,8.553866666666666,2623,0.18,12971,2.11,38.0,Business
T00890,R0130,4.34,40.13,47.99,2023-03-04,0,-1.0129796609803785,-0.8781130498332436,0,5,3,1,0,0,0,0,0,0,0,0,0,0,1,0,0,3.8916161956504833,1.6752256529721035,6.334824385884742,-1.024168407013111,-0.8781130498332436,-0.6047383428214537,0.11882240408119886,0.16718266253869968,0.1988251692552768,0,11.057603686635945,0,Zone_7,Diya Ghosh,27,Female,Pune,2019-02-16,316,62,3.62,0,5,2,0,Medium,50.9,0.1610759493670886,896.33,2.836487341772152,2752,0.1962025316455696,11070,0.64,45.2,Industrial
T00891,R0235,3.73,18.95,85.21,2023-10-22,0,-0.5776611095748492,-1.0151981239737962,0,6,10,1,0,0,0,0,0,0,0,0,0,0,0,0,1,4.456786180221833,1.5539252025038417,4.3531597719357835,-0.5821259086336475,-1.0151981239737962,-1.19353605779848,0.21771707939207138,0.14357585139318885,0.09338908801274393,0,22.84450402144772,0,Zone_9,Aarav Ghosh,34,Other,Delhi,2021-02-15,284,8,4.06,0,0,2,2,Medium,55.65,0.1959507042253521,846.06,2.9790845070422534,2022,0.028169014084507043,11037,1.83,56.1,Mixed
T00892,R0058,10.88,98.7,166.96,2023-12-12,0,0.3784724631656678,0.5916187286572728,0,1,12,0,1,0,0,1,0,0,0,0,0,0,0,0,0,5.123725855815993,2.474856313934499,9.934787365615835,0.3887761397951851,0.5916187286572728,1.0234902769237972,0.4349293229886279,0.4202786377708979,0.49039227399442453,0,15.345588235294118,0,Zone_1,Vivaan Reddy,46,Male,Kolkata,2021-05-31,480,25,4.32,0,0,5,1,High,76.12,0.15858333333333335,1043.47,2.1738958333333334,1917,0.052083333333333336,4921,2.43,30.9,Residential
T00893,R0252,17.77,102.14,182.03,2024-01-19,0,0.5547285236084761,2.1400058775563027,0,4,1,0,1,0,0,0,0,0,0,0,0,0,0,1,0,5.209650073831871,2.9322598505984176,10.10643359449811,0.5677546580804756,2.1400058775563027,1.1191212561268646,0.4749707726644702,0.6869195046439629,0.5075169255276782,0,10.24366910523354,0,Zone_8,Reyansh Gupta,38,Other,Ahmedabad,2020-09-23,392,47,4.83,0,2,9,2,High,100.41,0.25614795918367345,1682.05,4.290943877551021,2167,0.11989795918367346,4516,1.93,31.0,Business
T00894,R0067,6.8,59.24,151.6,2024-06-24,0,0.1988246139021283,-0.3252781606762604,0,0,6,0,1,0,0,0,0,0,0,0,0,0,1,0,0,5.027820118850356,2.0541237336955462,7.696752561957543,0.20635344298947406,-0.3252781606762604,-0.0734860135858084,0.39411733446699965,0.26238390092879255,0.29395659099960175,0,22.294117647058822,0,Zone_7,Saanvi Iyer,32,Male,Pune,2022-07-24,348,9,3.38,0,6,7,1,High,113.07,0.32491379310344826,1846.81,5.3069252873563215,1498,0.02586206896551724,11070,0.64,45.2,Industrial
T00895,R0278,11.84,88.76,271.84,2024-04-19,0,1.6051304339182717,0.8073591732063392,0,4,4,1,0,0,0,0,0,0,0,0,0,0,0,0,1,5.608885542786519,2.552565298261815,9.421252570651102,1.6343811164216797,0.8073591732063392,0.7471612265521429,0.7135986821128706,0.45743034055727555,0.44090999601752295,0,22.959459459459456,0,Zone_9,Aarav Reddy,20,Female,Mumbai,2021-09-02,382,58,4.27,0,3,9,0,High,97.55,0.25536649214659685,2111.36,5.527120418848168,1823,0.1518324607329843,11037,1.83,56.1,Mixed
T00896,R0157,14.73,146.17,317.91,2023-08-26,0,2.1439570234736927,1.4568278031509252,0,5,8,1,0,0,0,0,0,0,0,0,0,0,0,1,0,5.7649089313167785,2.7555697170701863,12.090078577081291,2.1815304420622468,1.4568278031509252,2.343142190519615,0.8360080773727283,0.5692724458204335,0.7267025089605734,0,21.582484725050918,0,Zone_8,Kavya Nair,36,Female,Hyderabad,2021-11-23,319,27,4.65,0,1,11,0,Medium,113.9,0.3570532915360502,1875.93,5.880658307210031,1741,0.08463949843260188,4516,1.93,31.0,Business
T00897,R0201,9.63,65.64,170.7,2023-08-30,0,0.4222148431295762,0.31070669148400903,0,2,8,0,0,0,1,0,0,0,1,0,0,0,0,0,0,5.14574876790343,2.363680192353857,8.101851640211638,0.4331941662309505,0.31070669148400903,0.10443208725710781,0.4448666170687639,0.37190402476780193,0.32581640780565513,0,17.725856697819314,0,Zone_3,Meera Reddy,37,Female,Delhi,2021-04-06,183,15,3.84,0,1,4,0,Medium,67.68,0.3698360655737705,1071.8,5.856830601092896,1972,0.08196721311475409,12971,2.11,38.0,Business
T00898,R0044,6.65,56.17,124.87,2023-02-12,0,-0.1138047487811011,-0.35898760513705197,0,6,2,0,1,0,0,0,1,0,0,0,0,0,0,0,0,4.835249628303414,2.0347056478384444,7.494664769020694,-0.11110480477202667,-0.35898760513705197,-0.1588311025838948,0.3230949091295568,0.2565789473684211,0.2786738351254481,0,18.777443609022555,0,Zone_10,Arjun Gupta,36,Female,Hyderabad,2020-08-01,271,5,3.21,0,5,8,0,Medium,102.26,0.37734317343173435,1660.52,6.127380073800738,2220,0.01845018450184502,2440,1.54,35.4,Industrial
T00899,R0127,3.62,28.17,64.51,2023-03-15,0,-0.8197646564339157,-1.0399183832450434,0,2,3,0,0,1,0,0,0,1,0,0,0,0,0,0,0,4.182202802743785,1.5303947050936475,5.30754180388624,-0.8279689961257188,-1.0399183832450434,-0.9372227937716534,0.16271654798597088,0.1393188854489164,0.13928713659896455,0,17.82044198895028,0,Zone_2,Vivaan Kumar,38,Male,Chennai,2020-03-17,43,2,4.83,0,1,3,1,Low,70.81,1.6467441860465117,1400.47,32.56906976744186,2357,0.046511627906976744,6371,0.91,58.4,Residential
T00900,R0276,0.87,6.01,10.08,2023-11-07,0,-1.4563683306145436,-1.657924865026224,0,1,11,0,1,0,0,0,0,0,0,0,0,0,1,0,0,2.405141681319138,0.6259384308664953,2.4515301344262523,-1.4744056749756438,-1.657924865026224,-1.5532642179402512,0.01809437772345627,0.03289473684210526,0.028972520908004777,0,11.586206896551724,0,Zone_7,Aadhya Ghosh,26,Other,Chennai,2022-11-07,196,1,3.63,0,0,11,2,Medium,30.5,0.1556122448979592,500.22,2.5521428571428575,1392,0.00510204081632653,11070,0.64,45.2,Industrial
T00901,R0127,13.56,93.94,276.55,2024-03-02,0,1.6602177626963497,1.1938941363567503,0,5,3,0,0,0,1,0,0,0,1,0,0,0,0,0,0,5.626001097136171,2.67827804276854,9.692264957170744,1.6903193261843688,1.1938941363567503,0.8911636894218781,0.7261132957806355,0.5239938080495357,0.46669653524492233,0,20.394542772861357,0,Zone_3,Vivaan Kumar,38,Male,Chennai,2020-03-17,43,2,4.83,0,1,3,1,Low,70.81,1.6467441860465117,1400.47,32.56906976744186,2357,0.046511627906976744,12971,2.11,38.0,Business
T00902,R0065,8.9,67.69,181.01,2023-10-14,0,0.5427987836183191,0.14665406177482287,0,5,10,0,0,0,1,1,0,0,0,0,0,0,0,0,0,5.204061630622316,2.2925347571405443,8.227393268830657,0.5556406508707212,0.14665406177482287,0.16142147893335435,0.4722606015517058,0.34365325077399383,0.33602150537634407,0,20.33820224719101,0,Zone_1,Meera Nair,43,Other,Mumbai,2023-06-28,180,32,4.52,0,2,6,2,Medium,24.520000000000003,0.13622222222222224,426.71,2.370611111111111,1159,0.17777777777777778,4921,2.43,30.9,Residential
T00903,R0186,14.66,92.85,179.72,2024-02-09,0,0.5277111712778266,1.4410967290692225,0,4,2,0,0,1,0,0,0,0,0,0,0,0,1,0,0,5.196948872159748,2.751109690562657,9.635870484808313,0.5403199946936792,1.4410967290692225,0.8608620128720688,0.46883303220320965,0.56656346749226,0.46127041019514137,0,12.259208731241474,0,Zone_7,Ishaan Sharma,18,Other,Hyderabad,2020-12-11,373,19,3.26,0,4,12,2,High,68.58,0.18386058981233244,938.8199999999999,2.5169436997319035,2088,0.05093833780160858,11070,0.64,45.2,Industrial
T00904,R0013,12.94,86.59,291.02,2023-09-01,0,1.8294563290273007,1.0545617659188113,0,4,9,0,1,0,0,0,1,0,0,0,0,0,0,0,0,5.676822293073418,2.6347624053323777,9.305374790947434,1.862171957875686,1.0545617659188113,0.6868358704850915,0.7645605271548517,0.5,0.43010752688172044,0,22.489953632148378,0,Zone_10,Ishaan Gupta,43,Female,Kolkata,2019-04-01,6,0,3.91,0,0,4,0,Low,80.51,13.418333333333335,1432.84,238.80666666666664,2708,0.0,2440,1.54,35.4,Industrial
T00905,R0227,4.92,25.19,109.4,2024-01-24,0,-0.29473913863181417,-0.7477698645848492,0,2,1,0,1,0,0,1,0,0,0,0,0,0,0,0,0,4.704110133842995,1.7783364488959144,5.018964036531842,-0.29483391411996596,-0.7477698645848492,-1.0200659094766362,0.28199064725263046,0.18962848297213622,0.12445240939864598,0,22.23577235772358,0,Zone_1,Arjun Nair,25,Other,Pune,2020-07-11,320,23,4.12,0,5,7,2,Medium,28.32,0.0885,508.21,1.58815625,2241,0.071875,4921,2.43,30.9,Residential
T00906,R0165,2.07,17.59,43.41,2023-08-01,0,-1.0665465327008872,-1.3882493093398907,0,1,8,1,0,0,0,0,0,0,1,0,0,0,0,0,0,3.7934646693040106,1.1216775615991057,4.194043395102153,-1.0785626746804389,-1.3882493093398907,-1.2313436542275995,0.10665320437878627,0.0793343653250774,0.08661887694145759,0,20.971014492753625,0,Zone_3,Meera Reddy,37,Female,Kolkata,2021-12-09,34,5,3.27,0,3,12,0,Low,46.71,1.3738235294117647,779.6999999999999,22.932352941176468,1725,0.14705882352941177,12971,2.11,38.0,Business
T00907,R0037,10.06,91.36,240.09,2023-05-25,0,1.233788037165839,0.4073404322716117,0,3,5,1,0,0,0,0,0,0,0,0,0,0,1,0,0,5.485170307761209,2.403334996094189,9.558242516278817,1.2573029508239377,0.4073404322716117,0.8194404550195775,0.6292379636518227,0.3885448916408669,0.4538530465949821,0,23.865805168986082,0,Zone_7,Aadhya Iyer,32,Other,Ahmedabad,2020-11-21,489,6,3.36,0,5,11,2,High,78.09,0.15969325153374234,1314.66,2.6884662576687117,2108,0.012269938650306749,11070,0.64,45.2,Industrial
T00908,R0108,4.84,30.09,115.68,2024-03-26,0,-0.22128936692771084,-0.7657482349639381,0,1,3,0,1,0,0,0,0,0,0,0,0,0,0,1,0,4.759435144999521,1.7647307968401356,5.485435260760991,-0.22024963443638104,-0.7657482349639381,-0.8838473635187786,0.29867679880965037,0.18653250773993807,0.14884508164078056,0,23.900826446280995,0,Zone_8,Reyansh Gupta,18,Male,Pune,2019-05-31,184,32,4.88,0,4,5,1,Medium,43.6,0.23695652173913045,874.89,4.754836956521739,2648,0.17391304347826086,4516,1.93,31.0,Business
T00909,R0172,9.88,53.08,100.96,2024-08-14,0,-0.39345188913860285,0.3668890989186618,0,2,8,0,1,0,0,0,0,0,0,0,0,0,1,0,0,4.6245805795079145,2.3869262414277967,7.285602240034794,-0.39507138554185417,0.3668890989186618,-0.2447321856471154,0.2595653098097566,0.38157894736842113,0.26329151732377537,0,10.218623481781375,0,Zone_7,Reyansh Reddy,31,Other,Pune,2019-12-24,168,14,3.72,0,1,12,2,Medium,84.85,0.5050595238095238,1488.61,8.86077380952381,2441,0.08333333333333333,11070,0.64,45.2,Industrial
T00910,R0279,4.34,43.01,60.59,2024-05-24,0,-0.8656122846313815,-0.8781130498332436,0,4,5,1,0,0,0,0,0,1,0,0,0,0,0,0,0,4.120499519698952,1.6752256529721035,6.558200972827838,-0.8745247885396763,-0.8781130498332436,-0.5246751974421414,0.152300988415347,0.16718266253869968,0.21316208681800078,0,13.960829493087559,0,Zone_2,Diya Singh,25,Other,Pune,2022-04-21,454,84,3.73,0,3,4,2,High,41.55,0.09151982378854624,699.0699999999999,1.5398017621145372,1592,0.18502202643171806,6371,0.91,58.4,Residential
T00911,R0035,3.69,22.16,37.73,2024-03-25,0,-1.1329788102931335,-1.0241873091633409,0,0,3,0,1,0,0,0,0,0,0,1,0,0,0,0,0,3.6566144935266607,1.5454325824581878,4.707440918375928,-1.1460210677700509,-1.0241873091633409,-1.1042990103444545,0.09156127112339249,0.14202786377708979,0.10936877737953007,0,10.224932249322492,0,Zone_4,Reyansh Das,39,Male,Kolkata,2022-03-20,392,41,3.49,0,6,3,1,High,28.979999999999997,0.07392857142857143,419.90999999999997,1.0711989795918366,1624,0.10459183673469388,4038,2.46,48.2,Business
T00912,R0274,7.3,69.3,121.11,2023-05-09,0,-0.15778104521540506,-0.2129133458069549,0,1,5,0,0,1,0,1,0,0,0,0,0,0,0,0,0,4.8049222778449305,2.1162555148025524,8.324662155306964,-0.15576036076092473,-0.2129133458069549,0.20617900117665044,0.31310447443936656,0.28173374613003094,0.3440362405416169,0,16.59041095890411,0,Zone_1,Reyansh Nair,27,Female,Surat,2019-03-18,31,5,3.04,0,0,3,0,Low,30.24,0.9754838709677419,477.15999999999997,15.392258064516128,2722,0.16129032258064516,4921,2.43,30.9,Residential
T00913,R0263,12.67,124.91,201.48,2023-12-04,0,0.7822122910678405,0.9938847658893865,0,0,12,0,0,1,0,0,0,0,1,0,0,0,0,0,0,5.3106411162368685,2.6152036507358583,11.176314240392491,0.7987521485017696,0.9938847658893865,1.7521204992820525,0.526650015942183,0.4895510835913313,0.620868180007965,0,15.902131018153117,0,Zone_3,Ishaan Das,31,Other,Chennai,2020-12-30,297,21,3.84,0,2,12,2,Medium,104.61999999999999,0.3522558922558922,1547.67,5.2110101010101015,2069,0.0707070707070707,12971,2.11,38.0,Business
T00914,R0077,9.53,77.61,180.39,2023-08-25,0,0.5355473730360668,0.2882337285101476,0,4,8,0,0,1,0,0,0,0,0,0,0,0,0,0,1,5.200649409369878,2.354228326145884,8.809653795694812,0.5482772347236157,0.2882337285101476,0.4371945352398746,0.47061324264002546,0.36803405572755415,0.38540422142572683,0,18.928646379853095,0,Zone_9,Reyansh Das,28,Male,Mumbai,2019-09-07,406,72,3.79,0,5,9,1,High,146.85999999999999,0.3617241379310345,2343.82,5.7729556650246305,2549,0.17733990147783252,11037,1.83,56.1,Mixed
T00915,R0090,13.89,74.43,250.88,2023-07-23,0,1.3599859729440673,1.268054914170492,0,6,7,0,0,1,0,0,0,0,0,0,0,0,0,0,1,5.528952783620542,2.7006898466959175,8.627282306729043,1.3854501447388867,1.268054914170492,0.3487914788835508,0.6579073227760655,0.536764705882353,0.3695738749502191,0,18.061915046796255,0,Zone_9,Kavya Iyer,33,Female,Mumbai,2021-01-31,152,25,4.51,0,6,1,0,Low,108.13000000000001,0.7113815789473685,1919.8799999999999,12.63078947368421,2037,0.16447368421052633,11037,1.83,56.1,Mixed
T00916,R0239,1.83,15.84,19.9,2023-07-11,0,-1.3415153436504839,-1.4421844204771572,0,1,7,1,0,0,0,0,0,0,0,0,1,0,0,0,0,3.039749158970765,1.0402767116551463,3.97994974842648,-1.3577786643876175,-1.4421844204771572,-1.2799931349268345,0.044186417260070145,0.07004643962848299,0.07790720828355237,0,10.87431693989071,0,Zone_5,Diya Iyer,36,Male,Mumbai,2020-03-13,268,10,3.36,0,4,3,1,Medium,15.87,0.05921641791044776,264.33,0.9863059701492537,2361,0.03731343283582089,2590,1.31,43.9,Business
T00917,R0073,2.71,13.69,46.35,2023-02-07,0,-1.0321608115527878,-1.2444223463071795,0,1,2,0,0,1,0,0,0,1,0,0,0,0,0,0,0,3.8575668196320874,1.3110318766193438,3.6999999999999997,-1.043645830369971,-1.2444223463071795,-1.3397624969287516,0.11446487405675418,0.10410216718266255,0.06720430107526881,0,17.10332103321033,0,Zone_2,Meera Das,41,Other,Ahmedabad,2021-06-19,490,30,3.01,0,5,6,2,High,78.61,0.16042857142857142,1275.7,2.6034693877551023,1898,0.061224489795918366,6371,0.91,58.4,Residential
T00918,R0252,7.55,50.09,76.83,2023-09-06,0,-0.675672110670452,-0.15673093837230215,0,2,9,0,1,0,0,0,0,0,0,0,0,0,1,0,0,4.354526960971297,2.145931282948669,7.077428911688199,-0.6816507913961383,-0.15673093837230215,-0.3278532983846652,0.19545116377936017,0.29140866873065013,0.24840700915969732,0,10.17615894039735,0,Zone_7,Reyansh Gupta,38,Other,Ahmedabad,2020-09-23,392,47,4.83,0,2,9,2,High,100.41,0.25614795918367345,1682.05,4.290943877551021,2167,0.11989795918367346,11070,0.64,45.2,Industrial
T00919,R0116,18.83,125.22,170.0,2023-12-22,0,0.41402776666574315,2.37821928507923,0,4,12,0,0,1,0,0,0,0,0,0,0,0,1,0,0,5.14166355650266,2.9871959425317045,11.190174261377702,0.4248806318713153,2.37821928507923,1.7607384072916312,0.4430066957168668,0.7279411764705882,0.6224113898845082,0,9.028146574614977,0,Zone_7,Ishaan Kumar,34,Female,Bengaluru,2020-02-08,238,30,4.58,0,5,2,0,Medium,50.61,0.2126470588235294,794.16,3.3368067226890754,2395,0.12605042016806722,11070,0.64,45.2,Industrial
T00920,R0060,11.37,58.78,247.77,2024-05-04,0,1.3236119617976085,0.7017362472291919,0,5,5,0,1,0,0,0,0,0,0,1,0,0,0,0,0,5.516528774816684,2.5152741864043966,7.666811592833099,1.3485142992267931,0.7017362472291919,-0.08627387708389303,0.6496439579126368,0.4392414860681114,0.2916666666666667,0,21.79155672823219,0,Zone_4,Aarav Nair,40,Female,Hyderabad,2023-08-01,123,7,4.57,0,1,8,0,Low,47.26,0.38422764227642275,732.38,5.954308943089431,1125,0.056910569105691054,4038,2.46,48.2,Business
T00921,R0252,2.67,24.93,55.78,2024-01-31,0,-0.9218691957614351,-1.253411531496724,0,2,1,0,0,1,0,0,0,0,0,1,0,0,0,0,0,4.039184151044825,1.3001916620664788,4.992995093127972,-0.9316506460680272,-1.253411531496724,-1.0272938323233798,0.13952067169731108,0.10255417956656347,0.12315810434090003,0,20.891385767790265,0,Zone_4,Reyansh Gupta,38,Other,Ahmedabad,2020-09-23,392,47,4.83,0,2,9,2,High,100.41,0.25614795918367345,1682.05,4.290943877551021,2167,0.11989795918367346,4038,2.46,48.2,Business
T00922,R0147,7.62,72.73,127.17,2023-11-22,0,-0.08690435468564929,-0.1409998642905993,0,2,11,1,0,0,0,0,0,1,0,0,0,0,0,0,0,4.853357507741733,2.154085084675602,8.528188553262645,-0.08378890616179656,-0.1409998642905993,0.3015319833471511,0.3292060792857902,0.29411764705882354,0.36111111111111116,0,16.688976377952756,0,Zone_2,Saanvi Nair,35,Other,Mumbai,2022-08-29,239,21,3.91,0,0,8,2,Medium,63.55,0.26589958158995813,1021.8,4.27531380753138,1462,0.08786610878661087,6371,0.91,58.4,Residential
T00923,R0217,9.1,56.24,210.44,2023-01-03,0,0.8870068698049052,0.19159998772254494,0,1,1,1,0,0,0,0,0,0,0,1,0,0,0,0,0,5.353941270296033,2.312535423847214,7.49933330370107,0.9051653883051011,0.19159998772254494,-0.15688512335592542,0.5504570092464661,0.35139318885448917,0.27902230187176424,0,23.125274725274725,0,Zone_4,Kavya Iyer,39,Other,Jaipur,2023-03-03,104,5,3.52,0,4,3,2,Low,42.44,0.40807692307692306,755.83,7.267596153846155,1276,0.04807692307692308,4038,2.46,48.2,Business
T00924,R0174,5.16,48.08,63.21,2024-06-01,0,-0.8349692270096059,-0.6938347534475825,0,5,6,0,0,1,0,0,0,0,1,0,0,0,0,0,0,4.162158961805957,1.8180767775454285,6.9339743293438865,-0.8434084170793271,-0.6938347534475825,-0.38373070193064374,0.15926240833244765,0.19891640866873067,0.23840103544404617,0,12.25,0,Zone_3,Aadhya Patel,32,Male,Kolkata,2019-02-07,320,7,3.8,0,3,2,1,Medium,62.14,0.1941875,921.79,2.88059375,2761,0.021875,12971,2.11,38.0,Business
T00925,R0281,11.07,94.88,147.37,2024-01-04,0,0.14935128041353654,0.6343173583076088,0,3,1,0,0,1,0,0,0,1,0,0,0,0,0,0,0,4.999709153962702,2.4907230351094403,9.740636529508736,0.15611594250196392,0.6343173583076088,0.9172954104831813,0.38287809544053564,0.4276315789473685,0.47137594583831144,0,13.312556458897923,0,Zone_2,Arjun Iyer,21,Female,Jaipur,2020-10-15,268,17,4.74,0,3,10,0,Medium,38.13,0.1422761194029851,549.63,2.050858208955224,2145,0.06343283582089553,6371,0.91,58.4,Residential
T00926,R0187,7.22,39.11,119.19,2024-03-19,0,-0.1802370263733475,-0.23089171618604382,0,1,3,0,0,0,1,1,0,0,0,0,0,0,0,0,0,4.7890738239646975,2.1065702090680882,6.253798845501828,-0.1785631978616386,-0.23089171618604382,-0.6330940401432935,0.30800297587416303,0.2786377708978328,0.193747510951812,0,16.50831024930748,0,Zone_1,Saanvi Reddy,27,Other,Surat,2022-08-05,357,38,4.71,0,4,8,2,High,75.58,0.21170868347338936,1363.34,3.818879551820728,1486,0.10644257703081232,4921,2.43,30.9,Residential
T00927,R0269,6.5,42.38,147.96,2023-05-01,0,0.15625181629019597,-0.3926970495978437,0,0,5,0,1,0,0,0,0,0,0,0,0,0,0,0,1,5.003677813528757,2.0149030205422647,6.509992319503918,0.16312306431937085,-0.3926970495978437,-0.5421890104938659,0.38444574343713467,0.25077399380804954,0.2100258861011549,0,22.763076923076923,0,Zone_9,Aadhya Sharma,41,Male,Mumbai,2019-05-19,423,16,3.41,0,6,5,1,High,63.06,0.14907801418439717,1458.77,3.4486288416075648,2660,0.037825059101654845,11037,1.83,56.1,Mixed
T00928,R0276,14.3,137.43,278.06,2023-04-27,0,1.6778784562111897,1.3601940623633226,0,3,4,0,0,1,0,0,0,1,0,0,0,0,0,0,0,5.631426812464061,2.72785282839839,11.723054209547954,1.7082528074458676,1.3601940623633226,2.100172784056008,0.7301254118397279,0.5526315789473685,0.6831939466348069,0,19.444755244755243,0,Zone_2,Aadhya Ghosh,26,Other,Chennai,2022-11-07,196,1,3.63,0,0,11,2,Medium,30.5,0.1556122448979592,500.22,2.5521428571428575,1392,0.00510204081632653,6371,0.91,58.4,Residential
T00929,R0013,0.55,3.71,10.4,2023-09-02,0,-1.4526256670882198,-1.7298383465425795,0,5,9,1,0,0,0,0,0,0,0,0,1,0,0,0,0,2.4336133554004498,0.4382549309311553,1.9261360284258222,-1.4706052021255247,-1.7298383465425795,-1.617203535430674,0.018944627484323524,0.020510835913312698,0.01752289924332935,0,18.909090909090907,0,Zone_5,Ishaan Gupta,43,Female,Kolkata,2019-04-01,6,0,3.91,0,0,4,0,Low,80.51,13.418333333333335,1432.84,238.80666666666664,2708,0.0,2590,1.31,43.9,Business
T00930,R0113,3.19,27.81,58.83,2023-09-08,0,-0.8861969340261621,-1.1365521240326464,0,4,9,0,0,1,0,0,0,0,0,0,1,0,0,0,0,4.09150720740194,1.4327007339340463,5.273518749374084,-0.8954273892153307,-1.1365521240326464,-0.9472306869440676,0.1476246147305771,0.12267801857585141,0.13749502190362403,0,18.442006269592476,0,Zone_5,Aadhya Singh,26,Other,Chennai,2019-03-09,423,26,4.61,0,5,3,2,High,55.02,0.1300709219858156,1096.29,2.591702127659574,2731,0.061465721040189124,2590,1.31,43.9,Business
T00931,R0061,3.91,28.84,90.56,2023-05-19,0,-0.5150884537441242,-0.9747467906208462,0,4,5,0,0,1,0,0,0,0,1,0,0,0,0,0,0,4.516994495084366,1.5912739418064292,5.370288632839021,-0.5185867531707208,-0.9747467906208462,-0.9185969925896608,0.23193219258157083,0.1505417956656347,0.14262246117084826,0,23.161125319693095,0,Zone_3,Meera Reddy,25,Male,Mumbai,2020-08-20,168,25,3.69,0,3,8,1,Medium,34.47,0.20517857142857143,596.74,3.5520238095238095,2201,0.1488095238095238,12971,2.11,38.0,Business
T00932,R0247,3.76,19.55,57.91,2023-06-08,0,-0.8969570916643429,-1.008456235081638,0,3,6,0,0,1,0,1,0,0,0,0,0,0,0,0,0,4.076010855533596,1.5602476682433286,4.421538193886829,-0.9063537486594228,-1.008456235081638,-1.1768562358444563,0.14518014666808374,0.14473684210526316,0.09637594583831144,0,15.40159574468085,0,Zone_1,Aadhya Das,37,Male,Bengaluru,2021-05-11,249,47,4.92,0,1,5,1,Medium,133.48,0.5360642570281124,2367.44,9.507791164658634,1937,0.18875502008032127,4921,2.43,30.9,Residential
T00933,R0255,4.36,25.49,79.42,2024-05-04,0,-0.6453799277542692,-0.8736184572384713,0,5,5,0,1,0,0,0,0,0,0,0,0,0,0,0,1,4.387262901469128,1.6789639750827108,5.048762224545735,-0.6508907142654877,-0.8736184572384713,-1.0117259984996245,0.2023328727813795,0.16795665634674925,0.1259458383114297,0,18.21559633027523,0,Zone_9,Reyansh Sharma,37,Female,Bengaluru,2021-07-06,475,42,3.12,0,1,7,0,High,72.02,0.15162105263157893,1262.22,2.6573052631578946,1881,0.08842105263157894,11037,1.83,56.1,Mixed
T00934,R0216,10.44,55.17,193.77,2023-03-20,0,0.6920374917304782,0.4927376915722837,0,0,3,0,0,1,0,0,0,0,1,0,0,0,0,0,0,5.271819375241808,2.437115985951652,7.427651041883968,0.7071845057692158,0.4927376915722837,-0.18663080584060046,0.5061643107662877,0.40325077399380804,0.2736957387495022,0,18.56034482758621,0,Zone_3,Ishaan Ghosh,44,Female,Chennai,2019-08-01,335,24,3.4,0,3,8,0,High,29.64,0.0884776119402985,498.88,1.4891940298507462,2586,0.07164179104477612,12971,2.11,38.0,Business
T00935,R0113,13.48,132.65,269.7,2024-06-14,0,1.580101371585982,1.1759157659776616,0,4,6,0,0,0,1,0,0,0,0,0,1,0,0,0,0,5.601011196620256,2.6727683869575705,11.517378173872732,1.608965454236509,1.1759157659776616,1.967290202488955,0.7079126368370708,0.5208978328173375,0.6593986459577857,0,20.00741839762611,0,Zone_5,Aadhya Singh,26,Other,Chennai,2019-03-09,423,26,4.61,0,5,3,2,High,55.02,0.1300709219858156,1096.29,2.591702127659574,2731,0.061465721040189124,2590,1.31,43.9,Business
T00936,R0213,12.58,84.71,163.24,2023-12-23,0,0.33496399967215434,0.9736590992129115,0,5,12,1,0,0,0,0,1,0,0,0,0,0,0,0,0,5.101328772710678,2.60859812213055,9.203803561571705,0.344595642912552,0.9736590992129115,0.6345724283624846,0.4250451695185461,0.48606811145510836,0.4207487056949422,0,12.976152623211448,0,Zone_10,Kavya Ghosh,29,Female,Chennai,2019-06-04,456,26,3.74,0,1,6,0,High,61.089999999999996,0.13396929824561402,1064.3999999999999,2.3342105263157893,2644,0.05701754385964912,2440,1.54,35.4,Industrial
T00937,R0033,2.9,18.4,33.13,2024-06-15,0,-1.186779598484037,-1.2017237166568433,0,5,6,1,0,0,0,0,0,0,0,0,0,0,0,0,1,3.530176762918616,1.3609765531356006,4.2895221179054435,-1.200652864990511,-1.2017237166568433,-1.208825894589668,0.07933893081092572,0.11145510835913314,0.09065113500597372,0,11.424137931034483,0,Zone_9,Diya Iyer,18,Female,Chennai,2019-05-22,472,37,3.24,0,2,5,0,High,32.06,0.06792372881355933,606.49,1.2849364406779662,2657,0.07838983050847458,11037,1.83,56.1,Mixed
T00938,R0011,7.46,58.35,186.41,2023-03-05,1,0.6059562306250322,-0.1769566050487771,0,6,3,1,0,0,0,0,0,0,0,0,0,0,0,0,1,5.233298730173588,2.135349173618132,7.638717169787085,0.6197736302164791,-0.1769566050487771,-0.09822774948427647,0.48660856626634075,0.28792569659442724,0.28952608522501,0,24.98793565683646,1,Zone_9,Vivaan Nair,26,Male,Chennai,2020-04-14,208,34,4.0,0,1,4,1,Medium,88.96000000000001,0.4276923076923077,1633.78,7.8547115384615385,2329,0.16346153846153846,11037,1.83,56.1,Mixed
T00939,R0017,10.26,73.94,165.32,2024-03-19,0,0.35929131259325847,0.4522863582193338,0,1,3,0,1,0,0,0,0,0,0,0,0,0,0,1,0,5.113913643549758,2.421256622711544,8.598837130682265,0.3692987164383252,0.4522863582193338,0.33516962428776476,0.4305717929641832,0.39628482972136225,0.3671346077260056,0,16.113060428849902,0,Zone_8,Meera Das,49,Female,Mumbai,2023-03-18,288,21,3.83,0,5,3,0,Medium,55.980000000000004,0.19437500000000002,812.31,2.820520833333333,1261,0.07291666666666667,4516,1.93,31.0,Business
T00940,R0222,9.2,76.52,164.3,2023-05-05,0,0.34736157260310174,0.21407295069640594,0,4,5,0,1,0,0,0,0,0,0,1,0,0,0,0,0,5.107762004826979,2.322387720290225,8.747571091451615,0.35718470922857115,0.21407295069640594,0.4068928586900653,0.42786162185141885,0.35526315789473684,0.3799780963759458,0,17.858695652173914,0,Zone_4,Aarav Singh,27,Male,Surat,2022-08-28,475,12,3.44,0,6,8,1,High,79.05,0.16642105263157894,1325.63,2.7908000000000004,1463,0.02526315789473684,4038,2.46,48.2,Business
T00941,R0280,14.53,145.24,162.1,2024-05-11,0,0.3216307608596259,1.411881877203203,0,5,5,0,0,0,1,0,0,0,0,0,0,0,0,1,0,5.094363509626968,2.7427736371605955,12.051555916146263,0.331056458384003,1.411881877203203,2.3172884664908793,0.42201615474545645,0.5615325077399381,0.7220728793309439,0,11.156228492773572,0,Zone_8,Saanvi Gupta,26,Other,Chennai,2023-05-31,172,23,4.43,0,2,5,2,Medium,50.769999999999996,0.29517441860465116,735.3,4.2749999999999995,1187,0.13372093023255813,4516,1.93,31.0,Business
T00942,R0201,4.62,40.67,99.35,2024-03-31,0,-0.41228216500541914,-0.8151887535064324,0,6,3,1,0,0,0,1,0,0,0,0,0,0,0,0,0,4.608664075242347,1.7263316639055997,6.377303505401009,-0.41419251456901524,-0.8151887535064324,-0.5897265030628326,0.2552874907003932,0.1780185758513932,0.20151334129828752,0,21.504329004329,0,Zone_1,Meera Reddy,37,Female,Delhi,2021-04-06,183,15,3.84,0,1,4,0,Medium,67.68,0.3698360655737705,1071.8,5.856830601092896,1972,0.08196721311475409,4921,2.43,30.9,Residential
T00943,R0046,8.78,60.28,92.28,2024-01-14,0,-0.4949716372901341,0.11968650620618933,0,6,1,0,0,0,1,0,0,0,0,1,0,0,0,0,0,4.535605722602182,2.280339484046726,7.764019577512669,-0.4981592116013313,0.11968650620618933,-0.04457432219883454,0.23650228504623233,0.33900928792569657,0.29913381123058547,0,10.510250569476083,0,Zone_4,Vivaan Singh,31,Female,Kolkata,2019-08-16,31,4,3.87,0,4,8,0,Low,80.02,2.581290322580645,1296.42,41.82,2571,0.12903225806451613,4038,2.46,48.2,Business
T00944,R0218,6.03,55.04,71.04,2024-06-18,0,-0.743390928849872,-0.49831997557499086,0,1,6,1,0,0,0,0,0,1,0,0,0,0,0,0,0,4.277221520307755,1.9501867058225735,7.418894796396563,-0.7504155970279784,-0.49831997557499086,-0.19024476726397227,0.1800669571686683,0.23258513931888547,0.2730485862206292,0,11.781094527363184,0,Zone_2,Arjun Reddy,34,Other,Delhi,2019-01-11,160,16,3.87,0,4,1,2,Low,50.04,0.31275,725.47,4.5341875,2788,0.1,6371,0.91,58.4,Residential
T00945,R0295,9.26,68.11,120.01,2023-04-05,0,-0.17064645108714283,0.22755672848072273,0,2,4,1,0,0,0,0,0,1,0,0,0,0,0,0,0,4.7958731868099616,2.3282528397426234,8.252878285786117,-0.16882448618320864,0.22755672848072273,0.1730973543011708,0.3101817408863854,0.35758513931888547,0.33811230585424135,0,12.960043196544277,0,Zone_2,Kavya Gupta,18,Female,Delhi,2019-05-29,98,18,3.59,0,2,5,0,Low,44.769999999999996,0.45683673469387753,524.04,5.34734693877551,2650,0.1836734693877551,6371,0.91,58.4,Residential
T00946,R0005,2.61,18.63,43.31,2023-05-17,0,-1.0677161150528631,-1.2668953092810409,0,2,5,1,0,0,0,0,0,0,1,0,0,0,0,0,0,3.7912103852113983,1.2837077723447896,4.316248370981447,-1.0797503224461011,-1.2668953092810409,-1.2024319628406255,0.10638750132851527,0.10023219814241487,0.09179609717244126,0,16.59386973180077,0,Zone_3,Diya Reddy,27,Male,Ahmedabad,2021-05-31,294,30,3.53,0,0,5,1,Medium,51.260000000000005,0.17435374149659866,926.45,3.1511904761904765,1917,0.10204081632653061,12971,2.11,38.0,Business
T00947,R0246,3.36,31.91,74.45,2023-12-09,0,-0.7035081706474847,-1.0983480869770825,0,5,12,0,1,0,0,0,0,0,0,0,0,0,0,0,1,4.323470185213858,1.4724720573609429,5.64889369699944,-0.7099168082188981,-1.0983480869770825,-0.8332519035915743,0.18912743118290998,0.12925696594427244,0.157905217045002,0,22.1577380952381,0,Zone_9,Vivaan Das,29,Other,Mumbai,2021-03-31,240,34,4.79,0,2,3,2,Medium,83.74,0.34891666666666665,1550.55,6.460624999999999,1978,0.14166666666666666,11037,1.83,56.1,Mixed
T00948,R0272,4.35,34.4,107.4,2024-02-13,1,-0.3181307856713375,-0.8758657535358575,0,1,2,0,1,0,0,0,0,1,0,0,0,0,0,0,0,4.685828089005546,1.6770965609079151,5.865151319446072,-0.3185868694332096,-0.8758657535358575,-0.7640306424823773,0.27667658624721014,0.16756965944272445,0.1703006770211071,0,24.689655172413797,1,Zone_2,Kavya Ghosh,21,Male,Kolkata,2020-01-15,432,4,4.79,0,2,1,1,High,40.29,0.09326388888888888,691.76,1.6012962962962962,2419,0.009259259259259259,6371,0.91,58.4,Residential
T00949,R0194,5.18,49.09,72.43,2023-11-30,0,-0.7271337341574032,-0.6893401608528104,0,3,11,1,0,0,0,1,0,0,0,0,0,0,0,0,0,4.296332571463519,1.8213182714695995,7.006425622241344,-0.7339072930852741,-0.6893401608528104,-0.35565300164137087,0.18376022956743543,0.1996904024767802,0.2434289127837515,0,13.982625482625485,0,Zone_1,Arjun Iyer,30,Other,Jaipur,2023-02-10,10,2,4.06,0,4,2,2,Low,43.61,4.361,684.55,68.455,1297,0.2,4921,2.43,30.9,Residential
T00950,R0209,15.74,117.86,169.17,2024-01-20,0,0.40432023314434085,1.6838047291869225,0,5,1,0,1,0,0,0,0,0,1,0,0,0,0,0,0,5.136797937383345,2.8178010650613294,10.856334556377673,0.41502315541631907,1.6838047291869225,1.5561325913222777,0.44080136039961737,0.608359133126935,0.5857726005575468,0,10.747776365946631,0,Zone_3,Vivaan Sharma,31,Other,Surat,2020-06-11,109,20,3.77,0,3,6,2,Low,58.52,0.5368807339449542,735.09,6.743944954128441,2271,0.1834862385321101,12971,2.11,38.0,Business
T00951,R0004,13.88,86.75,306.34,2024-06-01,0,2.0086363453500495,1.265807617873106,0,5,6,0,1,0,0,0,0,0,0,0,0,1,0,0,0,5.727954626627186,2.700018029404946,9.313968005098578,2.0441195955751317,1.265807617873106,0.6912838230061644,0.8052662344563715,0.5363777089783283,0.4309040223018718,0,22.07060518731988,0,Zone_6,Aarav Nair,19,Other,Kolkata,2019-07-28,464,5,3.19,0,6,7,2,High,37.21,0.08019396551724138,683.03,1.4720474137931034,2590,0.010775862068965518,14627,0.54,37.6,Mixed
T00952,R0231,6.94,35.39,72.75,2023-12-21,0,-0.7233910706310795,-0.2938160125128548,0,3,12,0,0,1,0,0,0,0,1,0,0,0,0,0,0,4.300680995219929,2.0719132752590443,5.948949487094339,-0.7301068202351552,-0.2938160125128548,-0.7365089362582385,0.18461047932830268,0.26780185758513936,0.1752289924332935,0,10.482708933717579,0,Zone_3,Ishaan Nair,19,Other,Mumbai,2019-08-26,328,22,4.81,0,0,8,2,High,59.290000000000006,0.18076219512195124,731.53,2.230274390243902,2561,0.06707317073170732,12971,2.11,38.0,Business
T00953,R0149,8.86,59.47,160.65,2024-03-18,0,0.3046718167559716,0.13766487658527823,0,0,3,1,0,0,0,0,0,0,0,1,0,0,0,0,0,5.0854335041714425,2.288486168614544,7.71167945391923,0.3138355657819015,0.13766487658527823,-0.06709208183676618,0.41816346051652675,0.34210526315789475,0.2951015531660693,0,18.132054176072238,0,Zone_4,Diya Reddy,30,Male,Jaipur,2019-09-14,89,8,4.57,0,5,9,1,Low,42.42,0.4766292134831461,661.12,7.428314606741573,2542,0.0898876404494382,4038,2.46,48.2,Business
T00954,R0179,0.03,0.25,3.27,2023-06-19,1,-1.5681804034634652,-1.8466977540066574,0,0,6,1,0,0,0,0,0,0,0,0,0,0,1,0,0,1.451613827240533,0.0295588022415444,0.5,-1.555284487817238,-1.8466977540066574,-1.7133905086988757,0.0,0.0003869969040247677,0.00029868578255675033,0,109.0,1,Zone_7,Meera Patel,28,Male,Kolkata,2022-04-11,274,14,4.64,0,0,4,1,Medium,25.53,0.09317518248175183,459.20000000000005,1.6759124087591242,1602,0.051094890510948905,11070,0.64,45.2,Industrial
T00955,R0184,7.1,65.16,134.22,2023-07-10,0,-0.004448798871329522,-0.25785927175467716,0,0,7,0,0,0,1,0,0,1,0,0,0,0,0,0,0,4.906903081662532,2.0918640616783932,8.072174428244226,-5.973868261286676e-05,-0.25785927175467716,0.09108822969388898,0.3479381443298969,0.2739938080495356,0.3234269215452011,0,18.904225352112675,0,Zone_2,Meera Nair,29,Female,Surat,2020-03-04,285,27,3.97,0,2,3,0,Medium,69.16,0.24266666666666664,1212.72,4.2551578947368425,2370,0.09473684210526316,6371,0.91,58.4,Residential
T00956,R0083,8.8,70.86,73.86,2023-04-21,0,-0.7104087065241441,0.12418109880096186,0,4,4,1,0,0,0,0,0,0,0,0,0,1,0,0,0,4.315619702476283,2.2823823856765264,8.417838202293984,-0.716923930036305,0.12418109880096186,0.24954653825711137,0.18755978318631097,0.33978328173374617,0.3518020708880924,0,8.393181818181818,0,Zone_6,Kavya Patel,45,Female,Mumbai,2021-12-31,475,39,4.4,0,4,12,0,High,92.62,0.19498947368421055,1415.3300000000002,2.9796421052631583,1703,0.08210526315789474,14627,0.54,37.6,Mixed
T00957,R0077,13.73,92.67,287.95,2024-08-20,0,1.7935501508216325,1.2320981734123142,0,1,8,0,0,0,1,0,0,1,0,0,0,0,0,0,0,5.666253662763787,2.689886230474539,9.626525853079086,1.825711171469857,1.2320981734123142,0.855858066285862,0.7564034435115314,0.5305727554179567,0.46037435284747114,0,20.972323379461034,0,Zone_2,Reyansh Das,28,Male,Mumbai,2019-09-07,406,72,3.79,0,5,9,1,High,146.85999999999999,0.3617241379310345,2343.82,5.7729556650246305,2549,0.17733990147783252,6371,0.91,58.4,Residential
T00958,R0217,9.63,84.29,188.14,2023-12-21,0,0.6261900053142198,0.31070669148400903,0,3,12,0,0,0,1,0,0,0,0,0,0,0,0,0,1,5.242487481587366,2.363680192353857,9.180958555619343,0.6403199365624347,0.31070669148400903,0.6228965529946686,0.4912052290360293,0.37190402476780193,0.41865790521704505,0,19.536863966770508,0,Zone_9,Kavya Iyer,39,Other,Jaipur,2023-03-03,104,5,3.52,0,4,3,2,Low,42.44,0.40807692307692306,755.83,7.267596153846155,1276,0.04807692307692308,11037,1.83,56.1,Mixed
T00959,R0246,10.16,92.18,182.43,2023-08-09,0,0.5594068530163808,0.42981339524547274,0,2,8,0,1,0,0,0,0,0,0,0,0,0,0,0,1,5.21183312332626,2.412335956953165,9.601041610158765,0.5725052491431244,0.42981339524547274,0.8422362116900763,0.47603358486555425,0.3924148606811146,0.4579350856232577,0,17.955708661417322,0,Zone_9,Vivaan Das,29,Other,Mumbai,2021-03-31,240,34,4.79,0,2,3,2,Medium,83.74,0.34891666666666665,1550.55,6.460624999999999,1978,0.14166666666666666,11037,1.83,56.1,Mixed
T00960,R0097,9.49,82.0,235.17,2024-03-20,1,1.1762445854486112,0.2792445433206034,0,2,3,0,0,1,0,0,0,0,0,0,1,0,0,0,0,5.46455188468906,2.3504224224082058,9.055385138137417,1.1988706807533582,0.2792445433206034,0.5592352325368125,0.6161653735784887,0.3664860681114551,0.40725806451612906,0,24.78082191780822,1,Zone_5,Aarav Iyer,23,Other,Bengaluru,2021-01-25,478,5,3.28,0,0,1,2,High,69.43,0.1452510460251046,1117.1,2.3370292887029285,2043,0.010460251046025104,2590,1.31,43.9,Business
T00961,R0248,9.35,59.55,103.62,2023-11-12,0,-0.3623409985760367,0.2477823951571977,0,6,11,1,0,0,0,0,0,0,0,0,0,0,0,1,0,4.650334737942465,2.336986519711378,7.7168646482881895,-0.36347995497524005,0.2477823951571977,-0.06486810557622978,0.2666330109469657,0.36106811145510836,0.29549980087614497,0,11.082352941176472,0,Zone_8,Vivaan Ghosh,18,Female,Chennai,2021-10-24,104,12,3.65,0,6,10,0,Low,57.72,0.5549999999999999,939.6600000000001,9.03519230769231,1771,0.11538461538461539,4516,1.93,31.0,Business
T00962,R0238,1.02,8.88,8.86,2023-03-04,0,-1.470637235308653,-1.6242154205654322,0,5,3,1,0,0,0,0,0,0,1,0,0,0,0,0,0,2.288486168614544,0.7030975114131134,2.979932885150268,-1.4888949777167222,-1.6242154205654322,-1.4734790695935056,0.014852800510149857,0.03869969040247678,0.04325965750696934,0,8.686274509803921,0,Zone_3,Reyansh Patel,30,Other,Pune,2019-04-22,362,56,4.91,0,0,4,2,High,38.73,0.10698895027624308,590.03,1.6299171270718231,2687,0.15469613259668508,12971,2.11,38.0,Business
T00963,R0243,5.92,34.82,101.62,2024-05-09,0,-0.38573264561556003,-0.5230402348462381,0,3,5,0,0,0,1,0,0,0,1,0,0,0,0,0,0,4.631032845513819,1.9344157696295783,5.900847396772772,-0.3872329102884836,-0.5230402348462381,-0.7523547671145608,0.2613189499415453,0.228328173374613,0.17239147749900438,0,17.16554054054054,0,Zone_3,Ishaan Patel,33,Male,Jaipur,2023-02-06,315,11,3.7,0,0,2,1,Medium,55.31,0.1755873015873016,948.53,3.011206349206349,1301,0.03492063492063492,12971,2.11,38.0,Business
T00964,R0137,15.17,87.29,335.54,2024-02-05,0,2.3501543921270907,1.555708840235914,0,0,2,0,0,0,1,1,0,0,0,0,0,0,0,0,0,5.8187170127483006,2.783157673589016,9.342911751697113,2.390912743148489,1.555708840235914,0.7062956627647856,0.8828515251355086,0.5863003095975232,0.43359219434488255,0,22.11865524060646,0,Zone_1,Arjun Gupta,27,Male,Bengaluru,2021-08-10,166,32,3.14,0,1,8,1,Medium,82.33,0.49596385542168675,1499.3700000000001,9.032349397590362,1846,0.1927710843373494,4921,2.43,30.9,Residential
T00965,R0050,12.12,115.9,118.59,2023-07-17,0,-0.1872545204852044,0.8702834695331502,0,0,7,0,0,0,1,0,0,0,1,0,0,0,0,0,0,4.7840692259807165,2.574137783515943,10.765686229869418,-0.1856890844556116,0.8702834695331502,1.5016451729391347,0.30640875757253694,0.468266253869969,0.576015531660693,0,9.784653465346535,0,Zone_3,Diya Das,49,Male,Ahmedabad,2022-10-06,330,41,3.42,0,3,10,1,High,60.099999999999994,0.1821212121212121,915.81,2.775181818181818,1424,0.12424242424242424,12971,2.11,38.0,Business
T00966,R0157,10.47,93.11,110.17,2023-02-21,0,-0.28573335452159776,0.4994795804644423,0,1,2,0,1,0,0,0,1,0,0,0,0,0,0,0,0,4.711060561245524,2.4397349311412793,9.649352309870336,-0.2856890263243672,0.4994795804644423,0.8680899357188124,0.2840365607397173,0.4044117647058824,0.4625647152528873,0,10.522445081184335,0,Zone_10,Kavya Nair,36,Female,Hyderabad,2021-11-23,319,27,4.65,0,1,11,0,Medium,113.9,0.3570532915360502,1875.93,5.880658307210031,1741,0.08463949843260188,2440,1.54,35.4,Industrial
T00967,R0102,8.33,80.15,102.36,2024-04-03,0,-0.37707773621093643,0.01855817282381452,0,2,4,0,1,0,0,1,0,0,0,0,0,0,0,0,0,4.638218040034292,2.2332350148592526,8.952653238007155,-0.37844431682258356,0.01855817282381452,0.5078057815119071,0.26328515251355084,0.32159442724458204,0.3980485862206293,0,12.288115246098439,0,Zone_1,Aarav Nair,18,Female,Chennai,2023-05-13,123,22,4.1,0,5,5,0,Low,35.83,0.29130081300813004,483.3,3.9292682926829268,1205,0.17886178861788618,4921,2.43,30.9,Residential
T00968,R0155,11.3,93.89,153.11,2023-08-24,0,0.21648530741696867,0.6860051731474894,0,3,8,1,0,0,0,0,0,0,0,0,0,0,0,0,1,5.037666633147286,2.509599262378372,9.689685237405806,0.22428692425097319,0.6860051731474894,0.8897737042590429,0.39812945052609205,0.4365325077399381,0.4664476304261251,0,13.549557522123894,0,Zone_9,Meera Reddy,23,Male,Hyderabad,2019-02-10,353,8,3.14,0,6,2,1,High,60.91,0.17254957507082153,931.71,2.639405099150142,2758,0.0226628895184136,11037,1.83,56.1,Mixed
T00969,R0050,3.2800000000000002,27.7,79.39,2024-07-23,1,-0.645730802459862,-1.1163264573561713,0,1,7,0,0,0,1,0,1,0,0,0,0,0,0,0,0,4.386889790339869,1.4539530095937054,5.263078946776307,-0.6512470085951864,-1.1163264573561713,-0.9502886543023052,0.20225316186629821,0.12616099071207432,0.13694743130227,0,24.204268292682926,1,Zone_10,Diya Das,49,Male,Ahmedabad,2022-10-06,330,41,3.42,0,3,10,1,High,60.099999999999994,0.1821212121212121,915.81,2.775181818181818,1424,0.12424242424242424,2440,1.54,35.4,Industrial
T00970,R0138,0.1,0.9,3.27,2023-07-22,1,-1.5598763687644346,-1.8309666799249544,0,5,7,0,1,0,0,0,0,0,0,0,1,0,0,0,0,1.451613827240533,0.09531017980432487,0.9486832980505138,-1.555284487817238,-1.8309666799249544,-1.695320701582017,0.0,0.0030959752321981426,0.003534448426921545,0,32.699999999999996,1,Zone_5,Ishaan Das,46,Male,Kolkata,2022-07-28,13,0,3.53,0,3,7,1,Low,31.25,2.4038461538461537,521.48,40.113846153846154,1494,0.0,2590,1.31,43.9,Business
T00971,R0089,6.09,53.05,135.64,2023-02-13,0,0.012159270526731908,-0.4848361977906743,0,0,2,0,0,0,1,1,0,0,0,0,0,0,0,0,0,4.91734973004026,1.958685340544036,7.283543093852058,0.016804859589789948,-0.4848361977906743,-0.24556617674481662,0.3517111276437453,0.23490712074303405,0.263142174432497,0,22.272577996715928,0,Zone_1,Saanvi Reddy,48,Other,Surat,2022-09-21,308,6,3.91,0,2,9,2,Medium,89.83,0.29165584415584417,1415.55,4.595941558441559,1439,0.01948051948051948,4921,2.43,30.9,Residential
T00972,R0184,10.69,74.54,173.15,2023-08-08,0,0.4508696107529925,0.5489200990069365,0,1,8,0,0,1,0,0,0,0,0,0,0,0,0,0,1,5.159916996812011,2.458733775483977,8.633655077659752,0.4622915364896741,0.5489200990069365,0.3518494462417884,0.45137634180040387,0.41292569659442724,0.3701214655515731,0,16.197380729653883,0,Zone_9,Meera Nair,29,Female,Surat,2020-03-04,285,27,3.97,0,2,3,0,Medium,69.16,0.24266666666666664,1212.72,4.2551578947368425,2370,0.09473684210526316,11037,1.83,56.1,Mixed
T00973,R0172,8.54,51.74,95.55,2023-11-18,0,-0.45672629438051343,0.06575139506892264,0,5,11,0,0,1,0,1,0,0,0,0,0,0,0,0,0,4.570061008874523,2.255493485460195,7.193052203341778,-0.4593231296641781,0.06575139506892264,-0.2819837880111009,0.24519077479009455,0.32972136222910214,0.256620868180008,0,11.188524590163935,0,Zone_1,Reyansh Reddy,31,Other,Pune,2019-12-24,168,14,3.72,0,1,12,2,Medium,84.85,0.5050595238095238,1488.61,8.86077380952381,2441,0.08333333333333333,4921,2.43,30.9,Residential
T00974,R0277,13.07,116.12,130.39,2024-02-03,0,-0.04924380295201688,1.083776617784831,0,5,2,0,0,0,1,0,0,0,0,0,0,1,0,0,0,4.87816999965373,2.644044871126298,10.775899034419355,-0.045546648107474524,1.083776617784831,1.50776110765561,0.3377617175045169,0.505030959752322,0.5771107128634011,0,9.976281560826319,0,Zone_6,Kavya Gupta,42,Female,Jaipur,2021-01-22,433,16,3.06,0,4,1,0,High,86.92999999999999,0.20076212471131638,1402.8,3.2397228637413393,2046,0.03695150115473441,14627,0.54,37.6,Mixed
T00975,R0246,9.76,53.7,109.37,2023-01-14,0,-0.29509001333740703,0.3399215433500282,0,5,1,0,0,0,1,0,0,0,0,0,0,1,0,0,0,4.703838357784793,2.3758355547336385,7.328028384224504,-0.29519020844966465,0.3399215433500282,-0.22749636962795777,0.28191093633754916,0.37693498452012386,0.26637793707686186,0,11.20594262295082,0,Zone_6,Vivaan Das,29,Other,Mumbai,2021-03-31,240,34,4.79,0,2,3,2,Medium,83.74,0.34891666666666665,1550.55,6.460624999999999,1978,0.14166666666666666,14627,0.54,37.6,Mixed
T00976,R0130,8.22,49.88,135.05,2024-06-16,0,0.0052587346500728134,-0.006162086447432565,0,6,6,0,0,0,1,0,0,0,0,0,1,0,0,0,0,4.913022465229256,2.2213750375685026,7.06257743320383,0.00979773777238338,-0.006162086447432565,-0.3336912360685734,0.35014347964714637,0.31733746130030965,0.2473616089207487,0,16.429440389294403,0,Zone_5,Diya Ghosh,27,Female,Pune,2019-02-16,316,62,3.62,0,5,2,0,Medium,50.9,0.1610759493670886,896.33,2.836487341772152,2752,0.1962025316455696,2590,1.31,43.9,Business
T00977,R0201,14.64,93.63,312.43,2023-05-15,0,2.079863910585398,1.4366021364744503,0,0,5,0,0,1,0,1,0,0,0,0,0,0,0,0,0,5.747576049654617,2.7498317351171653,9.67625960792702,2.116447344503959,1.4366021364744503,0.8825457814122992,0.8214475502178765,0.5657894736842106,0.4651533253683791,0,21.340846994535518,0,Zone_1,Meera Reddy,37,Female,Delhi,2021-04-06,183,15,3.84,0,1,4,0,Medium,67.68,0.3698360655737705,1071.8,5.856830601092896,1972,0.08196721311475409,4921,2.43,30.9,Residential
T00978,R0085,13.66,124.34,142.31,2024-04-15,0,0.09017041340354245,1.2163670993306115,0,0,4,1,0,0,0,0,0,0,0,0,1,0,0,0,0,4.96501011606998,2.6851226964585053,11.150784725749126,0.09602096555945758,1.2163670993306115,1.7362746684257304,0.3694335210968222,0.5278637770897833,0.6180306650736759,0,10.41800878477306,0,Zone_5,Aadhya Ghosh,29,Female,Chennai,2022-09-17,94,12,4.95,0,5,9,0,Low,43.99,0.46797872340425534,509.91,5.4245744680851065,1443,0.1276595744680851,2590,1.31,43.9,Business
T00979,R0169,7.51,48.91,168.46,2023-03-24,0,0.3960161984453103,-0.1657201235618466,0,4,3,0,0,0,1,0,0,0,0,0,0,0,0,1,0,5.132616910770318,2.1412419425852827,6.993568473962345,0.4065908562801178,-0.1657201235618466,-0.3606569482275781,0.4389148687426932,0.2898606811145511,0.24253285543608122,0,22.431424766977365,0,Zone_8,Reyansh Kumar,32,Male,Delhi,2023-02-21,497,81,4.19,0,1,2,1,High,70.41,0.14167002012072433,1412.41,2.841871227364185,1286,0.16297786720321933,4516,1.93,31.0,Business
T00980,R0196,2.48,17.97,26.54,2023-07-29,0,-1.2638550754792666,-1.29611016114706,0,5,7,0,1,0,0,0,0,0,0,0,0,1,0,0,0,3.315639493300509,1.247032293786383,4.2391036788453285,-1.278918852747649,-1.29611016114706,-1.2207797669900513,0.06182909979806568,0.0952012383900929,0.088510553564317,0,10.701612903225806,0,Zone_6,Vivaan Das,18,Male,Hyderabad,2019-06-24,51,9,4.93,0,0,6,1,Low,95.95,1.8813725490196078,1623.43,31.831960784313726,2624,0.17647058823529413,14627,0.54,37.6,Mixed
T00981,R0190,3.46,20.02,80.21,2023-01-10,0,-0.6361402271736576,-1.0758751240032214,0,1,1,1,0,0,0,0,0,0,0,0,0,1,0,0,0,4.397038392294319,1.4951487660319727,4.474371464239419,-0.6415082969167566,-1.0758751240032214,-1.1637903753138046,0.20443192687852055,0.13312693498452013,0.09871565113500598,0,23.18208092485549,0,Zone_6,Saanvi Iyer,35,Other,Surat,2020-09-25,274,47,4.12,0,4,9,2,Medium,69.99,0.25543795620437953,1117.92,4.08,2165,0.17153284671532848,14627,0.54,37.6,Mixed
T00982,R0073,7.19,38.88,157.25,2023-04-20,0,0.26490601678878184,-0.237633605078202,0,3,4,0,1,0,0,0,0,0,0,0,0,0,1,0,0,5.064176061024286,2.1029138978649784,6.235382907247958,0.2734555417493873,-0.237633605078202,-0.6394879718923357,0.4091295568073121,0.27747678018575855,0.1926025487853445,0,21.870653685674547,0,Zone_7,Meera Das,41,Other,Ahmedabad,2021-06-19,490,30,3.01,0,5,6,2,High,78.61,0.16042857142857142,1275.7,2.6034693877551023,1898,0.061224489795918366,11070,0.64,45.2,Industrial
T00983,R0077,6.17,52.93,83.76,2023-09-16,0,-0.5946200536785035,-0.4668578274115854,0,5,9,0,0,0,1,0,0,0,0,1,0,0,0,0,0,4.4398237334000985,1.969905654611529,7.275300681071539,-0.599346801235749,-0.4668578274115854,-0.24890214113562123,0.21386438516314168,0.2380030959752322,0.2625448028673835,0,13.575364667747165,0,Zone_4,Reyansh Das,28,Male,Mumbai,2019-09-07,406,72,3.79,0,5,9,1,High,146.85999999999999,0.3617241379310345,2343.82,5.7729556650246305,2549,0.17733990147783252,4038,2.46,48.2,Business
T00984,R0283,16.29,113.75,178.58,2024-06-26,0,0.5143779324652985,1.8074060255431583,0,2,6,0,0,1,0,0,0,0,0,0,1,0,0,0,0,5.1906207910926625,2.850128299695199,10.665364503850771,0.5267808101651306,1.8074060255431583,1.4418758109372174,0.4658040174301201,0.6296439628482973,0.5653126244524094,0,10.96255371393493,0,Zone_5,Diya Nair,19,Male,Surat,2023-06-15,245,45,3.55,0,3,6,1,Medium,55.97,0.22844897959183674,1013.23,4.135632653061225,1172,0.1836734693877551,2590,1.31,43.9,Business
T00985,R0209,0.4,2.19,8.96,2024-01-12,0,-1.4694676529566766,-1.763547791003371,0,4,1,0,0,0,1,0,0,1,0,0,0,0,0,0,0,2.298577071596507,0.33647223662121295,1.4798648586948742,-1.48770732995106,-1.763547791003371,-1.6594590843808668,0.015118503560420877,0.014705882352941178,0.009956192751891677,0,22.400000000000002,0,Zone_2,Vivaan Sharma,31,Other,Surat,2020-06-11,109,20,3.77,0,3,6,2,Low,58.52,0.5368807339449542,735.09,6.743944954128441,2271,0.1834862385321101,6371,0.91,58.4,Residential
T00986,R0120,7.68,41.52,120.11,2023-02-25,0,-0.16947686873516674,-0.12751608650628274,0,5,2,0,0,0,1,0,1,0,0,0,0,0,0,0,0,4.7966992235329595,2.1610215286722587,6.443601477434805,-0.16763683841754654,-0.12751608650628274,-0.5660967552946328,0.3104474439366564,0.2964396284829721,0.2057447232178415,0,15.639322916666668,0,Zone_10,Ishaan Gupta,18,Other,Surat,2020-07-12,311,15,4.55,0,6,7,2,Medium,68.2,0.21929260450160773,1013.95,3.260289389067524,2240,0.04823151125401929,2440,1.54,35.4,Industrial
T00987,R0133,2.67,15.91,57.6,2024-02-27,0,-0.900582796955469,-1.253411531496724,0,1,2,0,0,1,0,0,0,0,0,1,0,0,0,0,0,4.070734696582967,1.3001916620664788,3.988734135035826,-0.9100354567329756,-1.253411531496724,-1.2780471556988648,0.1443564672122436,0.10255417956656347,0.07825567502986858,0,21.573033707865168,0,Zone_4,Diya Kumar,25,Female,Delhi,2019-07-13,155,11,4.4,0,5,7,0,Low,64.89,0.4186451612903226,817.27,5.272709677419355,2605,0.07096774193548387,4038,2.46,48.2,Business
T00988,R0289,8.58,80.43,163.1,2023-06-03,0,0.33332658437938756,0.07474058025846728,0,5,6,0,1,0,0,0,0,1,0,0,0,0,0,0,0,5.100475998096045,2.259677591982769,8.968277426574181,0.3429329360406248,0.07474058025846728,0.5155896984237848,0.4246731852481666,0.33126934984520123,0.3994424532058941,0,19.009324009324008,0,Zone_2,Aarav Gupta,21,Other,Chennai,2021-09-30,322,14,4.17,0,3,9,2,Medium,66.13,0.2053726708074534,1234.48,3.8337888198757764,1795,0.043478260869565216,6371,0.91,58.4,Residential
T00989,R0256,9.91,66.8,153.36,2023-09-15,0,0.21940926329690907,0.37363098781082,0,4,9,1,0,0,0,0,0,1,0,0,0,0,0,0,0,5.039287536669418,2.3896797998449792,8.17312669668102,0.22725604366512864,0.37363098781082,0.13667974303488628,0.3987937081517696,0.3827399380804954,0.3315909996017523,0,15.475277497477297,0,Zone_2,Aadhya Sharma,31,Female,Delhi,2021-03-25,265,8,3.65,0,3,3,0,Medium,41.45,0.15641509433962264,753.8,2.8445283018867924,1984,0.03018867924528302,6371,0.91,58.4,Residential
T00990,R0237,5.98,47.26,59.33,2023-02-04,0,-0.8803490222662812,-0.5095564570619213,0,5,2,0,1,0,0,0,0,0,0,1,0,0,0,0,0,4.09982949245267,1.9430489167742813,6.8745908969188845,-0.8894891503870198,-0.5095564570619213,-0.4065264586011424,0.14895312998193216,0.23065015479876164,0.2343189964157706,0,9.921404682274247,0,Zone_4,Aadhya Nair,40,Male,Chennai,2022-12-13,36,3,3.71,0,1,12,1,Low,97.37,2.7047222222222222,1759.7,48.88055555555556,1356,0.08333333333333333,4038,2.46,48.2,Business
T00991,R0070,10.65,97.69,133.59,2024-02-25,0,-0.011817167688779323,0.5399309138173922,0,6,2,0,1,0,0,0,0,0,0,0,1,0,0,0,0,4.902233120245624,2.4553061800117097,9.883825170448938,-0.00754191960628455,0.5399309138173922,0.9954125766345243,0.3462642151131895,0.4113777089783282,0.48536439665471925,0,12.543661971830986,0,Zone_5,Meera Reddy,33,Male,Bengaluru,2023-01-03,310,6,3.54,0,1,1,1,Medium,89.81,0.2897096774193548,1654.69,5.337709677419355,1335,0.01935483870967742,2590,1.31,43.9,Business
T00992,R0050,7.01,65.59,137.36,2024-06-14,0,0.032276086980722304,-0.2780849384311521,0,4,6,0,0,1,0,0,0,1,0,0,0,0,0,0,0,4.929858984068968,2.080690761080268,8.098765338000602,0.03723240115917978,-0.2780849384311521,0.10304210209427261,0.35628122010840685,0.2705108359133127,0.3255675029868579,0,19.594864479315266,0,Zone_2,Diya Das,49,Male,Ahmedabad,2022-10-06,330,41,3.42,0,3,10,1,High,60.099999999999994,0.1821212121212121,915.81,2.775181818181818,1424,0.12424242424242424,6371,0.91,58.4,Residential
T00993,R0280,7.1,40.01,158.37,2023-09-10,0,0.27800533913091496,-0.25785927175467716,0,6,9,0,0,1,0,0,0,0,1,0,0,0,0,0,0,5.071228542871542,2.0918640616783932,6.325345840347388,0.28675719672480376,-0.25785927175467716,-0.6080743072122584,0.4121054309703475,0.2739938080495356,0.19822779769016327,0,22.305633802816903,0,Zone_3,Saanvi Gupta,26,Other,Chennai,2023-05-31,172,23,4.43,0,2,5,2,Medium,50.769999999999996,0.29517441860465116,735.3,4.2749999999999995,1187,0.13372093023255813,12971,2.11,38.0,Business
T00994,R0161,5.91,44.63,125.74,2024-03-17,0,-0.10362938231890856,-0.5252875311436241,0,6,3,1,0,0,0,0,0,0,0,0,1,0,0,0,0,4.842137743895371,1.9329696377795786,6.680568838055634,-0.10077226921076582,-0.5252875311436241,-0.47963967816627817,0.32540652566691464,0.22794117647058826,0.22122660294703306,0,21.27580372250423,0,Zone_5,Aarav Nair,32,Other,Surat,2019-03-27,332,50,4.91,0,2,3,2,High,33.22,0.10006024096385542,567.56,1.7095180722891565,2713,0.15060240963855423,2590,1.31,43.9,Business
T00995,R0233,11.25,101.38,171.94,2023-01-19,0,0.43671766429408077,0.6747686916605588,0,3,1,0,1,0,0,0,0,0,0,0,1,0,0,0,0,5.152944713532285,2.505525936990736,10.0687635785135,0.4479209985251616,0.6747686916605588,1.0979934816517682,0.44816133489212456,0.43459752321981426,0.5037335722819594,0,15.283555555555555,0,Zone_5,Ishaan Iyer,30,Other,Hyderabad,2023-11-23,469,41,4.37,0,3,11,2,High,89.27,0.1903411513859275,1583.23,3.3757569296375265,1011,0.08742004264392324,2590,1.31,43.9,Business
T00996,R0035,8.69,84.88,106.87,2023-04-16,0,-0.32432957213681124,0.09946083952971436,0,6,4,1,0,0,0,0,0,0,1,0,0,0,0,0,0,4.680926798387338,2.2710944259026746,9.213034245024817,-0.32488140259121917,0.09946083952971436,0.6392983779161246,0.2752683600807737,0.3355263157894737,0.42159498207885304,0,12.298043728423476,0,Zone_3,Reyansh Das,39,Male,Kolkata,2022-03-20,392,41,3.49,0,6,3,1,High,28.979999999999997,0.07392857142857143,419.90999999999997,1.0711989795918366,1624,0.10459183673469388,12971,2.11,38.0,Business
T00997,R0041,15.87,109.81,289.04,2023-08-09,0,1.806298598458173,1.7130195810529416,0,2,8,0,0,1,0,0,0,0,0,0,0,0,1,0,0,5.670018844503392,2.825536896557877,10.47902667235846,1.8386565321155752,1.7130195810529416,1.3323449801057972,0.7592996067594856,0.6133900928792569,0.5456989247311829,0,18.2129804662886,0,Zone_7,Aarav Nair,25,Other,Pune,2020-04-11,353,8,4.74,0,5,4,2,High,42.14,0.11937677053824362,702.16,1.9891218130311614,2332,0.0226628895184136,11070,0.64,45.2,Industrial
T00998,R0084,14.35,101.77,192.38,2023-03-23,0,0.6757802970380093,1.371430543850253,0,3,3,0,0,0,1,0,0,0,0,0,1,0,0,0,0,5.264657165055401,2.731115474033206,10.088111815399351,0.6906762018265112,1.371430543850253,1.1088353659218835,0.5024710383675204,0.5545665634674922,0.5056750298685783,0,13.406271777003484,0,Zone_5,Kavya Sharma,38,Male,Jaipur,2019-07-21,366,6,4.67,0,6,7,1,High,74.9,0.20464480874316943,1435.8400000000001,3.923060109289618,2597,0.01639344262295082,2590,1.31,43.9,Business
T00999,R0277,10.77,99.49,249.99,2024-02-07,0,1.3495766900114796,0.5668984693860254,0,2,2,0,0,0,1,0,1,0,0,0,0,0,0,0,0,5.525413097700675,2.4655539212721855,9.974467404327912,1.3748800796244935,0.5668984693860254,1.0454520424965945,0.6555425656286534,0.4160216718266254,0.49432497013142174,0,23.211699164345404,0,Zone_10,Kavya Gupta,42,Female,Jaipur,2021-01-22,433,16,3.06,0,4,1,0,High,86.92999999999999,0.20076212471131638,1402.8,3.2397228637413393,2046,0.03695150115473441,2440,1.54,35.4,Industrial
T01000,R0253,2.8,24.44,37.65,2024-08-02,0,-1.1339144761747142,-1.2241966796307047,0,4,8,0,1,0,0,0,0,0,0,0,0,0,1,0,0,3.654546775033431,1.33500106673234,4.94368283772331,-1.1469711859825804,-1.2241966796307047,-1.0409156869191656,0.09134870868317568,0.10758513931888546,0.12071883711668659,0,13.446428571428571,0,Zone_7,Ishaan Gupta,26,Male,Surat,2021-08-19,173,24,3.16,0,3,8,1,Medium,49.82,0.28797687861271676,744.61,4.304104046242775,1837,0.13872832369942195,11070,0.64,45.2,Industrial
T01001,R0135,0.58,5.31,13.96,2024-06-30,0,-1.4109885353578682,-1.723096457650421,0,6,6,0,1,0,0,1,0,0,0,0,0,0,0,0,0,2.7053799725463312,0.4574248470388754,2.3043437243605824,-1.428324941667951,-1.723096457650421,-1.572724010219945,0.02840365607397173,0.021671826625386997,0.02548785344484269,0,24.06896551724138,0,Zone_1,Reyansh Patel,38,Female,Ahmedabad,2022-02-24,153,8,3.47,0,3,2,0,Low,66.6,0.4352941176470588,992.13,6.4845098039215685,1648,0.05228758169934641,4921,2.43,30.9,Residential
T01002,R0248,12.93,94.92,284.82,2024-06-13,0,1.7569422232047784,1.0523144696214253,0,3,6,1,0,0,0,0,0,0,0,0,0,1,0,0,0,5.6553622420536485,2.6340447877917144,9.74268956705488,1.788537796404631,1.0523144696214253,0.9184073986134498,0.7480869380380486,0.4996130030959752,0.4715750696933493,0,22.02784222737819,0,Zone_6,Vivaan Ghosh,18,Female,Chennai,2021-10-24,104,12,3.65,0,6,10,0,Low,57.72,0.5549999999999999,939.6600000000001,9.03519230769231,1771,0.11538461538461539,14627,0.54,37.6,Mixed
T01003,R0190,5.62,50.57,106.41,2023-09-03,0,-0.3297096509559017,-0.5904591237678214,0,6,9,1,0,0,0,0,0,0,0,0,1,0,0,0,0,4.676653287609955,1.890095369948917,7.11125867902441,-0.3303445823132653,-0.5904591237678214,-0.31450944082144655,0.27404612604952705,0.21671826625386997,0.25079649542015137,0,18.934163701067614,0,Zone_5,Saanvi Iyer,35,Other,Surat,2020-09-25,274,47,4.12,0,4,9,2,Medium,69.99,0.25543795620437953,1117.92,4.08,2165,0.17153284671532848,2590,1.31,43.9,Business
T01004,R0225,9.17,57.22,143.16,2023-07-07,0,0.10011186339533981,0.20733106180424776,0,4,7,0,0,0,1,0,0,0,0,0,0,0,1,0,0,4.9709237938600275,2.3194422100604686,7.564390259630977,0.10611597156758604,0.20733106180424776,-0.12964141416435393,0.3716919970241258,0.3541021671826626,0.28390083632019114,0,15.611777535441657,0,Zone_7,Ishaan Sharma,39,Female,Delhi,2020-06-15,465,9,4.08,0,0,6,0,High,48.33,0.10393548387096774,672.9200000000001,1.4471397849462366,2267,0.01935483870967742,11070,0.64,45.2,Industrial
T01005,R0025,4.85,31.44,62.93,2023-10-16,0,-0.8382440575951391,-0.763500938666552,0,0,10,0,1,0,0,0,0,0,0,0,0,0,0,1,0,4.157788734778635,1.766441661243765,5.607138307550475,-0.8467338308231812,-0.763500938666552,-0.8463177641222259,0.1585184397916888,0.18691950464396284,0.15556551174830743,0,12.975257731958763,0,Zone_8,Meera Das,21,Female,Mumbai,2021-10-22,42,3,4.01,0,4,10,0,Low,47.25,1.125,719.4300000000001,17.129285714285714,1773,0.07142857142857142,4516,1.93,31.0,Business
T01006,R0272,10.59,99.0,205.44,2023-05-26,0,0.8285277522060969,0.5264471360330755,0,4,5,1,0,0,0,0,0,0,0,0,1,0,0,0,0,5.330009813280526,2.4501426573516603,9.9498743710662,0.845783000021992,0.5264471360330755,1.0318301879008087,0.5371718567329152,0.40905572755417957,0.4918857029072083,0,19.39943342776204,0,Zone_5,Kavya Ghosh,21,Male,Kolkata,2020-01-15,432,4,4.79,0,2,1,1,High,40.29,0.09326388888888888,691.76,1.6012962962962962,2419,0.009259259259259259,2590,1.31,43.9,Business
T01007,R0016,12.79,67.67,192.63,2023-03-14,0,0.6787042529179498,1.0208523214580196,0,1,3,1,0,0,0,0,1,0,0,0,0,0,0,0,0,5.265949121515307,2.6239436918052106,8.226177727231525,0.6936453212406667,1.0208523214580196,0.16086548486822036,0.503135295993198,0.49419504643962847,0.3359219434488252,0,15.060985144644254,0,Zone_10,Aarav Iyer,28,Female,Delhi,2022-01-24,356,51,3.06,0,0,1,0,High,41.24,0.11584269662921348,687.6800000000001,1.9316853932584273,1679,0.14325842696629212,2440,1.54,35.4,Industrial
T01008,R0237,1.9500000000000002,18.2,24.05,2024-03-13,0,-1.292977676043473,-1.415216864908524,0,2,3,1,0,0,0,0,0,0,0,0,0,1,0,0,0,3.2208738275308737,1.0818051703517284,4.266145801540309,-1.308491282112637,-1.415216864908524,-1.214385835241009,0.055213093846317354,0.0746904024767802,0.08965551573078455,0,12.333333333333332,0,Zone_6,Aadhya Nair,40,Male,Chennai,2022-12-13,36,3,3.71,0,1,12,1,Low,97.37,2.7047222222222222,1759.7,48.88055555555556,1356,0.08333333333333333,14627,0.54,37.6,Mixed
T01009,R0148,3.93,34.86,59.65,2024-06-10,0,-0.8766063587399574,-0.9702521980260741,0,0,6,0,0,0,1,0,0,0,0,0,0,0,0,0,1,4.105119635390059,1.5953389880545987,5.904235767650205,-0.8856886775369007,-0.9702521980260741,-0.7512427789842926,0.14980337974279942,0.1513157894736842,0.1725906013540422,0,15.178117048346055,0,Zone_9,Aarav Kumar,44,Male,Ahmedabad,2019-09-30,412,34,3.36,0,0,9,1,High,23.19,0.056286407766990294,408.63,0.9918203883495146,2526,0.0825242718446602,11037,1.83,56.1,Mixed
T01010,R0130,0.32,2.7,6.4,2023-10-28,0,-1.4994089611672665,-1.7815261613824598,0,5,10,0,0,0,1,0,0,1,0,0,0,0,0,0,0,2.0014800002101243,0.2776317365982795,1.6431676725154984,-1.518111112752012,-1.7815261613824598,-1.6452812357199467,0.008316505473482836,0.011609907120743035,0.012495021903624054,0,20.0,0,Zone_2,Diya Ghosh,27,Female,Pune,2019-02-16,316,62,3.62,0,5,2,0,Medium,50.9,0.1610759493670886,896.33,2.836487341772152,2752,0.1962025316455696,6371,0.91,58.4,Residential
T01011,R0099,9.17,65.75,164.57,2024-02-28,0,0.3505194449534372,0.20733106180424776,0,2,2,0,0,1,0,0,0,0,0,0,0,1,0,0,0,5.10939406611952,2.3194422100604686,8.108637370113428,0.3603913581958588,0.20733106180424776,0.10749005461534543,0.4285790200871506,0.3541021671826626,0.3263639984070092,0,17.946564885496183,0,Zone_6,Diya Gupta,35,Other,Mumbai,2021-08-21,80,8,3.7,0,5,8,2,Low,69.37,0.867125,1282.66,16.033250000000002,1835,0.1,14627,0.54,37.6,Mixed
T01012,R0159,0.33,3.1,5.82,2024-06-16,0,-1.5061925388087285,-1.7792788650850737,0,6,6,1,0,0,0,0,0,0,0,1,0,0,0,0,0,1.9198594718553708,0.2851789422336624,1.760681686165901,-1.5249994697928526,-1.7792788650850737,-1.6341613544172644,0.006775427781910938,0.011996904024767803,0.01448626045400239,0,17.636363636363637,0,Zone_4,Ishaan Singh,43,Female,Bengaluru,2020-05-21,79,2,4.9,0,3,5,0,Low,23.97,0.3034177215189873,424.89,5.378354430379747,2292,0.02531645569620253,4038,2.46,48.2,Business
T01013,R0117,6.17,36.26,146.37,2023-06-05,0,0.13765545689377487,-0.4668578274115854,0,0,6,0,0,1,0,1,0,0,0,0,0,0,0,0,0,4.992946431225172,1.969905654611529,6.021627686929839,0.1442394648453421,-0.4668578274115854,-0.7123231944249047,0.3802210649378255,0.2380030959752322,0.17955993628036637,0,23.722852512155594,0,Zone_1,Aadhya Gupta,21,Female,Ahmedabad,2021-06-12,369,37,3.16,0,5,6,0,High,29.189999999999998,0.07910569105691057,491.48,1.3319241192411924,1905,0.1002710027100271,4921,2.43,30.9,Residential
T01014,R0028,10.6,101.63,157.5,2024-07-19,0,0.26782997266872227,0.5286944323304615,0,4,7,0,0,1,0,0,0,0,0,0,0,0,0,0,1,5.065754593317335,2.451005098112319,10.081170566953025,0.27642466116354275,0.5286944323304615,1.1049434074659445,0.4097938144329897,0.40944272445820434,0.5049780963759458,0,14.858490566037736,0,Zone_9,Reyansh Sharma,20,Female,Surat,2023-11-11,249,21,3.79,0,5,11,0,Medium,84.88,0.34088353413654615,1499.51,6.022128514056225,1023,0.08433734939759036,11037,1.83,56.1,Mixed
T01015,R0177,18.29,123.71,371.47,2023-05-17,0,2.7703853311921276,2.25686528502038,0,2,5,0,0,0,1,0,0,0,0,0,0,0,0,0,1,5.920156497663592,2.9595868269176377,11.122499719037982,2.817634585350911,2.25686528502038,1.7187608553740057,0.9783186310978851,0.7070433436532508,0.6148944643568299,0,20.310005467468564,0,Zone_9,Ishaan Reddy,34,Other,Bengaluru,2023-02-15,489,63,4.48,0,2,2,2,High,115.74,0.23668711656441715,1866.76,3.8175051124744375,1292,0.12883435582822086,11037,1.83,56.1,Mixed
T01016,R0036,9.84,78.98,216.27,2023-08-13,0,0.9551935209251159,0.35789991372911717,0,6,8,1,0,0,0,0,0,0,0,0,0,1,0,0,0,5.3811408197471495,2.3832429960115,8.887069258197553,0.9744052530432064,0.35789991372911717,0.4752801287015615,0.5659474970772664,0.380030959752322,0.39222421346077263,0,21.978658536585368,0,Zone_6,Aadhya Das,30,Female,Surat,2022-03-16,177,15,4.9,0,2,3,0,Medium,65.17,0.36819209039548023,1041.52,5.884293785310734,1628,0.0847457627118644,14627,0.54,37.6,Mixed
T01017,R0250,14.26,132.02,247.26,2023-02-12,0,1.31764709180253,1.351204877173778,0,6,2,0,0,1,0,0,1,0,0,0,0,0,0,0,0,5.514476584087801,2.725235025856311,11.489995648389081,1.3424572956219158,1.351204877173778,1.9497763894372304,0.6482888723562547,0.5510835913312694,0.6562624452409399,0,17.339410939691444,0,Zone_10,Aadhya Iyer,34,Female,Jaipur,2021-02-01,163,31,4.63,0,0,2,0,Low,75.32,0.46208588957055213,1127.31,6.91601226993865,2036,0.1901840490797546,2440,1.54,35.4,Industrial
T01018,R0226,9.3,50.64,147.85,2023-09-06,0,0.15496527570302204,0.23654591367026737,0,2,9,0,1,0,0,0,0,0,0,1,0,0,0,0,0,5.002939087461785,2.33214389523559,7.116178749862878,0.16181665177714227,0.23654591367026737,-0.31256346159347714,0.38415347008183653,0.35913312693498456,0.25114496216646753,0,15.89784946236559,0,Zone_4,Aarav Iyer,20,Other,Surat,2021-07-30,266,2,3.25,0,4,7,2,Medium,53.21,0.2000375939849624,906.6800000000001,3.408571428571429,1857,0.007518796992481203,4038,2.46,48.2,Business
T01019,R0102,9.55,48.82,120.65,2024-01-07,0,-0.16316112403449534,0.29272832110492014,0,6,1,0,0,0,1,0,0,0,0,1,0,0,0,0,0,4.801148069229532,2.3561258599220753,6.987131027825369,-0.16122354048297066,0.29272832110492014,-0.36315892152068147,0.3118822404081199,0.36880804953560375,0.2420848267622461,0,12.633507853403142,0,Zone_4,Aarav Nair,18,Female,Chennai,2023-05-13,123,22,4.1,0,5,5,0,Low,35.83,0.29130081300813004,483.3,3.9292682926829268,1205,0.17886178861788618,4038,2.46,48.2,Business
T01020,R0107,6.95,60.81,146.22,2023-01-29,0,0.13590108336581055,-0.2915687162154687,0,6,1,1,0,0,0,0,0,0,0,0,0,0,0,1,0,4.991928066630559,2.0731719286662407,7.798076685952761,0.1424579931968488,-0.2915687162154687,-0.029840479472780502,0.37982251036241893,0.26818885448916413,0.30177220230983676,0,21.03884892086331,0,Zone_8,Reyansh Gupta,33,Male,Hyderabad,2020-01-11,179,14,3.66,0,5,1,1,Medium,32.57,0.18195530726256984,627.9300000000001,3.5079888268156427,2423,0.0782122905027933,4516,1.93,31.0,Business
T01021,R0011,6.08,47.67,122.18,2023-11-10,0,-0.14526651404925997,-0.48708349408806034,0,4,11,0,0,1,0,0,0,0,0,0,0,1,0,0,0,4.813646700258897,1.9572739077056285,6.904346457123947,-0.1430525296683393,-0.48708349408806034,-0.395128580265893,0.31594749707726644,0.2345201238390093,0.2363600159299084,0,20.095394736842106,0,Zone_6,Vivaan Nair,26,Male,Chennai,2020-04-14,208,34,4.0,0,1,4,1,Medium,88.96000000000001,0.4276923076923077,1633.78,7.8547115384615385,2329,0.16346153846153846,14627,0.54,37.6,Mixed
T01022,R0278,13.87,87.85,244.45,2023-12-09,0,1.2847818277119996,1.2635603215757194,0,5,12,0,0,0,1,0,0,0,0,0,0,0,1,0,0,5.503093260504062,2.6993457604720636,9.372833082905082,1.3090843934068086,1.2635603215757194,0.7218634965885404,0.640822616643639,0.5359907120743034,0.43637992831541217,0,17.624369142033164,0,Zone_7,Aarav Reddy,20,Female,Mumbai,2021-09-02,382,58,4.27,0,3,9,0,High,97.55,0.25536649214659685,2111.36,5.527120418848168,1823,0.1518324607329843,11070,0.64,45.2,Industrial
T01023,R0241,9.87,70.99,244.47,2024-01-17,1,1.285015744182395,0.3646418026212753,0,2,1,1,0,0,0,0,1,0,0,0,0,0,0,0,0,5.503174740174929,2.386006701133118,8.425556361451747,1.309321922959941,0.3646418026212753,0.253160499680483,0.6408757572536933,0.38119195046439625,0.35244922341696533,0,24.768996960486323,1,Zone_10,Kavya Gupta,34,Female,Chennai,2020-01-13,165,3,3.28,0,0,1,0,Medium,45.72,0.2770909090909091,762.15,4.619090909090909,2421,0.01818181818181818,2440,1.54,35.4,Industrial
T01024,R0095,9.68,66.56,148.52,2023-06-27,0,0.16280147746126253,0.32194317297093933,0,1,6,0,1,0,0,0,0,0,0,0,0,0,0,1,0,5.0074301631473075,2.3683728335320486,8.158431221748456,0.16977389180707908,0.32194317297093933,0.13000781425327707,0.3859336805186524,0.3738390092879257,0.3303962564715253,0,15.342975206611571,0,Zone_8,Kavya Iyer,29,Female,Chennai,2020-10-07,481,77,4.26,0,2,10,0,High,114.75,0.23856548856548856,1879.6100000000001,3.907713097713098,2153,0.1600831600831601,4516,1.93,31.0,Business
T01025,R0126,4.96,28.48,55.26,2024-06-14,0,-0.9279510239917114,-0.7387806793953047,0,4,6,0,1,0,0,0,0,0,0,1,0,0,0,0,0,4.029983803061711,1.7850704810772584,5.336665625650533,-0.9378264144494707,-0.7387806793953047,-0.9286048857620748,0.13813901583590177,0.1911764705882353,0.14083034647550777,0,11.141129032258064,0,Zone_4,Diya Reddy,29,Female,Surat,2022-09-25,411,20,3.65,0,6,9,0,High,35.7,0.08686131386861315,414.91999999999996,1.009537712895377,1435,0.04866180048661801,4038,2.46,48.2,Business
T01026,R0252,6.27,38.05,65.09,2023-01-01,0,-0.812981078792454,-0.44438486443772435,0,6,1,0,0,1,0,0,0,1,0,0,0,0,0,0,0,4.191017449482361,1.9837562915454279,6.168468205316454,-0.8210806390848782,-0.44438486443772435,-0.6625617255954016,0.1642576256775428,0.24187306501547987,0.18847072879330942,0,10.381180223285488,0,Zone_2,Reyansh Gupta,38,Other,Ahmedabad,2020-09-23,392,47,4.83,0,2,9,2,High,100.41,0.25614795918367345,1682.05,4.290943877551021,2167,0.11989795918367346,6371,0.91,58.4,Residential
T01027,R0240,18.34,150.69,262.04,2023-05-26,0,1.4905113634246079,2.268101766507311,0,4,5,1,0,0,0,0,0,0,0,0,0,0,0,1,0,5.572306111867815,2.9621754900251482,12.275585525749882,1.5179916353867864,2.268101766507311,2.468796849239925,0.6875597831863111,0.7089783281733747,0.7492035045798486,0,14.287895310796076,0,Zone_8,Aarav Iyer,30,Male,Delhi,2020-05-18,174,2,4.07,0,0,5,1,Medium,92.12,0.5294252873563219,1221.47,7.0199425287356325,2295,0.011494252873563218,4516,1.93,31.0,Business
T01028,R0190,7.66,46.22,85.51,2023-12-30,0,-0.5741523625189205,-0.13201067910105485,0,5,12,0,1,0,0,0,0,0,0,0,1,0,0,0,0,4.460260014192283,2.1587147225743437,6.798529252713413,-0.5785629653366609,-0.13201067910105485,-0.43543814998811625,0.21851418854288449,0.29566563467492263,0.22914177618478693,0,11.163185378590079,0,Zone_5,Saanvi Iyer,35,Other,Surat,2020-09-25,274,47,4.12,0,4,9,2,Medium,69.99,0.25543795620437953,1117.92,4.08,2165,0.17153284671532848,2590,1.31,43.9,Business
T01029,R0234,14.63,86.74,293.26,2024-05-19,0,1.8556549737115668,1.4343548401770643,0,6,5,0,0,0,1,0,0,1,0,0,0,0,0,0,0,5.684463730269801,2.749192144433385,9.313431161500041,1.8887752678265188,1.4343548401770643,0.6910058259735972,0.7705122754809225,0.5654024767801858,0.4308542413381123,0,20.045112781954884,0,Zone_2,Saanvi Nair,32,Other,Pune,2022-12-01,183,31,3.98,0,3,12,2,Medium,63.46,0.34677595628415303,1138.75,6.222677595628415,1368,0.16939890710382513,6371,0.91,58.4,Residential
T01030,R0099,5.4,40.85,103.87,2023-09-08,0,-0.35941704269609626,-0.6398996423103158,0,4,9,1,0,0,0,0,0,1,0,0,0,0,0,0,0,4.652721487846314,1.8562979903656263,6.391400472509918,-0.3605108355610846,-0.6398996423103158,-0.5847225564766256,0.26729726857264324,0.2082043343653251,0.20240939864595778,0,19.235185185185184,0,Zone_2,Diya Gupta,35,Other,Mumbai,2021-08-21,80,8,3.7,0,5,8,2,Low,69.37,0.867125,1282.66,16.033250000000002,1835,0.1,6371,0.91,58.4,Residential
T01031,R0068,12.01,105.43,140.67,2023-12-15,0,0.07098926283113313,0.8455632102619031,0,4,12,0,1,0,0,1,0,0,0,0,0,0,0,0,0,4.95350040939126,2.565718292524414,10.267911179982033,0.07654354220259764,0.8455632102619031,1.2105822798414265,0.3650759910723775,0.4640092879256966,0.5238948626045401,0,11.712739383846793,0,Zone_1,Meera Singh,30,Female,Ahmedabad,2022-08-31,456,70,4.97,0,2,8,0,High,71.8,0.15745614035087718,1100.63,2.4136622807017547,1460,0.15350877192982457,4921,2.43,30.9,Residential
T01032,R0221,9.45,94.3,88.52,2023-12-04,0,-0.538947933724438,0.2702553581310587,0,0,12,1,0,0,0,0,0,0,0,0,0,0,1,0,0,4.494462064003669,2.34660197841082,9.710818709048171,-0.5428147675902294,0.2702553581310587,0.9011715825942921,0.22651185035604207,0.36493808049535603,0.46848864994026285,0,9.367195767195767,0,Zone_7,Diya Patel,21,Female,Delhi,2021-01-13,106,1,4.41,0,2,1,0,Low,58.73,0.5540566037735849,913.29,8.615943396226415,2055,0.009433962264150943,11070,0.64,45.2,Industrial
T01033,R0236,5.98,46.66,49.41,2023-07-04,0,-0.996371591582317,-0.5095564570619213,0,1,7,0,1,0,0,0,0,1,0,0,0,0,0,0,0,3.9201895680945396,1.9430489167742813,6.830812543175226,-1.0073038087407082,-0.5095564570619213,-0.42320628055516585,0.12259538739504729,0.23065015479876164,0.23133213859020307,0,8.262541806020065,0,Zone_2,Arjun Gupta,28,Male,Ahmedabad,2020-08-10,61,1,3.36,0,0,8,1,Low,50.01,0.8198360655737704,768.54,12.599016393442623,2211,0.01639344262295082,6371,0.91,58.4,Residential
T01034,R0123,11.24,61.04,117.46,2023-04-19,0,-0.20047080106253523,0.6725213953631727,0,2,4,0,0,0,1,0,1,0,0,0,0,0,0,0,0,4.774575350848819,2.50470927708418,7.812809993849844,-0.19910950420759438,0.6725213953631727,-0.023446547723738286,0.3034063131044744,0.4342105263157895,0.3029171644763043,0,10.45017793594306,0,Zone_10,Meera Ghosh,32,Male,Bengaluru,2023-06-24,156,26,3.31,0,5,6,1,Low,37.7,0.2416666666666667,715.18,4.584487179487179,1163,0.16666666666666666,2440,1.54,35.4,Industrial
T01035,R0205,0.28,1.92,4.33,2024-05-08,0,-1.523619315853173,-1.7905153465720043,0,2,5,0,1,0,0,0,0,0,0,0,1,0,0,0,0,1.673351238177753,0.2468600779315258,1.3856406460551018,-1.542695421501219,-1.7905153465720043,-1.6669650042601771,0.002816452332872782,0.010061919504643965,0.0086121067303863,0,15.464285714285714,0,Zone_5,Diya Singh,31,Other,Surat,2019-05-12,100,14,4.66,0,6,5,2,Low,25.549999999999997,0.25549999999999995,265.9,2.659,2667,0.14,2590,1.31,43.9,Business
T01036,R0037,10.87,87.78,215.53,2024-07-28,0,0.9465386115204921,0.5893714323598864,0,6,7,0,1,0,0,0,0,0,1,0,0,0,0,0,0,5.3777291059721986,2.4740142086215764,9.369098142297368,0.9656166595773061,0.5893714323598864,0.7199175173605713,0.5639812945052609,0.41989164086687303,0.436031461569096,0,19.82796688132475,0,Zone_3,Aadhya Iyer,32,Other,Ahmedabad,2020-11-21,489,6,3.36,0,5,11,2,High,78.09,0.15969325153374234,1314.66,2.6884662576687117,2108,0.012269938650306749,12971,2.11,38.0,Business
T01037,R0106,11.93,98.95,168.44,2023-06-18,0,0.39578228197491494,0.8275848398828142,0,6,6,1,0,0,0,0,0,0,0,0,0,1,0,0,0,5.132498881853096,2.559550192783766,9.947361459201128,0.40635332672698526,0.8275848398828142,1.0304402027379735,0.43886172813263896,0.46091331269349844,0.49163679808841104,0,14.119027661357922,0,Zone_6,Aarav Patel,32,Other,Bengaluru,2021-11-25,6,1,4.03,0,3,11,2,Low,39.67,6.611666666666667,438.62,73.10333333333334,1739,0.16666666666666666,14627,0.54,37.6,Mixed
T01038,R0017,9.37,71.95,204.58,2024-06-20,0,0.818469343979102,0.25227698775196983,0,3,6,0,1,0,0,0,0,0,0,0,0,0,0,1,0,5.325835252584776,2.3389170222414357,8.482334584299302,0.8355692292372975,0.25227698775196983,0.2798482148069206,0.5348868105005846,0.36184210526315785,0.35722819593787336,0,21.833511205976524,0,Zone_8,Meera Das,49,Female,Mumbai,2023-03-18,288,21,3.83,0,5,3,0,Medium,55.980000000000004,0.19437500000000002,812.31,2.820520833333333,1261,0.07291666666666667,4516,1.93,31.0,Business
T01039,R0177,14.55,118.05,125.89,2024-08-14,0,-0.10187500879094424,1.4163764697979753,0,2,8,1,0,0,0,0,0,0,1,0,0,0,0,0,0,4.8433205694088235,2.744060638625243,10.865081684000355,-0.09899079756227248,1.4163764697979753,1.5614145349410518,0.3258050802423212,0.5623065015479877,0.5867184388689765,0,8.652233676975944,0,Zone_3,Ishaan Reddy,34,Other,Bengaluru,2023-02-15,489,63,4.48,0,2,2,2,High,115.74,0.23668711656441715,1866.76,3.8175051124744375,1292,0.12883435582822086,12971,2.11,38.0,Business
T01040,R0028,7.66,55.38,77.21,2023-03-04,0,-0.6712276977329426,-0.13201067910105485,0,5,3,1,0,0,0,0,0,0,0,0,0,1,0,0,0,4.35939751661352,2.1587147225743437,7.441773982055623,-0.677137729886622,-0.13201067910105485,-0.18079286815669227,0.19646083537039002,0.29566563467492263,0.2747411389884508,0,10.079634464751956,0,Zone_6,Reyansh Sharma,20,Female,Surat,2023-11-11,249,21,3.79,0,5,11,0,Medium,84.88,0.34088353413654615,1499.51,6.022128514056225,1023,0.08433734939759036,14627,0.54,37.6,Mixed
T01041,R0269,7.25,68.25,172.44,2024-02-02,0,0.44256557605396163,-0.2241498272938854,0,4,2,0,0,1,0,1,0,0,0,0,0,0,0,0,0,5.155831718251282,2.1102132003465894,8.261355820929152,0.4538592373534725,-0.2241498272938854,0.17698931275710958,0.44948985014347964,0.27979876160990713,0.3388092393468738,0,23.784827586206895,0,Zone_1,Aadhya Sharma,41,Male,Mumbai,2019-05-19,423,16,3.41,0,6,5,1,High,63.06,0.14907801418439717,1458.77,3.4486288416075648,2660,0.037825059101654845,4921,2.43,30.9,Residential
T01042,R0090,9.78,49.56,160.2,2024-08-19,0,0.29940869617207866,0.34441613594480036,0,0,8,0,0,0,1,0,0,0,0,0,0,0,1,0,0,5.0826458300725275,2.377692565480851,7.0398863627192165,0.3084911508364215,0.34441613594480036,-0.34258714111071925,0.4169677967903071,0.37770897832817335,0.24576861808044603,0,16.380368098159508,0,Zone_7,Kavya Iyer,33,Female,Mumbai,2021-01-31,152,25,4.51,0,6,1,0,Low,108.13000000000001,0.7113815789473685,1919.8799999999999,12.63078947368421,2037,0.16447368421052633,11070,0.64,45.2,Industrial
T01043,R0026,12.34,119.46,164.63,2024-07-02,0,0.3512211943646229,0.9197239880756447,0,1,7,0,1,0,0,0,1,0,0,0,0,0,0,0,0,5.109756384964063,2.590767040487478,10.929775843996069,0.36110394685525615,0.9197239880756447,1.6006121165330065,0.4287384419173132,0.47678018575851394,0.5937375547590601,0,13.341166936790923,0,Zone_10,Aarav Kumar,26,Female,Surat,2020-04-17,44,5,3.17,0,4,4,0,Low,79.29,1.8020454545454547,973.19,22.11795454545455,2326,0.11363636363636363,2440,1.54,35.4,Industrial
T01044,R0077,10.85,89.48,102.05,2023-08-16,0,-0.3807034415020626,0.5848768397651143,0,2,8,0,0,0,1,0,0,0,0,0,0,0,0,0,1,4.635214307336468,2.47232786758114,9.459386872308373,-0.38212602489613634,0.5848768397651143,0.7671770128969709,0.26246147305771067,0.41911764705882354,0.44449422540820394,0,9.405529953917052,0,Zone_9,Reyansh Das,28,Male,Mumbai,2019-09-07,406,72,3.79,0,5,9,1,High,146.85999999999999,0.3617241379310345,2343.82,5.7729556650246305,2549,0.17733990147783252,11037,1.83,56.1,Mixed
T01045,R0124,6.87,43.58,89.69,2023-01-12,0,-0.5252638202063169,-0.3095470865945576,0,3,1,0,1,0,0,0,1,0,0,0,0,0,0,0,0,4.507447097459476,2.063058062429312,6.601514977639602,-0.5289192887319818,-0.3095470865945576,-0.5088293665858192,0.22962057604421296,0.26509287925696595,0.2159996017522899,0,13.055312954876273,0,Zone_10,Aadhya Das,37,Other,Hyderabad,2022-06-09,419,25,3.59,0,3,6,2,High,42.58,0.10162291169451074,643.35,1.5354415274463007,1543,0.059665871121718374,2440,1.54,35.4,Industrial
T01046,R0121,3.02,18.46,29.53,2023-12-02,0,-1.228884563155179,-1.1747561610882102,0,5,12,0,0,0,1,0,0,0,0,0,0,0,0,0,1,3.4187098067467865,1.3912819026309295,4.296510211788167,-1.2434081845543496,-1.1747561610882102,-1.2071579123942655,0.0697736210011691,0.11609907120743035,0.09094982078853048,0,9.77814569536424,0,Zone_9,Diya Iyer,29,Male,Pune,2023-07-13,378,10,4.17,0,3,7,1,High,87.96,0.23269841269841268,1464.3799999999999,3.8740211640211637,1144,0.026455026455026454,11037,1.83,56.1,Mixed
T01047,R0117,11.32,97.67,102.93,2023-09-22,0,-0.3704111168046722,0.6904997657422616,0,4,9,0,0,0,1,0,0,0,0,0,0,1,0,0,0,4.6437175956003305,2.511223958105374,9.882813364624468,-0.371674724558309,0.6904997657422616,0.9948565825693904,0.2647996599000957,0.43730650154798767,0.48526483472720033,0,9.092756183745584,0,Zone_6,Aadhya Gupta,21,Female,Ahmedabad,2021-06-12,369,37,3.16,0,5,6,0,High,29.189999999999998,0.07910569105691057,491.48,1.3319241192411924,1905,0.1002710027100271,14627,0.54,37.6,Mixed
T01048,R0231,4.05,39.82,44.61,2023-02-07,0,-1.052511544477173,-0.9432846424574408,0,1,2,0,1,0,0,0,0,0,0,0,0,0,1,0,0,3.820126990723609,1.6193882432872684,6.3103090257134005,-1.0643109014924927,-0.9432846424574408,-0.6133562508310325,0.10984164098203847,0.15595975232198142,0.19728195937873355,0,11.014814814814816,0,Zone_7,Ishaan Nair,19,Other,Mumbai,2019-08-26,328,22,4.81,0,0,8,2,High,59.290000000000006,0.18076219512195124,731.53,2.230274390243902,2561,0.06707317073170732,11070,0.64,45.2,Industrial
T01049,R0270,3.91,35.35,85.13,2023-11-25,0,-0.5785967754564301,-0.9747467906208462,0,5,11,0,1,0,0,0,0,0,0,0,0,0,0,0,1,4.455857782801083,1.5912739418064292,5.9455865984779,-0.5830760268461773,-0.9747467906208462,-0.7376209243885068,0.21750451695185458,0.1505417956656347,0.17502986857825567,0,21.772378516624038,0,Zone_9,Aadhya Reddy,35,Male,Hyderabad,2022-01-02,455,64,3.08,0,6,1,1,High,59.04,0.12975824175824174,1101.53,2.420945054945055,1701,0.14065934065934066,11037,1.83,56.1,Mixed
T01050,R0032,4.73,30.01,69.7,2023-07-22,0,-0.7590633323663526,-0.7904684942351852,0,5,7,0,0,1,0,0,0,0,0,1,0,0,0,0,0,4.258445572902527,1.7457155307266483,5.478138369920935,-0.7663300770878516,-0.7904684942351852,-0.8860713397793151,0.17650653629503665,0.18227554179566566,0.1484468339307049,0,14.735729386892176,0,Zone_4,Kavya Reddy,18,Female,Mumbai,2023-09-20,213,24,4.0,0,2,9,0,Medium,66.19,0.3107511737089202,1378.79,6.473192488262911,1075,0.11267605633802817,4038,2.46,48.2,Business
T01051,R0135,8.29,58.13,153.56,2023-01-18,0,0.22174842800086128,0.009568987634269872,0,2,1,0,0,1,0,0,0,0,0,0,0,0,0,1,0,5.040582370464208,2.2289385528257473,7.624303246854758,0.22963133919645287,0.009568987634269872,-0.10434368420075167,0.3993251142523116,0.32004643962848295,0.2884309040223019,0,18.52352231604343,0,Zone_8,Reyansh Patel,38,Female,Ahmedabad,2022-02-24,153,8,3.47,0,3,2,0,Low,66.6,0.4352941176470588,992.13,6.4845098039215685,1648,0.05228758169934641,4516,1.93,31.0,Business
T01052,R0246,4.02,33.06,87.4,2023-12-24,0,-0.552047256066571,-0.9500265313495991,0,6,12,0,0,1,0,0,1,0,0,0,0,0,0,0,0,4.481871969643598,1.6134299337036377,5.749782604586021,-0.5561164225656456,-0.9500265313495991,-0.8012822448463627,0.2235359761930067,0.1547987616099071,0.1636300278773397,0,21.74129353233831,0,Zone_10,Vivaan Das,29,Other,Mumbai,2021-03-31,240,34,4.79,0,2,3,2,Medium,83.74,0.34891666666666665,1550.55,6.460624999999999,1978,0.14166666666666666,2440,1.54,35.4,Industrial
T01053,R0105,2.32,17.07,20.14,2024-07-07,0,-1.3387083460057412,-1.3320669019052378,0,6,7,0,0,0,1,0,0,0,0,0,1,0,0,0,0,3.051166980442092,1.199964782928397,4.13158565202272,-1.3549283097500284,-1.3320669019052378,-1.2457994999210864,0.04482410458072059,0.0890092879256966,0.08403026682596576,0,8.681034482758621,0,Zone_5,Diya Das,31,Female,Jaipur,2020-09-28,346,9,3.69,0,0,9,0,High,95.2,0.27514450867052026,1301.12,3.7604624277456646,2162,0.02601156069364162,2590,1.31,43.9,Business
T01054,R0231,4.71,42.7,98.65,2023-07-04,0,-0.4204692414692522,-0.7949630868299574,0,1,7,0,0,0,1,0,0,0,0,0,0,0,1,0,0,4.6016640466588035,1.742219023667919,6.534523701081817,-0.4225060489286504,-0.7949630868299574,-0.53329310545172,0.25342756934849614,0.1815015479876161,0.2116188769414576,0,20.944798301486202,0,Zone_7,Ishaan Nair,19,Other,Mumbai,2019-08-26,328,22,4.81,0,0,8,2,High,59.290000000000006,0.18076219512195124,731.53,2.230274390243902,2561,0.06707317073170732,11070,0.64,45.2,Industrial
T01055,R0119,7.08,35.42,88.14,2023-08-10,0,-0.5433923466619474,-0.2623538643494493,0,3,8,1,0,0,0,0,0,0,0,0,0,1,0,0,0,4.49020816751841,2.089391872533004,5.951470406546604,-0.5473278290997456,-0.2623538643494493,-0.7356749451605373,0.22550217876501222,0.27321981424148606,0.1753783353245719,0,12.44915254237288,0,Zone_6,Saanvi Iyer,47,Male,Hyderabad,2023-05-05,30,1,4.39,0,4,5,1,Low,29.23,0.9743333333333334,405.5,13.516666666666667,1213,0.03333333333333333,14627,0.54,37.6,Mixed
T01056,R0266,10.27,74.55,168.21,2024-02-26,0,0.39309224256536984,0.45453365451671984,0,0,2,0,0,0,1,0,0,0,0,0,0,0,1,0,0,5.131140547080535,2.422144328051685,8.634234187233979,0.40362173686596237,0.45453365451671984,0.3521274432743552,0.43825061111701563,0.396671826625387,0.37017124651533256,0,16.37877312560857,0,Zone_7,Diya Reddy,29,Other,Chennai,2020-09-25,98,13,3.9,0,4,9,2,Low,72.97,0.7445918367346939,1247.45,12.729081632653061,2165,0.1326530612244898,11070,0.64,45.2,Industrial
T01057,R0282,8.34,61.91,144.33,2024-02-09,0,0.11379597691346116,0.020805469121200584,0,4,2,0,0,1,0,0,0,0,1,0,0,0,0,0,0,4.979007018638079,2.234306252240751,7.868290792796107,0.12001145042583374,0.020805469121200584,0.0007391941095955723,0.37480072271229675,0.3219814241486068,0.3072481083233771,0,17.305755395683455,0,Zone_3,Reyansh Kumar,22,Other,Bengaluru,2022-05-02,319,3,4.47,0,0,5,2,Medium,92.87,0.29112852664576805,1399.75,4.387931034482759,1581,0.009404388714733543,12971,2.11,38.0,Business
T01058,R0192,2.6,15.42,31.62,2023-06-09,0,-1.204440291998877,-1.269142605578427,0,4,6,0,0,1,0,0,0,1,0,0,0,0,0,0,0,3.484925597192868,1.2809338454620642,3.9268307832143723,-1.21858634625201,-1.269142605578427,-1.2916690102946506,0.07532681475183335,0.09984520123839011,0.07581640780565511,0,12.161538461538461,0,Zone_2,Aadhya Nair,31,Male,Delhi,2021-08-23,449,31,3.89,0,0,8,1,High,17.48,0.03893095768374165,230.20000000000002,0.512694877505568,1833,0.06904231625835189,6371,0.91,58.4,Residential
T01059,R0164,9.14,84.79,160.24,2024-06-12,0,0.29987652911286933,0.20058917291208958,0,2,6,1,0,0,0,0,0,0,0,0,0,0,0,1,0,5.082893938248965,2.316487998163037,9.208148565265441,0.3089662099426866,0.20058917291208958,0.6367964046230215,0.41707407801041557,0.35294117647058826,0.42114695340501795,0,17.531728665207876,0,Zone_8,Aadhya Ghosh,37,Other,Ahmedabad,2022-07-06,249,23,4.02,0,2,7,2,Medium,100.28,0.40273092369477914,1758.49,7.062208835341366,1516,0.09236947791164658,4516,1.93,31.0,Business
T01060,R0285,9.61,90.21,92.12,2023-12-07,0,-0.4968429690532959,0.3062120988892365,0,3,12,1,0,0,0,0,0,0,0,0,1,0,0,0,0,4.533888983983128,2.3617969526258915,9.497894503520241,-0.5000594480263908,0.3062120988892365,0.7874707962743658,0.23607716016579872,0.37113003095975233,0.4481282357626443,0,9.585848074921957,0,Zone_5,Diya Iyer,29,Female,Chennai,2019-01-10,244,16,4.97,0,3,1,0,Medium,62.89,0.25774590163934424,1105.3799999999999,4.5302459016393435,2789,0.06557377049180328,2590,1.31,43.9,Business
T01061,R0172,5.73,48.94,113.7,2023-07-10,0,-0.24444709749683902,-0.5657388644965741,0,0,7,0,1,0,0,0,0,0,0,0,0,0,0,0,1,4.742320024135325,1.9065751436566365,6.99571297295708,-0.24376506019649224,-0.5657388644965741,-0.3598229571298769,0.2934158784142842,0.22097523219814244,0.2426821983273596,0,19.842931937172775,0,Zone_9,Reyansh Reddy,31,Other,Pune,2019-12-24,168,14,3.72,0,1,12,2,Medium,84.85,0.5050595238095238,1488.61,8.86077380952381,2441,0.08333333333333333,11037,1.83,56.1,Mixed
T01062,R0127,4.02,20.5,99.65,2023-02-03,1,-0.4087734179494905,-0.9500265313495991,0,4,2,0,0,0,1,0,0,0,0,1,0,0,0,0,0,4.611649152085801,1.6134299337036377,4.527692569068709,-0.4106295712720286,-0.9500265313495991,-1.150446517750586,0.2560845998512063,0.1547987616099071,0.10110513739545998,0,24.788557213930353,1,Zone_4,Vivaan Kumar,38,Male,Chennai,2020-03-17,43,2,4.83,0,1,3,1,Low,70.81,1.6467441860465117,1400.47,32.56906976744186,2357,0.046511627906976744,4038,2.46,48.2,Business
T01063,R0226,4.02,31.06,46.8,2024-08-09,0,-1.026897690968895,-0.9500265313495991,0,4,8,1,0,0,0,0,0,0,0,0,1,0,0,0,0,3.86702563949741,1.6134299337036377,5.573149917237109,-1.038301415424491,-0.9500265313495991,-0.8568816513597741,0.11566053778297375,0.1547987616099071,0.15367383512544802,0,11.64179104477612,0,Zone_5,Aarav Iyer,20,Other,Surat,2021-07-30,266,2,3.25,0,4,7,2,Medium,53.21,0.2000375939849624,906.6800000000001,3.408571428571429,1857,0.007518796992481203,2590,1.31,43.9,Business
T01064,R0183,5.34,26.75,85.55,2023-01-17,0,-0.5736845295781302,-0.6533834200946326,0,1,1,0,0,1,0,0,0,1,0,0,0,0,0,0,0,4.4607222816222185,1.8468787684491346,5.172040216394301,-0.5780879062303961,-0.6533834200946326,-0.9766983723961755,0.21862046976299288,0.20588235294117646,0.13221823974512145,0,16.02059925093633,0,Zone_2,Arjun Patel,43,Other,Jaipur,2022-08-27,406,66,3.79,0,5,8,2,High,57.78,0.14231527093596058,851.14,2.0964039408866997,1464,0.1625615763546798,6371,0.91,58.4,Residential
T01065,R0092,19.07,184.53,374.64,2024-01-18,0,2.8074610917497718,2.432154396216497,0,3,1,0,0,0,1,0,0,0,0,1,0,0,0,0,0,5.928631237936413,2.9992261628082466,13.584181977579659,2.855283019522401,2.432154396216497,3.4095388074468445,0.9867414177914762,0.7372291021671827,0.9176622859418558,0,19.64551651809124,0,Zone_4,Aarav Nair,21,Male,Surat,2019-07-18,252,23,4.51,0,3,7,1,Medium,57.190000000000005,0.22694444444444448,860.6700000000001,3.415357142857143,2600,0.09126984126984126,4038,2.46,48.2,Business
T01066,R0250,3.55,18.67,62.38,2024-03-02,0,-0.8446767605310082,-1.0556494573267463,0,5,3,0,1,0,0,1,0,0,0,0,0,0,0,0,0,4.149148354262775,1.5151272329628591,4.32087954009366,-0.8532658935343234,-1.0556494573267463,-1.2013199747103573,0.15705707301519822,0.13660990712074303,0.0919952210274791,0,17.571830985915494,0,Zone_1,Aadhya Iyer,34,Female,Jaipur,2021-02-01,163,31,4.63,0,0,2,0,Low,75.32,0.46208588957055213,1127.31,6.91601226993865,2036,0.1901840490797546,4921,2.43,30.9,Residential
T01067,R0029,9.33,82.67,138.15,2023-09-09,0,0.041515787561333936,0.24328780256242558,0,5,9,0,0,0,1,0,0,0,0,0,0,0,0,0,1,4.9355524879719,2.3350522831315472,9.092304438369846,0.0466148185079109,0.24328780256242558,0.5778610337188054,0.3583802742055479,0.3602941176470588,0.41059338908801274,0,14.807073954983924,0,Zone_9,Kavya Iyer,30,Male,Surat,2022-07-24,4,0,3.69,0,6,7,1,Low,59.769999999999996,14.942499999999999,1137.77,284.4425,1498,0.0,11037,1.83,56.1,Mixed
T01068,R0116,4.43,30.69,67.17,2023-05-27,0,-0.7886537658713497,-0.8578873831567686,0,5,5,1,0,0,0,0,1,0,0,0,0,0,0,0,0,4.222004585374694,1.691939133945844,5.539855593785816,-0.7963775655591049,-0.8578873831567686,-0.8671675415647552,0.16978424912317994,0.1706656346749226,0.15183193946634807,0,15.16252821670429,0,Zone_10,Ishaan Kumar,34,Female,Bengaluru,2020-02-08,238,30,4.58,0,5,2,0,Medium,50.61,0.2126470588235294,794.16,3.3368067226890754,2395,0.12605042016806722,2440,1.54,35.4,Industrial
T01069,R0218,5.47,32.45,112.98,2023-10-15,0,-0.2528680904310674,-0.6241685682286131,0,6,10,0,1,0,0,0,0,0,0,0,0,1,0,0,0,4.736022994406854,1.8671761085128091,5.6964901474504455,-0.2523161241092599,-0.6241685682286131,-0.8182400638329531,0.2915028164523329,0.21091331269349844,0.16059338908801274,0,20.654478976234007,0,Zone_6,Arjun Reddy,34,Other,Delhi,2019-01-11,160,16,3.87,0,4,1,2,Low,50.04,0.31275,725.47,4.5341875,2788,0.1,14627,0.54,37.6,Mixed
T01070,R0029,4.47,32.59,36.56,2024-01-01,0,-1.1466629238112545,-0.8488981979672242,0,0,1,0,0,1,0,0,0,0,0,0,0,0,0,0,1,3.6259396543400624,1.6992786164338898,5.708765190476834,-1.1599165466282984,-0.8488981979672242,-0.8143481053770144,0.0884525454352216,0.17221362229102166,0.16129032258064516,0,8.178970917225952,0,Zone_9,Kavya Iyer,30,Male,Surat,2022-07-24,4,0,3.69,0,6,7,1,Low,59.769999999999996,14.942499999999999,1137.77,284.4425,1498,0.0,11037,1.83,56.1,Mixed
T01071,R0286,12.01,119.25,131.8,2024-06-04,0,-0.032752691789152626,0.8455632102619031,0,1,6,1,0,0,0,0,0,0,0,0,1,0,0,0,0,4.888844237042334,2.565718292524414,10.920164833920778,-0.028800814611637485,0.8455632102619031,1.5947741788490986,0.34150813051333834,0.4640092879256966,0.5926921545201115,0,10.974188176519569,0,Zone_5,Ishaan Nair,26,Male,Pune,2023-02-15,29,0,4.48,0,2,2,1,Low,42.26,1.4572413793103447,627.14,21.62551724137931,1292,0.0,2590,1.31,43.9,Business
T01072,R0112,9.9,68.06,139.84,2024-05-10,0,0.06128172930973114,0.3713836915134339,0,4,5,1,0,0,0,0,0,0,0,0,0,1,0,0,0,4.947624494286852,2.388762789235098,8.249848483457136,0.06668606574760173,0.3713836915134339,0.17170736913833556,0.36287065575512806,0.3823529411764706,0.33786340103544404,0,14.125252525252526,0,Zone_6,Meera Nair,41,Female,Delhi,2020-11-13,311,11,3.24,0,4,11,0,Medium,89.53,0.28787781350482317,1150.27,3.6986173633440513,2116,0.03536977491961415,14627,0.54,37.6,Mixed
T01073,R0121,7.35,72.94,89.7,2023-12-01,0,-0.5251468619711191,-0.2016768643200244,0,4,12,0,0,0,1,0,1,0,0,0,0,0,0,0,0,4.507557357121091,2.122261538862764,8.54049178911847,-0.5288005239554155,-0.2016768643200244,0.3073699210310591,0.22964714634924008,0.2836687306501548,0.3621565113500597,0,12.204081632653063,0,Zone_10,Diya Iyer,29,Male,Pune,2023-07-13,378,10,4.17,0,3,7,1,High,87.96,0.23269841269841268,1464.3799999999999,3.8740211640211637,1144,0.026455026455026454,2440,1.54,35.4,Industrial
T01074,R0109,10.51,68.93,203.11,2023-08-11,0,0.8012764834050523,0.5084687656539866,0,4,8,0,1,0,0,0,1,0,0,0,0,0,0,0,0,5.318659064205951,2.4432162227337915,8.302409288875127,0.8181108070820634,0.5084687656539866,0.19589311097166964,0.5309809756616006,0.40595975232198145,0.342194344882517,0,19.325404376784018,0,Zone_10,Vivaan Kumar,35,Female,Delhi,2022-11-19,62,5,3.35,0,5,11,0,Low,43.24,0.6974193548387098,690.39,11.13532258064516,1380,0.08064516129032258,2440,1.54,35.4,Industrial
T01075,R0240,11.72,88.22,143.06,2024-05-16,0,0.09894228104336371,0.780391617637706,0,3,5,0,0,1,0,0,0,0,0,0,0,0,1,0,0,4.9702298794612165,2.543175557911976,9.392550239418473,0.10492832380192392,0.780391617637706,0.7321493867935217,0.3714262939738548,0.4527863777089784,0.43822182397451215,0,12.206484641638225,0,Zone_7,Aarav Iyer,30,Male,Delhi,2020-05-18,174,2,4.07,0,0,5,1,Medium,92.12,0.5294252873563219,1221.47,7.0199425287356325,2295,0.011494252873563218,11070,0.64,45.2,Industrial
T01076,R0257,3.75,22.05,70.87,2023-11-10,0,-0.7453792188482314,-1.010703531379024,0,4,11,0,1,0,0,1,0,0,0,0,0,0,0,0,0,4.274858931480352,1.55814461804655,4.695742752749559,-0.7524345982296041,-1.010703531379024,-1.1073569777026921,0.17961526198320757,0.1443498452012384,0.10882118677817604,0,18.898666666666667,0,Zone_1,Arjun Reddy,36,Other,Delhi,2023-03-11,459,19,4.82,0,5,3,2,High,56.11,0.12224400871459695,822.23,1.7913507625272331,1268,0.04139433551198257,4921,2.43,30.9,Residential
T01077,R0241,10.74,66.68,206.08,2024-06-27,0,0.8360130792587445,0.5601565804938672,0,3,6,0,0,0,1,0,0,0,0,1,0,0,0,0,0,5.333105192033701,2.4630018143999504,8.165782265037441,0.8533839457222302,0.5601565804938672,0.1333437786440819,0.5388723562546498,0.4148606811145511,0.33099362803663884,0,19.18808193668529,0,Zone_4,Kavya Gupta,34,Female,Chennai,2020-01-13,165,3,3.28,0,0,1,0,Medium,45.72,0.2770909090909091,762.15,4.619090909090909,2421,0.01818181818181818,4038,2.46,48.2,Business
T01078,R0091,4.41,23.03,86.33,2023-06-01,0,-0.5645617872327161,-0.8623819757515407,0,3,6,0,0,1,0,0,0,0,0,0,0,1,0,0,0,4.469694046425642,1.6882490928583902,4.798958220280731,-0.5688242536582311,-0.8623819757515407,-1.0801132685111206,0.2206929535551068,0.16989164086687308,0.11369972122660295,0,19.575963718820862,0,Zone_6,Meera Das,41,Other,Surat,2022-04-16,334,43,3.4,0,5,4,2,High,49.879999999999995,0.14934131736526945,903.61,2.7054191616766468,1597,0.12874251497005987,14627,0.54,37.6,Mixed
T01079,R0030,12.19,101.66,231.15,2023-05-18,0,1.1292273748991695,0.886014543614853,0,3,5,1,0,0,0,0,0,0,0,0,1,0,0,0,0,5.447383714465931,2.579458966729223,10.08265837961398,1.1511272405737387,0.886014543614853,1.1057773985636459,0.6054841109575938,0.4709752321981424,0.5051274392672243,0,18.962264150943398,0,Zone_5,Saanvi Patel,25,Other,Mumbai,2021-01-08,442,58,3.72,0,4,1,2,High,81.05,0.1833710407239819,1585.25,3.5865384615384617,2060,0.13122171945701358,2590,1.31,43.9,Business
T01080,R0194,11.7,95.21,108.88,2023-11-19,0,-0.30082096686209037,0.7758970250429336,0,6,11,0,1,0,0,0,0,1,0,0,0,0,0,0,0,4.699388861227073,2.5416019934645457,9.757561170702441,-0.3010096825014094,0.7758970250429336,0.9264693125578941,0.28060899139122114,0.4520123839009288,0.4730187176423735,0,9.305982905982907,0,Zone_2,Arjun Iyer,30,Other,Jaipur,2023-02-10,10,2,4.06,0,4,2,2,Low,43.61,4.361,684.55,68.455,1297,0.2,6371,0.91,58.4,Residential
T01081,R0212,10.02,79.07,216.29,2024-06-18,0,0.955427437395511,0.3983512470820671,0,1,6,1,0,0,0,0,0,0,1,0,0,0,0,0,0,5.381232866875345,2.3997118037247684,8.892131353055914,0.9746427825963385,0.3983512470820671,0.4777821019946647,0.5660006376873207,0.38699690402476783,0.3926722421346077,0,21.585828343313374,0,Zone_3,Aadhya Iyer,36,Female,Ahmedabad,2023-09-11,73,12,3.22,0,0,9,0,Low,58.58,0.8024657534246575,1128.49,15.458767123287672,1084,0.1643835616438356,12971,2.11,38.0,Business
T01082,R0134,6.95,57.46,149.19,2024-03-05,0,0.1706376792195027,-0.2915687162154687,0,1,3,0,1,0,0,1,0,0,0,0,0,0,0,0,0,5.01190115921749,2.0731719286662407,7.58023746329889,0.17773113183701553,-0.2915687162154687,-0.12296948538274452,0.38771389095546815,0.26818885448916413,0.2850955794504182,0,21.46618705035971,0,Zone_1,Aadhya Singh,34,Male,Jaipur,2022-07-30,410,29,4.59,0,5,7,1,High,55.82,0.13614634146341464,1084.4,2.644878048780488,1492,0.07073170731707316,4921,2.43,30.9,Residential
T01083,R0136,5.37,49.34,69.98,2024-01-11,0,-0.7557885017808194,-0.6466415312024741,0,3,1,1,0,0,0,0,0,0,0,0,0,0,1,0,0,4.2623981472183505,1.851599469584072,7.024243731534378,-0.7630046633439975,-0.6466415312024741,-0.34870307582719445,0.17725050483579552,0.20704334365325078,0.24467343687773796,0,13.031657355679702,0,Zone_7,Diya Ghosh,34,Male,Hyderabad,2019-01-19,339,11,3.82,0,5,1,1,High,26.86,0.0792330383480826,342.78999999999996,1.0111799410029498,2780,0.032448377581120944,11070,0.64,45.2,Industrial
T01084,R0177,6.68,45.42,145.41,2023-06-15,0,0.1264274663148036,-0.35224571624489376,0,3,6,1,0,0,0,0,1,0,0,0,0,0,0,0,0,4.986410905205391,2.038619547159581,6.739436178197699,0.1328380462949851,-0.35224571624489376,-0.45767791259348073,0.3776703156552237,0.25773993808049533,0.22515929908403026,0,21.767964071856287,0,Zone_10,Ishaan Reddy,34,Other,Bengaluru,2023-02-15,489,63,4.48,0,2,2,2,High,115.74,0.23668711656441715,1866.76,3.8175051124744375,1292,0.12883435582822086,2440,1.54,35.4,Industrial
T01085,R0013,11.85,72.66,216.01,2023-12-03,0,0.9521526068099776,0.8096064695037253,0,6,12,1,0,0,0,0,0,1,0,0,0,0,0,0,0,5.379943435427982,2.553343811341229,8.524083528450435,0.9713173688524844,0.8096064695037253,0.29958600411918146,0.5652566691465618,0.4578173374613003,0.3607626443647949,0,18.228691983122363,0,Zone_2,Ishaan Gupta,43,Female,Kolkata,2019-04-01,6,0,3.91,0,0,4,0,Low,80.51,13.418333333333335,1432.84,238.80666666666664,2708,0.0,6371,0.91,58.4,Residential
T01086,R0151,4.59,27.07,48.72,2023-07-22,0,-1.0044417098109526,-0.8219306423985908,0,5,7,0,0,1,0,1,0,0,0,0,0,0,0,0,0,3.9064072666425105,1.7209792871670078,5.202883815731425,-1.015498578323777,-0.8219306423985908,-0.9678024673540297,0.12076203634817727,0.17685758513931887,0.13381123058542413,0,10.61437908496732,0,Zone_1,Meera Reddy,34,Male,Hyderabad,2023-02-25,394,56,5.0,0,5,2,1,High,62.91,0.15967005076142132,1114.0,2.8274111675126905,1282,0.14213197969543148,4921,2.43,30.9,Residential
T01087,R0081,8.25,59.48,185.89,2023-08-25,0,0.599874402394756,0.0005798024447256225,0,4,8,1,0,0,0,0,1,0,0,0,0,0,0,0,0,5.230520208482211,2.224623551524334,7.712327793863536,0.6135978618350356,0.0005798024447256225,-0.06681408480419919,0.4852269104049314,0.3184984520123839,0.29515133412982875,0,22.53212121212121,0,Zone_10,Diya Reddy,42,Other,Mumbai,2022-01-31,114,2,3.9,0,0,1,2,Low,52.92,0.46421052631578946,812.0699999999999,7.123421052631579,1672,0.017543859649122806,2440,1.54,35.4,Industrial
T01088,R0193,0.74,5.51,7.1,2024-03-18,0,-1.4912218847034335,-1.6871397168922433,0,0,3,0,0,1,0,0,0,0,0,0,0,0,1,0,0,2.0918640616783932,0.5538851132264376,2.3473389188611002,-1.5097975783923767,-1.6871397168922433,-1.567164069568604,0.010176426825379956,0.027863777089783284,0.026483472720031858,0,9.594594594594595,0,Zone_7,Kavya Singh,33,Female,Chennai,2022-01-03,389,68,4.41,0,0,1,0,High,56.09,0.14419023136246786,1005.6400000000001,2.5851928020565555,1700,0.17480719794344474,11070,0.64,45.2,Industrial
T01089,R0118,9.3,51.55,81.43,2024-05-07,0,-0.6218713224795481,0.23654591367026737,0,1,5,0,0,0,1,0,0,0,0,0,0,0,1,0,0,4.411949448325136,2.33214389523559,7.179832867135557,-0.6270189941756779,0.23654591367026737,-0.2872657316298751,0.20767350409182697,0.35913312693498456,0.25567502986857826,0,8.755913978494624,0,Zone_7,Reyansh Gupta,29,Male,Surat,2023-09-26,165,24,4.13,0,1,9,1,Medium,38.22,0.23163636363636364,532.69,3.228424242424243,1069,0.14545454545454545,11070,0.64,45.2,Industrial
T01090,R0130,2.8200000000000003,21.83,38.66,2023-03-20,0,-1.122101694419755,-1.2197020870359323,0,0,3,1,0,0,0,1,0,0,0,0,0,0,0,0,0,3.68034312309165,1.340250422618484,4.672258554489466,-1.1349759435493925,-1.2197020870359323,-1.1134729124191673,0.09403230949091294,0.10835913312693501,0.10772600557546794,0,13.709219858156025,0,Zone_1,Diya Ghosh,27,Female,Pune,2019-02-16,316,62,3.62,0,5,2,0,Medium,50.9,0.1610759493670886,896.33,2.836487341772152,2752,0.1962025316455696,4921,2.43,30.9,Residential
T01091,R0189,1.4100000000000001,8.43,12.9,2024-01-12,0,-1.4233861082888157,-1.536570864967374,0,4,1,1,0,0,0,0,1,0,0,0,0,0,0,0,0,2.631888840136646,0.8796267475025636,2.903446228191595,-1.4409140079839702,-1.536570864967374,-1.4859889360590233,0.02558720374109895,0.053792569659442735,0.04101951413779371,0,9.148936170212766,0,Zone_10,Reyansh Gupta,29,Female,Delhi,2019-09-16,238,42,3.28,0,0,9,0,Medium,72.03,0.30264705882352944,1480.7,6.2214285714285715,2540,0.17647058823529413,2440,1.54,35.4,Industrial
T01092,R0037,10.59,54.2,131.17,2024-04-13,0,-0.04012106060660276,0.5264471360330755,0,5,4,0,1,0,0,0,0,0,0,0,0,0,1,0,0,4.884088972769716,2.4501426573516603,7.362064927722384,-0.036282995535309503,0.5264471360330755,-0.21359651799960494,0.33983420129663083,0.40905572755417957,0.26886698526483477,0,12.386213408876298,0,Zone_7,Aadhya Iyer,32,Other,Ahmedabad,2020-11-21,489,6,3.36,0,5,11,2,High,78.09,0.15969325153374234,1314.66,2.6884662576687117,2108,0.012269938650306749,11070,0.64,45.2,Industrial
T01093,R0234,9.05,83.05,142.74,2024-03-24,0,0.09519961751704005,0.18036350623561462,0,6,3,0,0,0,1,0,0,0,0,0,0,1,0,0,0,4.968006112040297,2.307572634505085,9.113177272499422,0.10112785095180503,0.18036350623561462,0.5884249209563533,0.37057604421298757,0.34945820433436536,0.4124850657108722,0,15.772375690607735,0,Zone_6,Saanvi Nair,32,Other,Pune,2022-12-01,183,31,3.98,0,3,12,2,Medium,63.46,0.34677595628415303,1138.75,6.222677595628415,1368,0.16939890710382513,14627,0.54,37.6,Mixed
T01094,R0126,5.78,52.57,86.21,2023-04-22,0,-0.5659652860550876,-0.5545023830096436,0,5,4,0,0,0,1,0,0,0,0,1,0,0,0,0,0,4.468319003238894,1.9139771019523042,7.250517222929686,-0.5702494309770257,-0.5545023830096436,-0.2589100343080352,0.22037410989478157,0.22291021671826627,0.260752688172043,0,14.915224913494807,0,Zone_4,Diya Reddy,29,Female,Surat,2022-09-25,411,20,3.65,0,6,9,0,High,35.7,0.08686131386861315,414.91999999999996,1.009537712895377,1435,0.04866180048661801,4038,2.46,48.2,Business
T01095,R0188,6.49,49.78,71.11,2023-11-03,0,-0.7425722212034888,-0.39494434589522975,0,4,11,0,0,0,1,0,0,0,1,0,0,0,0,0,0,4.2781927309286685,2.0135687975291283,7.055494312945054,-0.7495842435920149,-0.39494434589522975,-0.33647120639424405,0.180252949303858,0.2503869969040248,0.2468637992831541,0,10.956856702619413,0,Zone_3,Vivaan Gupta,24,Male,Delhi,2020-07-16,436,64,3.15,0,3,7,1,High,24.450000000000003,0.05607798165137615,466.44,1.069816513761468,2236,0.14678899082568808,12971,2.11,38.0,Business
T01096,R0070,19.36,144.13,379.63,2024-04-13,0,3.6144729146133274,2.4973259888406942,0,5,4,0,0,1,0,0,0,0,0,0,0,0,0,1,0,5.94182777466688,3.013572191682322,12.005415444706609,2.9145466430289444,2.4973259888406942,2.2864307958759356,0.9999999999999999,0.7484520123839009,0.716547192353644,0,19.608987603305785,0,Zone_8,Meera Reddy,33,Male,Bengaluru,2023-01-03,310,6,3.54,0,1,1,1,Medium,89.81,0.2897096774193548,1654.69,5.337709677419355,1335,0.01935483870967742,4516,1.93,31.0,Business
T01097,R0021,7.03,55.96,171.02,2024-07-02,1,0.4259575066559002,-0.2735903458363798,0,1,7,0,0,1,0,0,0,0,0,0,0,0,1,0,0,5.147610749123333,2.0831845279586703,7.4806416837060175,0.43699463908106967,-0.2735903458363798,-0.16466904026780302,0.44571686682963124,0.27128482972136225,0.2776284348864994,0,24.327169274537695,1,Zone_7,Diya Ghosh,37,Female,Pune,2019-05-08,380,17,3.91,0,2,5,0,High,34.72,0.09136842105263157,678.44,1.7853684210526317,2671,0.04473684210526316,11070,0.64,45.2,Industrial
T01098,R0259,6.99,40.01,58.66,2023-11-06,0,-0.8881852240245216,-0.28257953102592426,0,0,11,0,1,0,0,0,0,0,0,0,0,1,0,0,0,4.088661779086602,2.0781907597781832,6.325345840347388,-0.8974463904169565,-0.28257953102592426,-0.6080743072122584,0.14717291954511635,0.26973684210526316,0.19822779769016327,0,8.391988555078683,0,Zone_6,Aadhya Das,32,Male,Jaipur,2019-06-25,150,27,3.52,0,1,6,1,Low,79.74000000000001,0.5316000000000001,1283.08,8.553866666666666,2623,0.18,14627,0.54,37.6,Mixed
T01099,R0198,11.26,76.08,145.06,2024-01-26,0,0.12233392808288705,0.6770159879579448,0,4,1,1,0,0,0,0,0,0,0,0,0,0,0,1,0,4.984017496191964,2.506341930508065,8.72238499494261,0.12868127911516752,0.6770159879579448,0.3946609892571149,0.37674035497927516,0.43498452012383904,0.37778773397052967,0,12.882770870337477,0,Zone_8,Vivaan Kumar,31,Other,Mumbai,2021-12-10,202,23,3.85,0,4,12,2,Medium,39.11,0.19361386138613862,588.51,2.9134158415841584,1724,0.11386138613861387,4516,1.93,31.0,Business
T01100,R0151,8.44,82.0,90.85,2023-06-13,0,-0.5116966649233934,0.04327843209506161,0,1,6,0,1,0,0,1,0,0,0,0,0,0,0,0,0,4.520156811661135,2.244955980157409,9.055385138137417,-0.5151425746503006,0.04327843209506161,0.5592352325368125,0.23270273142735676,0.3258513931888545,0.40725806451612906,0,10.764218009478673,0,Zone_1,Meera Reddy,34,Male,Hyderabad,2023-02-25,394,56,5.0,0,5,2,1,High,62.91,0.15967005076142132,1114.0,2.8274111675126905,1282,0.14213197969543148,4921,2.43,30.9,Residential
T01101,R0228,12.94,127.54,316.93,2024-06-15,1,2.1324951164243258,1.0545617659188113,0,5,6,0,1,0,0,0,0,1,0,0,0,0,0,0,0,5.761831232762776,2.6347624053323777,11.2933608815091,2.1698914939587572,1.0545617659188113,1.8252337188471885,0.8334041874800723,0.5,0.6339605734767025,0,24.492272024729523,1,Zone_2,Kavya Ghosh,21,Female,Pune,2020-05-18,10,0,4.84,0,0,5,0,Low,38.44,3.844,675.22,67.522,2295,0.0,6371,0.91,58.4,Residential
T01102,R0291,9.39,64.4,183.71,2024-02-02,0,0.5743775071216758,0.25677158034674236,0,4,2,0,0,0,1,0,0,0,0,0,1,0,0,0,0,5.218787027591229,2.340843805111136,8.024961059095553,0.5877071405436004,0.25677158034674236,0.06996045521879293,0.47943458390902327,0.36261609907120745,0.3196435682994823,0,19.564430244941427,0,Zone_5,Arjun Ghosh,23,Other,Pune,2021-04-19,499,94,3.46,0,0,4,2,High,46.45,0.09308617234468938,795.59,1.59436873747495,1959,0.18837675350701402,2590,1.31,43.9,Business
T01103,R0005,11.81,68.62,211.36,2023-06-01,0,0.8977670274430861,0.800617284314181,0,3,6,0,1,0,0,0,0,0,0,0,0,0,0,0,1,5.3582829477154705,2.550226115908643,8.283718971573094,0.9160917477491933,0.800617284314181,0.1872752029620908,0.5529014773089596,0.4562693498452013,0.34065113500597377,0,17.896697713801863,0,Zone_9,Diya Reddy,27,Male,Ahmedabad,2021-05-31,294,30,3.53,0,0,5,1,Medium,51.260000000000005,0.17435374149659866,926.45,3.1511904761904765,1917,0.10204081632653061,11037,1.83,56.1,Mixed
T01104,R0013,10.22,98.6,233.8,2023-08-18,0,1.1602213072265382,0.4432971730297895,0,4,8,0,0,1,0,0,0,0,0,0,0,0,0,0,1,5.458734087953942,2.4176979000945504,9.929753269845127,1.1825999063637866,0.4432971730297895,1.0207103065981264,0.6125252417897757,0.3947368421052632,0.48989446435682993,0,22.876712328767123,0,Zone_9,Ishaan Gupta,43,Female,Kolkata,2019-04-01,6,0,3.91,0,0,4,0,Low,80.51,13.418333333333335,1432.84,238.80666666666664,2708,0.0,11037,1.83,56.1,Mixed
T01105,R0170,11.23,105.21,165.37,2023-01-14,0,0.35987610376924667,0.6702740990657866,0,5,1,0,1,0,0,0,0,0,0,0,0,0,0,1,0,5.1142142236716515,2.503891949699081,10.257192598367254,0.3698925403211564,0.6702740990657866,1.2044663451249509,0.4307046444893187,0.4338235294117647,0.522799681401832,0,14.72573463935886,0,Zone_8,Saanvi Kumar,29,Other,Bengaluru,2020-05-20,28,3,3.68,0,2,5,2,Low,53.51,1.9110714285714285,943.71,33.70392857142857,2293,0.10714285714285714,4516,1.93,31.0,Business
T01106,R0196,7.79,49.26,194.33,2023-12-04,1,0.6985871529015448,-0.10279582723503546,0,0,12,0,1,0,0,0,1,0,0,0,0,0,0,0,0,5.27469043591688,2.1736147116970854,7.018546858146634,0.7138353332569239,-0.10279582723503546,-0.35092705208773106,0.5076522478478053,0.3006965944272446,0.24427518916766228,0,24.946084724005136,1,Zone_10,Vivaan Das,18,Male,Hyderabad,2019-06-24,51,9,4.93,0,0,6,1,Low,95.95,1.8813725490196078,1623.43,31.831960784313726,2624,0.17647058823529413,2440,1.54,35.4,Industrial
T01107,R0095,9.11,70.09,151.09,2023-03-25,0,0.19285974390704996,0.19384728401993098,0,5,3,0,0,0,1,0,1,0,0,0,0,0,0,0,0,5.024472450884278,2.3135250330323798,8.371977066380438,0.20029643938459704,0.19384728401993098,0.2281407667494481,0.3927622489106175,0.35178018575851394,0.3479689366786141,0,16.585071350164657,0,Zone_10,Kavya Iyer,29,Female,Chennai,2020-10-07,481,77,4.26,0,2,10,0,High,114.75,0.23856548856548856,1879.6100000000001,3.907713097713098,2153,0.1600831600831601,2440,1.54,35.4,Industrial
T01108,R0182,6.64,57.07,62.99,2023-11-06,0,-0.8375423081839534,-0.3612349014344382,0,0,11,0,0,1,0,0,1,0,0,0,0,0,0,0,0,4.158726821151369,2.033397603178429,7.554468876102409,-0.8460212421637839,-0.3612349014344382,-0.13381136965285975,0.1586778616218514,0.2561919504643963,0.2831541218637993,0,9.486445783132531,0,Zone_10,Meera Patel,43,Male,Jaipur,2020-09-30,8,0,4.4,0,2,9,1,Low,49.53,6.19125,835.81,104.47625,2160,0.0,2440,1.54,35.4,Industrial
T01109,R0064,11.02,95.62,248.7,2023-09-26,0,1.3344890776709868,0.6230808768206781,0,1,9,0,1,0,0,0,0,0,0,0,0,0,0,0,1,5.520260197285728,2.4865719291070616,9.778547949465707,1.3595594234474513,0.6230808768206781,0.9378671908931437,0.6521149962801572,0.4256965944272446,0.4750597371565114,0,22.568058076225046,0,Zone_9,Ishaan Nair,21,Female,Bengaluru,2023-09-30,214,2,4.21,0,5,9,0,Medium,56.56,0.26429906542056075,1092.19,5.103691588785047,1065,0.009345794392523364,11037,1.83,56.1,Mixed
T01110,R0192,1.27,10.48,17.78,2023-01-03,0,-1.3663104895123788,-1.5680330131307796,0,1,1,0,0,1,0,0,0,0,0,0,0,0,0,1,0,2.932792473780117,0.8197798314933114,3.237282811247729,-1.3829567970196557,-1.5680330131307796,-1.4289995443827768,0.03855351259432459,0.04837461300309598,0.05122461170848268,0,14.0,0,Zone_8,Aadhya Nair,31,Male,Delhi,2021-08-23,449,31,3.89,0,0,8,1,High,17.48,0.03893095768374165,230.20000000000002,0.512694877505568,1833,0.06904231625835189,4516,1.93,31.0,Business
T01111,R0006,11.63,116.2,183.38,2024-03-03,0,0.5705178853601544,0.7601659509612311,0,6,3,0,0,1,0,0,0,1,0,0,0,0,0,0,0,5.216998845370449,2.5360749363624,10.779610382569492,0.583787902916915,0.7601659509612311,1.5099850839161464,0.4785577638431289,0.4493034055727555,0.5775089605734768,0,15.767841788478073,0,Zone_2,Aarav Das,45,Female,Jaipur,2023-06-30,248,13,4.64,0,4,6,0,Medium,63.24,0.255,1095.43,4.417056451612903,1157,0.05241935483870968,6371,0.91,58.4,Residential
T01112,R0218,12.99,76.01,108.6,2024-01-26,0,-0.30409579744762366,1.065798247405742,0,4,1,0,0,0,1,0,0,0,0,0,1,0,0,0,0,4.696837374513915,2.63834278867739,8.718371407550839,-0.30433509624526356,1.065798247405742,0.3927150100291457,0.2798650228504623,0.5019349845201239,0.3774392672242135,0,8.36027713625866,0,Zone_5,Arjun Reddy,34,Other,Delhi,2019-01-11,160,16,3.87,0,4,1,2,Low,50.04,0.31275,725.47,4.5341875,2788,0.1,2590,1.31,43.9,Business
T01113,R0294,11.71,68.92,242.46,2024-07-21,0,1.2615071389076742,0.77814432134032,0,6,7,0,1,0,0,0,0,0,0,0,0,0,1,0,0,5.49495265798145,2.542389085201363,8.301807032206904,1.2854502028701313,0.77814432134032,0.19561511393910244,0.6355351259432458,0.4523993808049536,0.34214456391875747,0,20.705380017079417,0,Zone_7,Arjun Reddy,24,Male,Surat,2021-04-02,41,7,3.2,0,4,4,1,Low,56.68,1.3824390243902438,835.4,20.37560975609756,1976,0.17073170731707318,11070,0.64,45.2,Industrial
T01114,R0002,7.48,65.33,152.09,2024-08-03,0,0.20455556742681164,-0.17246201245400478,0,5,8,0,0,0,1,0,0,0,0,0,0,0,1,0,0,5.03102598374399,2.1377104498038118,8.082697569499926,0.21217291704121885,-0.17246201245400478,0.095814179247529,0.39541927941332766,0.2886996904024768,0.3242731979291119,0,20.33288770053476,0,Zone_7,Ishaan Nair,39,Female,Mumbai,2019-11-23,70,5,4.12,0,5,11,0,Low,75.69,1.0812857142857142,1175.6100000000001,16.794428571428572,2472,0.07142857142857142,11070,0.64,45.2,Industrial
T01115,R0060,10.53,99.34,215.24,2023-05-04,0,0.9431468226997614,0.5129633582487586,0,3,5,0,0,1,0,0,0,0,1,0,0,0,0,0,0,5.376388901968192,2.4449523342809676,9.966945369570357,0.9621724810568859,0.5129633582487586,1.0412820870080888,0.563210755659475,0.40673374613003094,0.4935782556750299,0,20.44064577397911,0,Zone_3,Aarav Nair,40,Female,Hyderabad,2023-08-01,123,7,4.57,0,1,8,0,Low,47.26,0.38422764227642275,732.38,5.954308943089431,1125,0.056910569105691054,12971,2.11,38.0,Business
T01116,R0242,4.12,32.03,55.21,2024-05-28,0,-0.9285358151676992,-0.927553568375738,0,1,5,0,1,0,0,0,0,0,0,0,0,1,0,0,0,4.029094677013983,1.6331544390514163,5.659505278732409,-0.9384202383323016,-0.927553568375738,-0.8299159392007696,0.1380061643107663,0.1586687306501548,0.15850258861011549,0,13.400485436893204,0,Zone_6,Kavya Iyer,34,Male,Ahmedabad,2022-06-05,445,8,4.54,0,6,6,1,High,26.27,0.05903370786516854,328.19,0.7375056179775281,1547,0.017977528089887642,14627,0.54,37.6,Mixed
T01117,R0086,12.19,98.93,263.64,2024-03-14,0,1.5092246810562262,0.886014543614853,0,3,3,1,0,0,0,0,0,0,0,0,1,0,0,0,0,5.578370411835326,2.579458966729223,9.946356116689167,1.536993999637381,0.886014543614853,1.0298842086728397,0.6918110319906472,0.4709752321981424,0.4915372361608921,0,21.627563576702215,0,Zone_5,Vivaan Patel,23,Male,Hyderabad,2019-11-08,337,17,4.56,0,4,11,1,High,64.68,0.19192878338278935,1129.82,3.352581602373887,2487,0.050445103857566766,2590,1.31,43.9,Business
T01118,R0108,2.5,16.36,30.74,2023-09-02,0,-1.2147326166962675,-1.2916155685522879,0,5,9,0,1,0,0,1,0,0,0,0,0,0,0,0,0,3.457577715098263,1.252762968495368,4.044749683231337,-1.2290376465898372,-1.2916155685522879,-1.2655372892333474,0.0729886279094484,0.09597523219814243,0.08049581839904421,0,12.296,0,Zone_1,Reyansh Gupta,18,Male,Pune,2019-05-31,184,32,4.88,0,4,5,1,Medium,43.6,0.23695652173913045,874.89,4.754836956521739,2648,0.17391304347826086,4921,2.43,30.9,Residential
T01119,R0280,10.97,56.48,178.73,2023-02-14,0,0.5161323059932624,0.6118443953337478,0,1,2,0,0,0,1,0,0,1,0,0,0,0,0,0,0,5.1914557247639435,2.482403519569882,7.515317691222374,0.5285622818136235,0.6118443953337478,-0.15021319457431617,0.46620257200552656,0.4237616099071208,0.28021704500199124,0,16.2926162260711,0,Zone_2,Saanvi Gupta,26,Other,Chennai,2023-05-31,172,23,4.43,0,2,5,2,Medium,50.769999999999996,0.29517441860465116,735.3,4.2749999999999995,1187,0.13372093023255813,6371,0.91,58.4,Residential
T01120,R0172,10.66,56.81,244.47,2023-05-13,0,1.285015744182395,0.5421782101147783,0,5,5,0,0,1,0,0,0,0,0,0,0,0,0,0,1,5.503174740174929,2.4561641809223462,7.5372408744845085,1.309321922959941,0.5421782101147783,-0.14103929249960317,0.6408757572536933,0.411764705882353,0.2818598168060534,0,22.933395872420263,0,Zone_9,Reyansh Reddy,31,Other,Pune,2019-12-24,168,14,3.72,0,1,12,2,Medium,84.85,0.5050595238095238,1488.61,8.86077380952381,2441,0.08333333333333333,11037,1.83,56.1,Mixed
T01121,R0292,10.03,88.93,156.58,2024-03-23,0,0.25706981503054166,0.4005985433794531,0,5,3,0,1,0,0,0,0,0,0,0,1,0,0,0,0,5.059933265817542,2.400618833265411,9.430270409696638,0.2654983017194508,0.4005985433794531,0.7518871761057829,0.40734934637049636,0.38738390092879255,0.4417562724014337,0,15.611166500498507,0,Zone_5,Diya Patel,37,Female,Jaipur,2020-06-28,141,19,4.39,0,6,6,0,Low,79.36,0.5628368794326241,1137.89,8.070141843971632,2254,0.1347517730496454,2590,1.31,43.9,Business
T01122,R0055,5.76,52.2,101.78,2023-11-05,0,-0.3838613138523982,-0.558996975604416,0,6,11,0,1,0,0,0,0,0,0,1,0,0,0,0,0,4.632590781564083,1.9110228900548727,7.224956747275377,-0.3853326738634242,-0.558996975604416,-0.26919592451301627,0.2617440748219789,0.22213622291021673,0.2589107925129431,0,17.67013888888889,0,Zone_4,Kavya Singh,32,Male,Delhi,2021-11-07,425,12,4.19,0,6,11,1,High,71.7,0.16870588235294118,1109.56,2.610729411764706,1757,0.02823529411764706,4038,2.46,48.2,Business
T01123,R0296,11.8,103.58,106.02,2024-01-05,0,-0.33427102212860876,0.7983699880167949,0,4,1,1,0,0,0,0,0,0,0,0,0,0,0,1,0,4.673015732883159,2.5494451709255714,10.17742600071354,-0.3349764085993478,0.7983699880167949,1.1591528288165207,0.27300988415347005,0.4558823529411765,0.5146853843090402,0,8.984745762711864,0,Zone_8,Reyansh Patel,37,Other,Hyderabad,2021-02-20,390,58,3.97,0,5,2,2,High,79.46000000000001,0.20374358974358978,1306.46,3.349897435897436,2017,0.14871794871794872,4516,1.93,31.0,Business
T01124,R0104,1.19,9.21,29.08,2023-08-24,1,-1.234147683739072,-1.5860113835098684,0,3,8,1,0,0,0,0,0,0,0,0,1,0,0,0,0,3.403860499081639,0.7839015438284094,3.034798181098704,-1.2487525994998294,-1.5860113835098684,-1.4643051675187928,0.06857795727494952,0.045278637770897835,0.04490242931103147,0,24.436974789915965,1,Zone_5,Diya Gupta,52,Male,Kolkata,2021-05-27,328,1,3.7,0,3,5,1,High,46.690000000000005,0.14234756097560977,765.39,2.3335060975609756,1921,0.003048780487804878,2590,1.31,43.9,Business
T01125,R0072,11.89,107.51,104.44,2023-05-23,0,-0.3527504232898322,0.8185956546932699,0,1,5,0,0,1,0,0,0,0,0,0,0,0,0,1,0,4.658142070754197,2.556451816951096,10.368702908271603,-0.3537412432968102,0.8185956546932699,1.2684056626153741,0.268811775959188,0.4593653250773994,0.5342493030665074,0,8.783851976450798,0,Zone_8,Saanvi Das,25,Other,Jaipur,2023-11-05,62,10,4.07,0,6,11,2,Low,48.64,0.7845161290322581,732.14,11.808709677419355,1029,0.16129032258064516,4516,1.93,31.0,Business
T01126,R0079,8.96,61.07,138.99,2024-01-06,0,0.05134027931793378,0.16013783955913966,0,5,1,0,0,0,1,0,0,1,0,0,0,0,0,0,0,4.941570991486734,2.298577071596507,7.814729681825213,0.05659105973947326,0.16013783955913966,-0.022612556626037086,0.36061217982782445,0.34597523219814247,0.30306650736758267,0,15.512276785714285,0,Zone_2,Ishaan Nair,25,Male,Bengaluru,2020-09-23,146,28,4.92,0,2,9,1,Low,36.46,0.24972602739726027,612.4100000000001,4.194589041095891,2167,0.1917808219178082,6371,0.91,58.4,Residential
T01127,R0133,13.25,93.39,167.01,2024-05-19,0,0.37905725434165566,1.1242279511377808,0,6,5,0,0,1,0,0,0,0,1,0,0,0,0,0,0,5.124023501441311,2.6567569067146595,9.66385016440135,0.389369963678016,1.1242279511377808,0.8758738526306901,0.4350621745137634,0.5119969040247678,0.4639585822381522,0,12.604528301886791,0,Zone_3,Diya Kumar,25,Female,Delhi,2019-07-13,155,11,4.4,0,5,7,0,Low,64.89,0.4186451612903226,817.27,5.272709677419355,2605,0.07096774193548387,12971,2.11,38.0,Business
T01128,R0071,9.0,58.88,98.07,2023-06-28,0,-0.42725281911071405,0.1691270247486839,0,2,6,0,0,1,0,0,0,1,0,0,0,0,0,0,0,4.5958266709849385,2.302585092994046,7.6733304373003515,-0.4293944059694912,0.1691270247486839,-0.08349390675822242,0.25188649165692417,0.3475232198142415,0.2921644763042613,0,10.896666666666667,0,Zone_2,Vivaan Nair,35,Male,Ahmedabad,2021-01-09,67,4,3.82,0,5,1,1,Low,14.45,0.21567164179104475,229.79,3.4297014925373133,2059,0.05970149253731343,6371,0.91,58.4,Residential
T01129,R0146,17.19,127.78,178.73,2024-01-05,0,0.5161323059932624,2.009662692307909,0,4,1,0,1,0,0,0,0,1,0,0,0,0,0,0,0,5.1914557247639435,2.900871992530031,11.303981599418853,0.5285622818136235,2.009662692307909,1.831905647628798,0.46620257200552656,0.6644736842105264,0.6351553166069295,0,10.397324025596275,0,Zone_2,Kavya Gupta,30,Male,Surat,2020-04-15,80,11,3.89,0,2,4,1,Low,67.44,0.843,938.47,11.730875000000001,2328,0.1375,6371,0.91,58.4,Residential
T01130,R0262,3.29,17.71,79.68,2024-04-23,1,-0.642339013639131,-1.1140791610587852,0,1,4,1,0,0,0,0,0,0,0,0,0,0,0,1,0,4.390490713086011,1.4562867329399256,4.208325082500163,-0.647802830074766,-1.1140791610587852,-1.2280076898367946,0.20302370071208417,0.12654798761609906,0.0872162485065711,0,24.218844984802434,1,Zone_8,Meera Singh,30,Male,Ahmedabad,2019-04-21,6,0,3.35,0,6,4,1,Low,59.620000000000005,9.936666666666667,967.3599999999999,161.22666666666666,2688,0.0,4516,1.93,31.0,Business
T01131,R0044,11.05,86.86,214.61,2024-03-09,0,0.9357784538823116,0.6298227657128367,0,5,3,0,1,0,0,0,0,0,0,0,0,0,1,0,0,5.373471220148461,2.489064659936664,9.319871243745807,0.9546903001332142,0.6298227657128367,0.694341790364402,0.5615368264427676,0.42685758513931893,0.4314516129032258,0,19.421719457013573,0,Zone_7,Arjun Gupta,36,Female,Hyderabad,2020-08-01,271,5,3.21,0,5,8,0,Medium,102.26,0.37734317343173435,1660.52,6.127380073800738,2220,0.01845018450184502,11070,0.64,45.2,Industrial
T01132,R0225,3.5700000000000003,34.45,71.15,2024-06-24,0,-0.7421043882626982,-1.051154864731974,0,0,6,1,0,0,0,1,0,0,0,0,0,0,0,0,0,4.27874728521988,1.5195132049061133,5.869412236331676,-0.74910918448575,-1.051154864731974,-0.7626406573195418,0.1803592305239664,0.13738390092879257,0.17054958183990443,0,19.92997198879552,0,Zone_1,Ishaan Sharma,39,Female,Delhi,2020-06-15,465,9,4.08,0,0,6,0,High,48.33,0.10393548387096774,672.9200000000001,1.4471397849462366,2267,0.01935483870967742,4921,2.43,30.9,Residential
T01133,R0020,7.37,52.98,176.44,2023-06-15,0,0.4893488701330083,-0.19718227172525207,0,3,6,0,1,0,0,0,0,0,0,0,1,0,0,0,0,5.178632523602057,2.124653884501384,7.2787361540311375,0.5013651479799597,-0.19718227172525207,-0.247512155972786,0.4601179721543203,0.28444272445820434,0.2627937076861808,0,23.940298507462686,0,Zone_5,Diya Das,35,Female,Chennai,2019-09-17,274,21,4.03,0,1,9,0,Medium,53.85,0.19653284671532847,746.06,2.722846715328467,2539,0.07664233576642336,2590,1.31,43.9,Business
T01134,R0104,11.71,87.2,262.76,2024-04-12,0,1.498932356358836,0.77814432134032,0,4,4,0,0,1,0,0,0,1,0,0,0,0,0,0,0,5.5750395987634755,2.542389085201363,9.338094023943002,1.5265426992995539,0.77814432134032,0.7037936894716821,0.6894728451482622,0.4523993808049536,0.4331441656710474,0,22.438941076003413,0,Zone_2,Diya Gupta,52,Male,Kolkata,2021-05-27,328,1,3.7,0,3,5,1,High,46.690000000000005,0.14234756097560977,765.39,2.3335060975609756,1921,0.003048780487804878,6371,0.91,58.4,Residential
T01135,R0246,11.13,92.96,251.81,2023-08-15,0,1.3708630888174458,0.6478011360919256,0,1,8,0,1,0,0,0,0,0,0,0,1,0,0,0,0,5.532638218452371,2.495681722955959,9.64157663455516,1.3964952689595451,0.6478011360919256,0.8639199802303064,0.660378361143586,0.4299535603715171,0.4618180007964954,0,22.624438454627132,0,Zone_5,Vivaan Das,29,Other,Mumbai,2021-03-31,240,34,4.79,0,2,3,2,Medium,83.74,0.34891666666666665,1550.55,6.460624999999999,1978,0.14166666666666666,2590,1.31,43.9,Business
T01136,R0160,18.4,146.43,213.49,2023-09-15,0,0.9226791315401784,2.2815855442916275,0,4,9,0,0,1,0,0,1,0,0,0,0,0,0,0,0,5.3682631172347035,2.9652730660692823,12.100826418059222,0.9413886451577977,2.2815855442916275,2.350370113366359,0.5585609522797322,0.7113003095975232,0.7279968140183194,0,11.602717391304349,0,Zone_10,Kavya Nair,30,Male,Surat,2021-06-16,438,7,4.42,0,2,6,1,High,32.73,0.07472602739726027,396.94,0.906255707762557,1901,0.01598173515981735,2440,1.54,35.4,Industrial
T01137,R0209,6.24,35.59,52.27,2024-07-17,0,-0.9629215363157986,-0.4511267533298825,0,2,7,0,0,0,1,0,0,0,1,0,0,0,0,0,0,3.9753733209289077,1.979621206397625,5.965735495309862,-0.9733370826427696,-0.4511267533298825,-0.7309489956068974,0.1301944946327984,0.24071207430340558,0.1762246117084827,0,8.376602564102564,0,Zone_3,Vivaan Sharma,31,Other,Surat,2020-06-11,109,20,3.77,0,3,6,2,Low,58.52,0.5368807339449542,735.09,6.743944954128441,2271,0.1834862385321101,12971,2.11,38.0,Business
T01138,R0137,14.43,122.32,159.75,2023-05-08,0,0.294145575588186,1.3894089142293418,0,0,5,0,0,1,0,0,0,0,0,0,0,0,1,0,0,5.079850363117729,2.7363136663750693,11.059837250158791,0.3031467358909418,1.3894089142293418,1.6801192678471848,0.41577213306408756,0.5576625386996904,0.6079749103942652,0,11.07068607068607,0,Zone_7,Arjun Gupta,27,Male,Bengaluru,2021-08-10,166,32,3.14,0,1,8,1,Medium,82.33,0.49596385542168675,1499.3700000000001,9.032349397590362,1846,0.1927710843373494,11070,0.64,45.2,Industrial
T01139,R0022,6.73,40.71,154.02,2023-03-22,0,0.22712850681995175,-0.3410092347579631,0,2,3,0,1,0,0,0,0,0,0,0,0,0,1,0,0,5.043554140853366,2.0451088625993306,6.380438856379708,0.235094518918499,-0.3410092347579631,-0.5886145149325644,0.4005473482835583,0.2596749226006192,0.20171246515332536,0,22.88558692421991,0,Zone_7,Aarav Nair,43,Female,Kolkata,2020-09-14,220,1,3.32,0,0,9,0,Medium,52.25,0.2375,827.22,3.760090909090909,2176,0.004545454545454545,11070,0.64,45.2,Industrial
T01140,R0164,4.5,44.65,99.91,2024-06-15,0,-0.40573250383435255,-0.8421563090750658,0,5,6,0,0,0,1,0,0,0,0,1,0,0,0,0,0,4.614229030476437,1.7047480922384253,6.682065548915245,-0.407541687081307,-0.8421563090750658,-0.47908368410114416,0.2567754277819109,0.17337461300309598,0.22132616487455195,0,22.202222222222222,0,Zone_4,Aadhya Ghosh,37,Other,Ahmedabad,2022-07-06,249,23,4.02,0,2,7,2,Medium,100.28,0.40273092369477914,1758.49,7.062208835341366,1516,0.09236947791164658,4038,2.46,48.2,Business
T01141,R0030,0.11,0.64,3.27,2024-08-05,1,-1.5604611599404226,-1.8287193836275684,0,0,8,0,0,1,0,0,0,0,0,0,0,1,0,0,0,1.451613827240533,0.10436001532424277,0.8,-1.555284487817238,-1.8287193836275684,-1.7025486244287604,0.0,0.0034829721362229105,0.002240143369175627,0,29.727272727272727,1,Zone_6,Saanvi Patel,25,Other,Mumbai,2021-01-08,442,58,3.72,0,4,1,2,High,81.05,0.1833710407239819,1585.25,3.5865384615384617,2060,0.13122171945701358,14627,0.54,37.6,Mixed
T01142,R0178,8.81,51.87,89.49,2023-08-30,0,-0.5276029849102692,0.1264283950983479,0,2,8,0,0,1,0,1,0,0,0,0,0,0,0,0,0,4.505239347363042,2.2834022735772717,7.202083032012336,-0.5312945842633062,0.1264283950983479,-0.2783698265877293,0.22908916994367093,0.34017027863777094,0.25726802070888094,0,10.157775255391599,0,Zone_1,Saanvi Ghosh,27,Male,Delhi,2021-05-15,56,7,3.13,0,5,5,1,Low,63.260000000000005,1.1296428571428572,1040.54,18.581071428571427,1933,0.125,4921,2.43,30.9,Residential
T01143,R0103,5.39,47.46,121.44,2023-05-07,0,-0.1539214234538837,-0.642146938607702,0,6,5,1,0,0,0,0,0,0,0,0,1,0,0,0,0,4.807621114077212,1.8547342683894434,6.889121859859935,-0.15184112313423953,-0.642146938607702,-0.4009665179498012,0.3139812945052609,0.2078173374613003,0.23531461569095977,0,22.53061224489796,0,Zone_5,Ishaan Gupta,37,Other,Surat,2022-11-24,175,14,3.07,0,3,11,2,Medium,71.43,0.40817142857142863,1236.44,7.065371428571429,1375,0.08,2590,1.31,43.9,Business
T01144,R0105,12.24,61.4,157.65,2023-07-01,0,0.2695843461966866,0.8972510251017838,0,5,7,1,0,0,0,0,0,0,0,0,0,1,0,0,0,5.066700518029204,2.5832425505088623,7.835815209663893,0.2782061328120361,0.8972510251017838,-0.013438654551324262,0.41019236900839623,0.4729102167182663,0.30470927917164475,0,12.879901960784315,0,Zone_6,Diya Das,31,Female,Jaipur,2020-09-28,346,9,3.69,0,0,9,0,High,95.2,0.27514450867052026,1301.12,3.7604624277456646,2162,0.02601156069364162,14627,0.54,37.6,Mixed
T01145,R0250,5.36,44.08,84.12,2024-02-12,0,-0.5904095572113893,-0.6488888274998602,0,0,2,0,1,0,0,0,0,1,0,0,0,0,0,0,0,4.444062025593334,1.8500283773520307,6.6392770690791325,-0.5950712692793653,-0.6488888274998602,-0.4949295149574664,0.21482091614411733,0.20665634674922603,0.21848864994026282,0,15.694029850746269,0,Zone_2,Aadhya Iyer,34,Female,Jaipur,2021-02-01,163,31,4.63,0,0,2,0,Low,75.32,0.46208588957055213,1127.31,6.91601226993865,2036,0.1901840490797546,6371,0.91,58.4,Residential
T01146,R0271,5.62,40.07,81.25,2024-04-03,0,-0.6239765707131053,-0.5904591237678214,0,2,4,0,0,0,1,0,0,0,1,0,0,0,0,0,0,4.409763389645481,1.890095369948917,6.330086887239385,-0.6291567601538699,-0.5904591237678214,-0.6064063250168561,0.20719523860133912,0.21671826625386997,0.19852648347272003,0,14.457295373665481,0,Zone_3,Saanvi Iyer,22,Male,Bengaluru,2022-10-07,58,6,4.37,0,4,10,1,Low,65.02,1.1210344827586207,928.78,16.013448275862068,1423,0.10344827586206896,12971,2.11,38.0,Business
T01147,R0252,9.77,89.81,121.46,2024-05-06,0,-0.15368750698348854,0.3421688396474143,0,0,5,0,1,0,0,0,0,0,0,0,0,0,0,1,0,4.8077844460498085,2.3767644911682972,9.476813810558905,-0.15160359358110714,0.3421688396474143,0.7763509149716838,0.3140344351153151,0.37732198142414863,0.4461369972122661,0,12.431934493346981,0,Zone_8,Reyansh Gupta,38,Other,Ahmedabad,2020-09-23,392,47,4.83,0,2,9,2,High,100.41,0.25614795918367345,1682.05,4.290943877551021,2167,0.11989795918367346,4516,1.93,31.0,Business
T01148,R0181,16.61,84.85,292.75,2023-05-24,0,1.8496901037164886,1.879319507059514,0,2,5,1,0,0,0,0,0,0,0,0,1,0,0,0,0,5.682729065458369,2.8684669225081145,9.211405973031479,1.8827182642216418,1.879319507059514,0.6384643868184234,0.7691571899245403,0.6420278637770898,0.42144563918757466,0,17.62492474413004,0,Zone_5,Arjun Patel,32,Male,Hyderabad,2019-01-09,349,32,3.75,0,2,1,1,High,29.669999999999998,0.08501432664756446,463.99,1.329484240687679,2790,0.09169054441260745,2590,1.31,43.9,Business
T01149,R0016,2.56,13.49,39.28,2024-07-16,0,-1.1148502838375027,-1.278131790767971,0,1,7,1,0,0,0,0,1,0,0,0,0,0,0,0,0,3.6958550678503617,1.269760544863939,3.6728735344413916,-1.127612527402287,-1.278131790767971,-1.3453224375800925,0.09567966840259327,0.09829721362229103,0.06620868180007965,0,15.34375,0,Zone_10,Aarav Iyer,28,Female,Delhi,2022-01-24,356,51,3.06,0,0,1,0,High,41.24,0.11584269662921348,687.6800000000001,1.9316853932584273,1679,0.14325842696629212,2440,1.54,35.4,Industrial
T01150,R0164,13.09,116.53,281.31,2023-04-07,0,1.715889882650415,1.088271210379603,0,4,4,0,0,0,1,0,0,0,0,0,0,0,1,0,0,5.64300575794059,2.645465325910589,10.79490620616965,1.7468513598298885,1.088271210379603,1.5191589859908592,0.7387607609735359,0.5058049535603716,0.5791517323775388,0,21.490450725744843,0,Zone_7,Aadhya Ghosh,37,Other,Ahmedabad,2022-07-06,249,23,4.02,0,2,7,2,Medium,100.28,0.40273092369477914,1758.49,7.062208835341366,1516,0.09236947791164658,11070,0.64,45.2,Industrial
T01151,R0018,12.37,100.7,283.95,2024-07-21,0,1.7467668567425858,0.9264658769678029,0,6,7,0,0,1,0,0,0,0,0,0,0,0,1,0,0,5.652313726281008,2.5930133911138515,10.03493896344168,1.7782052608433698,0.9264658769678029,1.0790896834372086,0.7457753215006908,0.4779411764705882,0.5003484667463163,0,22.95472918350849,0,Zone_7,Aarav Reddy,49,Female,Delhi,2023-01-09,446,86,3.29,0,0,1,0,High,54.19,0.12150224215246637,1044.33,2.3415470852017934,1329,0.19282511210762332,11070,0.64,45.2,Industrial
T01152,R0083,6.9,45.91,114.37,2024-01-12,0,-0.23661089573859867,-0.3028051977023992,0,4,1,1,0,0,0,0,0,0,1,0,0,0,0,0,0,4.748144354939198,2.066862759472976,6.775691846593969,-0.23580782016655563,-0.3028051977023992,-0.4440560579976951,0.2951960888511,0.26625386996904027,0.2275985663082437,0,16.57536231884058,0,Zone_3,Kavya Patel,45,Female,Mumbai,2021-12-31,475,39,4.4,0,4,12,0,High,92.62,0.19498947368421055,1415.3300000000002,2.9796421052631583,1703,0.08210526315789474,12971,2.11,38.0,Business
T01153,R0226,11.38,88.26,165.7,2024-08-15,0,0.36373572553076783,0.7039835435265783,0,3,8,0,1,0,0,0,0,0,1,0,0,0,0,0,0,5.116195789756748,2.5160822672564502,9.394679345246436,0.37381177794784143,0.7039835435265783,0.7332613749237901,0.43158146455521307,0.4396284829721363,0.43842094782955005,0,14.560632688927942,0,Zone_3,Aarav Iyer,20,Other,Surat,2021-07-30,266,2,3.25,0,4,7,2,Medium,53.21,0.2000375939849624,906.6800000000001,3.408571428571429,1857,0.007518796992481203,12971,2.11,38.0,Business
T01154,R0183,6.58,47.62,54.52,2024-05-12,0,-0.9366059333963348,-0.3747186792187548,0,6,5,1,0,0,0,0,0,0,1,0,0,0,0,0,0,4.016743316198549,2.0255131996542803,6.900724599634447,-0.9466150079153706,-0.3747186792187548,-0.3965185654287284,0.13617281326389627,0.25386996904024767,0.23611111111111108,0,8.285714285714286,0,Zone_3,Arjun Patel,43,Other,Jaipur,2022-08-27,406,66,3.79,0,5,8,2,High,57.78,0.14231527093596058,851.14,2.0964039408866997,1464,0.1625615763546798,12971,2.11,38.0,Business
T01155,R0154,19.86,142.38,189.24,2023-12-11,0,0.6390554111859579,2.6096908037099995,0,0,12,0,1,0,0,0,1,0,0,0,0,0,0,0,0,5.248286432942471,3.0378334495726262,11.932309080810805,0.653384061984719,2.6096908037099995,2.2377813151767008,0.4941279625890105,0.7678018575851393,0.7078355236957388,0,9.528700906344412,0,Zone_10,Kavya Patel,18,Other,Kolkata,2019-03-25,466,79,4.68,0,0,3,2,High,138.62,0.2974678111587983,2059.52,4.419570815450644,2715,0.16952789699570817,2440,1.54,35.4,Industrial
T01156,R0234,7.44,68.85,171.29,2024-06-25,0,0.42911537900623564,-0.18145119764354922,0,1,6,1,0,0,0,1,0,0,0,0,0,0,0,0,0,5.149179103544315,2.132982308607866,8.297590011563598,0.44020128804835734,-0.18145119764354922,0.19366913471113284,0.44643426506536293,0.28715170278637775,0.34179609717244125,0,23.02284946236559,0,Zone_1,Saanvi Nair,32,Other,Pune,2022-12-01,183,31,3.98,0,3,12,2,Medium,63.46,0.34677595628415303,1138.75,6.222677595628415,1368,0.16939890710382513,4921,2.43,30.9,Residential
T01157,R0231,8.4,75.64,141.77,2024-07-17,0,0.08385466870287124,0.03428924690551736,0,2,7,1,0,0,0,0,0,0,0,0,0,0,1,0,0,4.961234943801129,2.2407096892759584,8.69712596206356,0.0896076676248819,0.03428924690551736,0.3824291198241645,0.3679987246253587,0.32430340557275544,0.3755973715651135,0,16.877380952380953,0,Zone_7,Ishaan Nair,19,Other,Mumbai,2019-08-26,328,22,4.81,0,0,8,2,High,59.290000000000006,0.18076219512195124,731.53,2.230274390243902,2561,0.06707317073170732,11070,0.64,45.2,Industrial
T01158,R0197,6.37,41.96,155.87,2023-10-07,1,0.24876578033151078,-0.4219119014638631,0,5,10,0,0,1,0,0,0,0,0,0,0,0,0,1,0,5.055417436868149,1.9974177062012453,6.477653896280659,0.2570660025832493,-0.4219119014638631,-0.5538648858616824,0.40546285471357213,0.24574303405572756,0.20793508562325766,0,24.46938775510204,1,Zone_8,Saanvi Das,29,Female,Bengaluru,2020-10-08,475,87,3.87,0,3,10,0,High,71.08,0.14964210526315788,973.0,2.048421052631579,2152,0.1831578947368421,4516,1.93,31.0,Business
T01159,R0212,0.47000000000000003,4.04,4.82,2023-06-10,0,-1.5178883623284902,-1.7478167169216683,0,5,6,0,0,0,1,0,0,0,0,0,0,0,1,0,0,1.7613002617433464,0.38526240079064494,2.009975124224178,-1.5368759474494744,-1.7478167169216683,-1.6080296333559612,0.004118397279200766,0.017414860681114554,0.01916567104739148,0,10.25531914893617,0,Zone_7,Aadhya Iyer,36,Female,Ahmedabad,2023-09-11,73,12,3.22,0,0,9,0,Low,58.58,0.8024657534246575,1128.49,15.458767123287672,1084,0.1643835616438356,11070,0.64,45.2,Industrial
T01160,R0094,6.68,65.51,134.89,2023-03-17,0,0.003387402886910653,-0.35224571624489376,0,4,3,0,0,0,1,0,0,0,1,0,0,0,0,0,0,4.911845734932406,2.038619547159581,8.093824806604106,0.007897501347323593,-0.35224571624489376,0.1008181258337362,0.3497183547667127,0.25773993808049533,0.3251692552767822,0,20.19311377245509,0,Zone_3,Diya Iyer,41,Other,Delhi,2023-04-13,480,62,4.87,0,3,4,2,High,47.72,0.09941666666666667,749.6,1.5616666666666668,1235,0.12916666666666668,12971,2.11,38.0,Business
T01161,R0021,9.16,49.15,114.53,2024-08-06,0,-0.23473956397543685,0.2050837655068617,0,1,8,0,0,1,0,0,0,0,1,0,0,0,0,0,0,4.749530236494927,2.318458442150336,7.010706098532443,-0.23390758374149617,0.2050837655068617,-0.35398501944596866,0.2956212137315336,0.3537151702786378,0.2437275985663082,0,12.503275109170305,0,Zone_3,Diya Ghosh,37,Female,Pune,2019-05-08,380,17,3.91,0,2,5,0,High,34.72,0.09136842105263157,678.44,1.7853684210526317,2671,0.04473684210526316,12971,2.11,38.0,Business
T01162,R0013,15.5,122.4,248.96,2024-02-05,0,1.337529991786125,1.6298696180496557,0,0,2,1,0,0,0,0,0,0,0,1,0,0,0,0,0,5.521300905060881,2.803360380906535,11.063453348751466,1.362647307638173,1.6298696180496557,1.6823432441077215,0.652805824210862,0.5990712074303406,0.6083731581043409,0,16.06193548387097,0,Zone_4,Ishaan Gupta,43,Female,Kolkata,2019-04-01,6,0,3.91,0,0,4,0,Low,80.51,13.418333333333335,1432.84,238.80666666666664,2708,0.0,4038,2.46,48.2,Business
T01163,R0052,10.46,55.26,108.33,2024-04-13,0,-0.30725366979795926,0.4972322841670562,0,5,4,1,0,0,0,0,0,0,0,0,1,0,0,0,0,4.694370831446394,2.4388627112865935,7.43370701601832,-0.3075417452125514,0.4972322841670562,-0.18412883254749707,0.2791476246147306,0.40402476780185764,0.27414376742333735,0,10.3565965583174,0,Zone_5,Reyansh Singh,23,Other,Hyderabad,2021-03-09,40,7,4.74,0,1,3,2,Low,30.590000000000003,0.76475,514.66,12.866499999999998,2000,0.175,2590,1.31,43.9,Business
T01164,R0126,7.05,66.14,86.28,2023-12-15,0,-0.5651465784087041,-0.26909575324160767,0,4,12,0,1,0,0,0,0,0,0,0,0,0,0,0,1,4.469121341524815,2.0856720914304723,8.132650244538985,-0.5694180775410621,-0.26909575324160767,0.11833193888546065,0.22056010202997128,0.27205882352941174,0.32830545599362804,0,12.238297872340427,0,Zone_9,Diya Reddy,29,Female,Surat,2022-09-25,411,20,3.65,0,6,9,0,High,35.7,0.08686131386861315,414.91999999999996,1.009537712895377,1435,0.04866180048661801,11037,1.83,56.1,Mixed
T01165,R0032,8.3,67.39,175.63,2023-12-15,0,0.47987525308200135,0.011816283931656334,0,4,12,0,0,1,0,0,0,0,1,0,0,0,0,0,0,5.174057149167352,2.2300144001592104,8.209141246196218,0.49174520107809605,0.011816283931656334,0.15308156795634273,0.4579657774471251,0.3204334365325078,0.33452807646356036,0,21.16024096385542,0,Zone_3,Kavya Reddy,18,Female,Mumbai,2023-09-20,213,24,4.0,0,2,9,0,Medium,66.19,0.3107511737089202,1378.79,6.473192488262911,1075,0.11267605633802817,12971,2.11,38.0,Business
T01166,R0142,9.64,71.93,131.44,2023-07-01,0,-0.03696318825626699,0.3129539877813951,0,5,7,0,1,0,0,1,0,0,0,0,0,0,0,0,0,4.886129712679046,2.3646204839134985,8.481155581640984,-0.0330763465680215,0.3129539877813951,0.2792922207417866,0.34055159953236264,0.37229102167182665,0.3571286340103545,0,13.634854771784232,0,Zone_1,Meera Nair,33,Female,Kolkata,2021-03-04,78,5,3.48,0,3,3,0,Low,27.12,0.3476923076923077,419.5,5.378205128205129,2005,0.0641025641025641,4921,2.43,30.9,Residential
T01167,R0130,6.11,44.64,64.43,2024-01-06,0,-0.8207003223154966,-0.4803416051959019,0,5,1,1,0,0,0,0,0,0,0,0,0,0,0,0,1,4.180980868881647,1.9615022438151495,6.681317235396026,-0.8289191143382485,-0.4803416051959019,-0.47936168113371114,0.16250398554575407,0.23568111455108362,0.2212763839107925,0,10.545008183306056,0,Zone_9,Diya Ghosh,27,Female,Pune,2019-02-16,316,62,3.62,0,5,2,0,Medium,50.9,0.1610759493670886,896.33,2.836487341772152,2752,0.1962025316455696,11037,1.83,56.1,Mixed
T01168,R0063,11.41,106.3,220.99,2024-05-20,0,1.010397807938391,0.7107254324187365,0,0,5,0,0,0,1,0,0,0,0,1,0,0,0,0,0,5.402632335812676,2.5185025992165158,10.310189135025603,1.0304622275824613,0.7107254324187365,1.23476802167476,0.5784886810500585,0.44078947368421056,0.5282258064516129,0,19.368098159509202,0,Zone_4,Diya Iyer,34,Male,Surat,2023-04-21,329,33,4.83,0,4,4,1,High,67.55,0.2053191489361702,1244.56,3.7828571428571425,1227,0.10030395136778116,4038,2.46,48.2,Business
T01169,R0241,16.13,160.35,197.92,2023-11-09,0,0.740575159337489,1.7714492847849803,0,3,11,0,1,0,0,0,0,0,0,0,1,0,0,0,0,5.292902733846538,2.8408313123360287,12.662938047704412,0.756471888044196,1.7714492847849803,2.7373419826997014,0.5171909873525348,0.6234520123839009,0.7972919155714855,0,12.270303781773094,0,Zone_5,Kavya Gupta,34,Female,Chennai,2020-01-13,165,3,3.28,0,0,1,0,Medium,45.72,0.2770909090909091,762.15,4.619090909090909,2421,0.01818181818181818,2590,1.31,43.9,Business
T01170,R0285,6.18,37.37,85.02,2023-03-17,0,-0.5798833160436039,-0.4646105311141993,0,4,3,1,0,0,0,0,0,1,0,0,0,0,0,0,0,4.45457982735559,1.9712993830601329,6.11310068623117,-0.5843824393884057,-0.4646105311141993,-0.6814655238099614,0.21721224359655647,0.23839009287925697,0.18508562325766625,0,13.757281553398059,0,Zone_2,Diya Iyer,29,Female,Chennai,2019-01-10,244,16,4.97,0,3,1,0,Medium,62.89,0.25774590163934424,1105.3799999999999,4.5302459016393435,2789,0.06557377049180328,6371,0.91,58.4,Residential
T01171,R0239,14.04,139.0,244.43,2023-02-23,0,1.2845479112416045,1.3017643586312833,0,3,2,0,1,0,0,0,0,0,0,0,0,1,0,0,0,5.503011774193717,2.7107133185216936,11.789826122551595,1.3088468638536763,1.3017643586312833,2.1438183181690356,0.6407694760335849,0.5425696594427245,0.6910095579450418,0,17.40954415954416,0,Zone_6,Diya Iyer,36,Male,Mumbai,2020-03-13,268,10,3.36,0,4,3,1,Medium,15.87,0.05921641791044776,264.33,0.9863059701492537,2361,0.03731343283582089,14627,0.54,37.6,Mixed
T01172,R0066,12.38,74.37,101.96,2024-04-14,0,-0.3817560656188412,0.9287131732651894,0,6,4,0,0,1,0,0,0,0,0,0,0,0,1,0,0,4.634340563287871,2.5937610547000824,8.623804264940155,-0.38319490788523236,0.9287131732651894,0.3471234966881484,0.2622223403124668,0.4783281733746131,0.36927518916766233,0,8.235864297253634,0,Zone_7,Arjun Patel,38,Female,Bengaluru,2022-06-03,167,28,4.72,0,4,6,0,Medium,42.47,0.25431137724550895,576.14,3.449940119760479,1549,0.16766467065868262,11070,0.64,45.2,Industrial
T01173,R0202,10.69,59.82,106.28,2023-01-04,0,-0.33123010801347064,0.5489200990069365,0,2,1,1,0,0,0,0,0,1,0,0,0,0,0,0,0,4.675442238973423,2.458733775483977,7.734339015067803,-0.33188852440862604,0.5489200990069365,-0.057362185696919164,0.27370071208417474,0.41292569659442724,0.29684388689765034,0,9.94200187090739,0,Zone_2,Aadhya Reddy,27,Male,Ahmedabad,2021-10-28,317,0,4.72,0,3,10,1,Medium,73.7,0.23249211356466878,909.14,2.86794952681388,1767,0.0,6371,0.91,58.4,Residential
T01174,R0182,8.56,69.75,149.43,2024-07-27,0,0.1734446768642456,0.07024598766369516,0,5,7,0,0,1,0,1,0,0,0,0,0,0,0,0,0,5.013497859709733,2.25758772706331,8.351646544245034,0.18058148647460487,0.07024598766369516,0.21868886764216808,0.3883515782761186,0.33049535603715174,0.3462763839107925,0,17.45677570093458,0,Zone_1,Meera Patel,43,Male,Jaipur,2020-09-30,8,0,4.4,0,2,9,1,Low,49.53,6.19125,835.81,104.47625,2160,0.0,4921,2.43,30.9,Residential
T01175,R0122,9.69,65.12,237.59,2024-03-16,1,1.2045484783664346,0.3241904692683254,0,5,3,1,0,0,0,0,1,0,0,0,0,0,0,0,0,5.474746597637154,2.3693087250369538,8.069696400732806,1.2276117566823832,0.3241904692683254,0.08997624156362098,0.6225953873950473,0.37422600619195046,0.3232277976901633,0,24.519091847265223,1,Zone_10,Ishaan Patel,27,Female,Kolkata,2022-11-22,324,17,4.98,0,1,11,0,Medium,16.52,0.05098765432098765,351.99,1.0863888888888888,1377,0.05246913580246913,2440,1.54,35.4,Industrial
T01176,R0250,6.91,41.03,166.82,2023-05-02,0,0.37683504787290095,-0.30055790140501315,0,1,5,1,0,0,0,0,0,0,1,0,0,0,0,0,0,5.122891976441923,2.0681277817795625,6.4054664154923175,0.3871134329232579,-0.30055790140501315,-0.5797186098904186,0.4345573387182485,0.26664086687306504,0.20330545599362804,0,24.141823444283645,0,Zone_3,Aadhya Iyer,34,Female,Jaipur,2021-02-01,163,31,4.63,0,0,2,0,Low,75.32,0.46208588957055213,1127.31,6.91601226993865,2036,0.1901840490797546,12971,2.11,38.0,Business
T01177,R0253,17.18,169.04,379.63,2023-06-17,0,3.2320194855171205,2.007415396010522,0,5,6,0,0,0,1,0,0,0,0,0,0,1,0,0,0,5.94182777466688,2.900322088749333,13.001538370516005,2.9145466430289444,2.007415396010522,2.9789214040004737,0.9999999999999999,0.6640866873065016,0.8405515730784547,0,22.09720605355064,0,Zone_6,Ishaan Gupta,26,Male,Surat,2021-08-19,173,24,3.16,0,3,8,1,Medium,49.82,0.28797687861271676,744.61,4.304104046242775,1837,0.13872832369942195,14627,0.54,37.6,Mixed
T01178,R0131,4.41,41.48,64.51,2023-05-07,0,-0.8197646564339157,-0.8623819757515407,0,6,5,0,1,0,0,0,0,0,0,0,1,0,0,0,0,4.182202802743785,1.6882490928583902,6.440496875241847,-0.8279689961257188,-0.8623819757515407,-0.5672087434249011,0.16271654798597088,0.16989164086687308,0.20554559936280364,0,14.6281179138322,0,Zone_5,Reyansh Ghosh,24,Male,Surat,2019-10-22,99,7,3.6,0,1,10,1,Low,26.97,0.2724242424242424,435.23,4.396262626262627,2504,0.0707070707070707,2590,1.31,43.9,Business
T01179,R0191,13.67,108.06,329.01,2023-05-07,0,2.2737806645430467,1.2186143956279976,0,6,5,0,1,0,0,0,0,0,0,1,0,0,0,0,0,5.7991229570317016,2.6858045921548905,10.395191195932858,2.3133593440507485,1.2186143956279976,1.2836954994065621,0.8655011159528111,0.528250773993808,0.5369872560732776,0,24.068032187271395,0,Zone_4,Meera Gupta,33,Other,Surat,2020-08-14,87,6,4.56,0,4,8,2,Low,83.17,0.9559770114942528,1326.52,15.24735632183908,2207,0.06896551724137931,4038,2.46,48.2,Business
T01180,R0044,15.75,82.66,363.04,2023-01-04,0,2.6717895389205366,1.6860520254843085,0,2,1,0,0,1,0,0,0,0,1,0,0,0,0,0,0,5.897263751709155,2.8183982582710754,9.091754506144564,2.717515878705589,1.6860520254843085,0.5775830366862381,0.9559198639600384,0.6087461300309598,0.4105436081242533,0,23.05015873015873,0,Zone_3,Arjun Gupta,36,Female,Hyderabad,2020-08-01,271,5,3.21,0,5,8,0,Medium,102.26,0.37734317343173435,1660.52,6.127380073800738,2220,0.01845018450184502,12971,2.11,38.0,Business
T01181,R0252,6.38,61.03,138.42,2023-03-03,0,0.044673659911669376,-0.4196646051664771,0,4,3,1,0,0,0,0,0,0,0,0,0,1,0,0,0,4.937490960058253,1.998773638612381,7.812169993030106,0.049821467475198576,-0.4196646051664771,-0.023724544756305286,0.3590976724412796,0.24613003095975233,0.30286738351254483,0,21.69592476489028,0,Zone_6,Reyansh Gupta,38,Other,Ahmedabad,2020-09-23,392,47,4.83,0,2,9,2,High,100.41,0.25614795918367345,1682.05,4.290943877551021,2167,0.11989795918367346,14627,0.54,37.6,Mixed
T01182,R0072,13.83,122.5,281.82,2023-03-03,0,1.7218547526454935,1.2545711363861753,0,4,3,0,1,0,0,0,0,0,0,0,0,0,0,1,0,5.64481065287963,2.696652156149841,11.067971810589327,1.7529083634347655,1.2545711363861753,1.6851232144333919,0.7401158465299181,0.5344427244582044,0.6088709677419355,0,20.377440347071584,0,Zone_8,Saanvi Das,25,Other,Jaipur,2023-11-05,62,10,4.07,0,6,11,2,Low,48.64,0.7845161290322581,732.14,11.808709677419355,1029,0.16129032258064516,4516,1.93,31.0,Business
T01183,R0115,8.72,69.04,110.42,2023-08-07,0,-0.28280939864165733,0.10620272842187295,0,0,8,1,0,0,0,0,0,0,0,0,0,0,1,0,0,4.71330684459267,2.2741856184723477,8.309031231136396,-0.28271990691021176,0.10620272842187295,0.19895107832990724,0.28470081836539485,0.33668730650154804,0.342741935483871,0,12.662844036697248,0,Zone_7,Aarav Ghosh,40,Female,Bengaluru,2020-03-01,170,15,4.4,0,6,3,0,Medium,83.48,0.49105882352941177,1425.97,8.388058823529413,2373,0.08823529411764706,11070,0.64,45.2,Industrial
T01184,R0230,8.31,54.59,85.45,2023-01-02,0,-0.5748541119301063,0.014063580229042397,0,0,1,0,0,1,0,0,1,0,0,0,0,0,0,0,0,4.4595662121293,2.231089091288976,7.38850458482635,-0.5792755539960582,0.014063580229042397,-0.2027546337294897,0.21835476671272186,0.32082043343653255,0.2708084428514536,0,10.282791817087846,0,Zone_10,Kavya Gupta,32,Male,Chennai,2022-11-22,183,23,3.65,0,1,11,1,Medium,58.66,0.32054644808743166,908.22,4.962950819672131,1377,0.12568306010928962,2440,1.54,35.4,Industrial
T01185,R0177,7.63,69.09,99.76,2023-10-17,0,-0.4074868773623167,-0.13875256799321325,0,1,10,1,0,0,0,0,0,0,0,0,0,0,0,0,1,4.61274145148441,2.1552445050953364,8.312039460926542,-0.4093231587298002,-0.13875256799321325,0.20034106349274244,0.25637687320650443,0.2945046439628483,0.3429908403026683,0,13.07470511140236,0,Zone_9,Ishaan Reddy,34,Other,Bengaluru,2023-02-15,489,63,4.48,0,2,2,2,High,115.74,0.23668711656441715,1866.76,3.8175051124744375,1292,0.12883435582822086,11037,1.83,56.1,Mixed
T01186,R0191,0.07,0.37,3.27,2023-10-27,1,-1.5560167470029131,-1.8377085688171126,0,4,10,1,0,0,0,0,0,0,0,0,1,0,0,0,0,1.451613827240533,0.06765864847381481,0.6082762530298219,-1.555284487817238,-1.8377085688171126,-1.710054544308071,0.0,0.0019349845201238395,0.000896057347670251,0,46.71428571428571,1,Zone_5,Meera Gupta,33,Other,Surat,2020-08-14,87,6,4.56,0,4,8,2,Low,83.17,0.9559770114942528,1326.52,15.24735632183908,2207,0.06896551724137931,2590,1.31,43.9,Business
T01187,R0200,10.74,71.5,180.04,2024-02-22,0,0.5314538348041503,0.5601565804938672,0,3,2,0,0,1,0,1,0,0,0,0,0,0,0,0,0,5.198718001325282,2.4630018143999504,8.455767262643882,0.5441204675437982,0.5601565804938672,0.267338348341403,0.46968328196407694,0.4148606811145511,0.35498805256869775,0,16.763500931098694,0,Zone_1,Kavya Kumar,30,Other,Bengaluru,2021-11-15,443,87,3.6,0,0,11,2,High,39.97,0.09022573363431151,489.45000000000005,1.1048532731376977,1749,0.1963882618510158,4921,2.43,30.9,Residential
T01188,R0073,15.22,114.91,136.56,2023-12-30,0,0.022919428164912832,1.5669453217228448,0,5,12,0,0,1,0,0,0,0,0,0,0,0,0,0,1,4.924060185564065,2.7862450486872667,10.719608201795436,0.027731219033882197,1.5669453217228448,1.4741234667149958,0.3541555957062387,0.5882352941176471,0.5710872162485066,0,8.972404730617608,0,Zone_9,Meera Das,41,Other,Ahmedabad,2021-06-19,490,30,3.01,0,5,6,2,High,78.61,0.16042857142857142,1275.7,2.6034693877551023,1898,0.061224489795918366,11037,1.83,56.1,Mixed
T01189,R0224,4.48,38.75,48.76,2023-04-02,0,-1.0039738768701623,-0.8466509016698379,0,6,4,1,0,0,0,0,1,0,0,0,0,0,0,0,0,3.907211448430924,1.7011051009599243,6.224949798994366,-1.0150235192175123,-0.8466509016698379,-0.6431019333157075,0.12086831756828569,0.17260061919504646,0.1919553962564715,0,10.88392857142857,0,Zone_10,Ishaan Sharma,29,Female,Ahmedabad,2020-08-04,200,1,4.31,0,1,8,0,Medium,41.71,0.20855,514.14,2.5707,2217,0.005,2440,1.54,35.4,Industrial
T01190,R0244,12.24,85.58,237.42,2023-07-16,0,1.202560188368075,0.8972510251017838,0,6,7,0,0,0,1,0,0,0,0,0,0,0,0,1,0,5.474033824289855,2.5832425505088623,9.250945897582582,1.2255927554807573,0.8972510251017838,0.6587581701958187,0.6221436922095865,0.4729102167182663,0.42507964954201516,0,19.39705882352941,0,Zone_8,Aadhya Iyer,24,Female,Kolkata,2019-04-22,27,1,3.13,0,0,4,0,Low,35.31,1.307777777777778,648.21,24.00777777777778,2687,0.037037037037037035,4516,1.93,31.0,Business
T01191,R0084,7.57,43.46,141.47,2024-08-04,0,0.08034592164694261,-0.1522363457775298,0,6,8,1,0,0,0,0,0,0,0,0,0,1,0,0,0,4.9591314512291405,2.1482677326096886,6.592419889539804,0.08604472432789521,-0.1522363457775298,-0.5121653309766239,0.36720161547454566,0.29218266253869973,0.2154022301871764,0,18.688243064729193,0,Zone_6,Kavya Sharma,38,Male,Jaipur,2019-07-21,366,6,4.67,0,6,7,1,High,74.9,0.20464480874316943,1435.8400000000001,3.923060109289618,2597,0.01639344262295082,14627,0.54,37.6,Mixed
T01192,R0108,2.54,20.77,23.83,2023-03-02,0,-1.2955507572178206,-1.2826263833627434,0,3,3,1,0,0,0,1,0,0,0,0,0,0,0,0,0,3.2120525995200753,1.264126727145683,4.557411546042337,-1.311104107197094,-1.2826263833627434,-1.1429405978712752,0.054628547135721114,0.0975232198142415,0.10244922341696536,0,9.381889763779526,0,Zone_1,Reyansh Gupta,18,Male,Pune,2019-05-31,184,32,4.88,0,4,5,1,Medium,43.6,0.23695652173913045,874.89,4.754836956521739,2648,0.17391304347826086,4921,2.43,30.9,Residential
T01193,R0163,12.99,115.6,206.05,2023-11-02,0,0.8356622045531517,1.065798247405742,0,3,11,1,0,0,0,0,0,0,0,1,0,0,0,0,0,5.332960309991576,2.63834278867739,10.75174404457249,0.8530276513925316,1.065798247405742,1.4933052619621228,0.5387926453395685,0.5019349845201239,0.5745221027479092,0,15.862201693610471,0,Zone_4,Kavya Gupta,33,Other,Ahmedabad,2020-02-20,302,21,3.56,0,3,2,2,Medium,18.79,0.06221854304635761,324.68,1.0750993377483444,2383,0.0695364238410596,4038,2.46,48.2,Business
T01194,R0189,16.43,110.61,370.62,2023-01-22,0,2.76044388120033,1.838868173706564,0,6,1,0,0,0,1,0,1,0,0,0,0,0,0,0,0,5.917871826804609,2.8581928595319295,10.517128885774863,2.807539579342782,1.838868173706564,1.3545847427111615,0.9760601551705813,0.635061919504644,0.5496814018319395,0,22.557516737674984,0,Zone_10,Reyansh Gupta,29,Female,Delhi,2019-09-16,238,42,3.28,0,0,9,0,Medium,72.03,0.30264705882352944,1480.7,6.2214285714285715,2540,0.17647058823529413,2440,1.54,35.4,Industrial
T01195,R0221,4.03,31.97,76.46,2024-02-28,0,-0.6799995653727638,-0.947779235052213,0,2,2,0,1,0,0,0,0,0,0,0,0,0,0,0,1,4.349761674086606,1.6154199841116479,5.654201977290871,-0.6860450881290884,-0.947779235052213,-0.831583921396172,0.1944680624933574,0.1551857585139319,0.15820390282755872,0,18.972704714640194,0,Zone_9,Diya Patel,21,Female,Delhi,2021-01-13,106,1,4.41,0,2,1,0,Low,58.73,0.5540566037735849,913.29,8.615943396226415,2055,0.009433962264150943,11037,1.83,56.1,Mixed
T01196,R0290,9.08,79.35,184.31,2023-06-10,0,0.5813950012335327,0.1871053951277728,0,5,6,1,0,0,0,0,1,0,0,0,0,0,0,0,0,5.222030098375917,2.3105532626432224,8.907861696277058,0.5948330271375734,0.1871053951277728,0.48556601890654233,0.48102880221064936,0.3506191950464396,0.39406610911987255,0,20.298458149779737,0,Zone_10,Saanvi Kumar,34,Other,Chennai,2020-05-06,169,4,4.28,0,2,5,2,Medium,68.22,0.40366863905325445,1077.67,6.376745562130178,2307,0.023668639053254437,2440,1.54,35.4,Industrial
T01197,R0252,0.8,5.53,18.9,2024-04-16,0,-1.3532111671702456,-1.6736559391079266,0,1,4,0,0,0,1,0,0,0,0,0,0,1,0,0,0,2.990719731730447,0.5877866649021191,2.3515952032609695,-1.3696551420442393,-1.6736559391079266,-1.5666080755034697,0.041529386757359975,0.030185758513931894,0.02658303464755078,0,23.624999999999996,0,Zone_6,Reyansh Gupta,38,Other,Ahmedabad,2020-09-23,392,47,4.83,0,2,9,2,High,100.41,0.25614795918367345,1682.05,4.290943877551021,2167,0.11989795918367346,14627,0.54,37.6,Mixed
T01198,R0208,7.79,60.7,119.71,2023-04-08,0,-0.17415519814307145,-0.10279582723503546,0,5,4,0,0,1,0,0,0,0,1,0,0,0,0,0,0,4.793390974713035,2.1736147116970854,7.791020472312982,-0.1723874294801953,-0.10279582723503546,-0.032898446831018106,0.3093846317355723,0.3006965944272446,0.3012246117084827,0,15.367137355584081,0,Zone_3,Aadhya Iyer,24,Other,Chennai,2020-01-08,356,53,4.75,0,2,1,2,High,49.42,0.13882022471910113,602.13,1.691376404494382,2426,0.14887640449438203,12971,2.11,38.0,Business
T01199,R0083,10.43,100.41,159.66,2024-05-24,0,0.2930929514714074,0.49049039527489763,0,4,5,0,0,1,0,0,0,0,1,0,0,0,0,0,0,5.079290330745667,2.4362414778067194,10.020479030465559,0.3020778529018458,0.49049039527489763,1.0710277694927637,0.41553300031884366,0.40286377708978327,0.4989048187972919,0,15.307766059443912,0,Zone_3,Kavya Patel,45,Female,Mumbai,2021-12-31,475,39,4.4,0,4,12,0,High,92.62,0.19498947368421055,1415.3300000000002,2.9796421052631583,1703,0.08210526315789474,12971,2.11,38.0,Business
T01200,R0064,16.76,125.35,354.36,2024-03-29,0,2.5702697907690055,1.913028951520306,0,4,3,0,1,0,0,1,0,0,0,0,0,0,0,0,0,5.873131360146117,2.876948737564024,11.195981421920992,2.6144280526461112,1.913028951520306,1.764352368715003,0.932856839196514,0.6478328173374615,0.6230585424133811,0,21.143198090692124,0,Zone_1,Ishaan Nair,21,Female,Bengaluru,2023-09-30,214,2,4.21,0,5,9,0,Medium,56.56,0.26429906542056075,1092.19,5.103691588785047,1065,0.009345794392523364,4921,2.43,30.9,Residential
T01201,R0187,15.79,83.24,239.29,2024-06-26,0,1.2244313783500294,1.6950412106738526,0,2,6,1,0,0,0,0,0,0,0,1,0,0,0,0,0,5.481846527228154,2.8207834710894493,9.123595782365635,1.24780176869864,1.6950412106738526,0.5937068645751273,0.6271123392496546,0.6102941176470589,0.41343090402230187,0,15.154528182393921,0,Zone_4,Saanvi Reddy,27,Other,Surat,2022-08-05,357,38,4.71,0,4,8,2,High,75.58,0.21170868347338936,1363.34,3.818879551820728,1486,0.10644257703081232,4038,2.46,48.2,Business
T01202,R0203,16.21,127.57,294.23,2023-07-27,0,1.866999922525736,1.7894276551640698,0,3,7,1,0,0,0,0,0,0,0,0,0,0,1,0,0,5.687754713579004,2.845490610223448,11.294689017409908,1.9002954511534422,1.7894276551640698,1.8260677099448896,0.7730895950685515,0.6265479876160991,0.6341099163679809,0,18.15114127082048,0,Zone_7,Kavya Gupta,49,Female,Bengaluru,2023-07-25,152,9,3.6,0,1,7,0,Low,38.78,0.25513157894736843,698.6500000000001,4.596381578947369,1132,0.05921052631578947,11070,0.64,45.2,Industrial
T01203,R0008,5.36,39.28,112.46,2023-11-18,0,-0.2589499186613436,-0.6488888274998602,0,5,11,0,1,0,0,0,0,0,0,0,1,0,0,0,0,4.731450351898421,1.8500283773520307,6.267375846396959,-0.2584918924907034,-0.6488888274998602,-0.6283680905896535,0.2901211605909236,0.20665634674922603,0.1945937873357228,0,20.98134328358209,0,Zone_5,Ishaan Ghosh,28,Female,Jaipur,2022-10-01,215,23,4.02,0,5,10,0,Medium,48.25,0.22441860465116278,893.27,4.1547441860465115,1429,0.10697674418604651,2590,1.31,43.9,Business
T01204,R0300,6.77,37.69,106.62,2023-06-26,0,-0.3272535280167516,-0.3320200495684188,0,0,6,1,0,0,0,0,0,0,0,1,0,0,0,0,0,4.678606504061274,2.050270164379556,6.139218191268331,-0.3278505220053746,-0.3320200495684188,-0.6725696187678156,0.2746041024550962,0.2612229102167183,0.1866786140979689,0,15.748892171344167,0,Zone_4,Saanvi Iyer,38,Female,Kolkata,2023-07-08,291,7,3.67,0,5,7,0,Medium,54.879999999999995,0.1885910652920962,996.77,3.4253264604810996,1149,0.024054982817869417,4038,2.46,48.2,Business
T01205,R0068,0.32,2.47,7.58,2024-03-22,0,-1.485607889413948,-1.7815261613824598,0,4,3,0,1,0,0,0,0,0,0,1,0,0,0,0,0,2.149433913499871,0.2776317365982795,1.5716233645501712,-1.5040968691171983,-1.7815261613824598,-1.6516751674689891,0.011451801466680839,0.011609907120743035,0.011350059737156512,0,23.6875,0,Zone_4,Meera Singh,30,Female,Ahmedabad,2022-08-31,456,70,4.97,0,2,8,0,High,71.8,0.15745614035087718,1100.63,2.4136622807017547,1460,0.15350877192982457,4038,2.46,48.2,Business
T01206,R0121,4.42,24.44,107.66,2023-06-21,1,-0.3150898715561996,-0.8601346794541547,0,2,6,1,0,0,0,0,0,1,0,0,0,0,0,0,0,4.688223741123377,1.6900958154515549,4.94368283772331,-0.31549898524248804,-0.8601346794541547,-1.0409156869191656,0.2773674141779147,0.17027863777089783,0.12071883711668659,0,24.357466063348415,1,Zone_2,Diya Iyer,29,Male,Pune,2023-07-13,378,10,4.17,0,3,7,1,High,87.96,0.23269841269841268,1464.3799999999999,3.8740211640211637,1144,0.026455026455026454,6371,0.91,58.4,Residential
T01207,R0003,0.74,6.07,12.1,2024-02-08,0,-1.4327427671046251,-1.6871397168922433,0,3,2,0,0,0,1,0,0,0,0,0,0,0,0,0,1,2.5726122302071057,0.5538851132264376,2.463736998950984,-1.4504151901092677,-1.6871397168922433,-1.5515962357448487,0.02346157933893081,0.027863777089783284,0.02927120669056153,0,16.35135135135135,0,Zone_9,Kavya Reddy,34,Male,Pune,2023-05-04,45,9,3.76,0,3,5,1,Low,67.68,1.5040000000000002,971.71,21.593555555555557,1214,0.2,11037,1.83,56.1,Mixed
T01208,R0141,9.83,88.25,225.18,2024-06-22,0,1.0594033084861925,0.3556526174317311,0,5,6,0,0,0,1,0,0,0,0,0,1,0,0,0,0,5.421331142443181,2.382320061012899,9.394147114027968,1.0802246689637065,0.3556526174317311,0.7329833778912229,0.589621638856414,0.3796439628482972,0.43837116686579053,0,22.90742624618515,0,Zone_5,Arjun Das,25,Other,Jaipur,2019-07-08,53,0,4.29,0,0,7,2,Low,30.32,0.5720754716981132,542.7,10.239622641509435,2610,0.0,2590,1.31,43.9,Business
T01209,R0068,4.52,42.25,53.93,2023-08-23,0,-0.9435064692729942,-0.8376617164802936,0,2,8,1,0,0,0,0,0,0,1,0,0,0,0,0,0,4.006059647354529,1.7083778602890038,6.5,-0.9536221297327775,-0.8376617164802936,-0.5458029719172377,0.13460516526729727,0.1741486068111455,0.20937873357228196,0,11.93141592920354,0,Zone_3,Meera Singh,30,Female,Ahmedabad,2022-08-31,456,70,4.97,0,2,8,0,High,71.8,0.15745614035087718,1100.63,2.4136622807017547,1460,0.15350877192982457,12971,2.11,38.0,Business
T01210,R0062,2.49,21.64,21.47,2023-04-03,0,-1.3231529007244582,-1.293862864849674,0,0,4,1,0,0,0,1,0,0,0,0,0,0,0,0,0,3.112181086197238,1.2499017362143359,4.651881339845203,-1.3391325944667214,-1.293862864849674,-1.1187548560379414,0.048357955149325116,0.09558823529411767,0.10678016726403823,0,8.622489959839356,0,Zone_1,Kavya Sharma,38,Male,Jaipur,2019-05-13,57,3,3.58,0,0,5,1,Low,66.05,1.1587719298245613,889.51,15.605438596491227,2666,0.05263157894736842,4921,2.43,30.9,Residential
T01211,R0005,6.22,54.48,66.31,2023-06-09,0,-0.7987121740983447,-0.45562134592465486,0,4,6,0,1,0,0,0,0,0,0,0,0,1,0,0,0,4.209308814022622,1.9768549529047348,7.381056834898374,-0.8065913363437995,-0.45562134592465486,-0.2058126010877275,0.16749920289084919,0.23993808049535603,0.27026085225009955,0,10.660771704180066,0,Zone_6,Diya Reddy,27,Male,Ahmedabad,2021-05-31,294,30,3.53,0,0,5,1,Medium,51.260000000000005,0.17435374149659866,926.45,3.1511904761904765,1917,0.10204081632653061,14627,0.54,37.6,Mixed
T01212,R0017,2.08,14.88,22.66,2024-05-04,0,-1.3092348707359418,-1.3860020130425046,0,5,5,0,0,1,0,0,0,0,0,0,0,1,0,0,0,3.1637858585502405,1.1249295969854831,3.8574603043971822,-1.3249995860553414,-1.3860020130425046,-1.3066808500532716,0.05151982144755022,0.07972136222910219,0.07312823576264438,0,10.894230769230768,0,Zone_6,Meera Das,49,Female,Mumbai,2023-03-18,288,21,3.83,0,5,3,0,Medium,55.980000000000004,0.19437500000000002,812.31,2.820520833333333,1261,0.07291666666666667,14627,0.54,37.6,Mixed
T01213,R0220,9.55,61.65,221.14,2023-02-16,0,1.012152181466355,0.29272832110492014,0,3,2,0,0,0,1,0,0,0,0,0,0,0,0,1,0,5.403307813738974,2.3561258599220753,7.85175139698144,1.0322436992309543,0.29272832110492014,-0.006488728737147845,0.578887235625465,0.36880804953560375,0.3059538032656312,0,23.156020942408375,0,Zone_8,Meera Ghosh,32,Female,Kolkata,2023-04-18,491,63,3.78,0,1,4,0,High,55.8,0.11364562118126273,1115.33,2.2715478615071283,1230,0.12830957230142567,4516,1.93,31.0,Business
T01214,R0248,9.42,88.49,118.68,2023-01-31,0,-0.18620189636842582,0.2635134692389005,0,1,1,0,0,1,0,0,0,0,0,1,0,0,0,0,0,4.784821514226167,2.343727036325221,9.406912352095134,-0.18462020146651562,0.2635134692389005,0.7396553066728321,0.30664789031778084,0.36377708978328177,0.4395659099960175,0,12.598726114649683,0,Zone_4,Vivaan Ghosh,18,Female,Chennai,2021-10-24,104,12,3.65,0,6,10,0,Low,57.72,0.5549999999999999,939.6600000000001,9.03519230769231,1771,0.11538461538461539,4038,2.46,48.2,Business
T01215,R0036,6.42,40.94,79.36,2024-06-19,0,-0.646081677165455,-0.4106754199769326,0,2,6,0,0,0,1,0,0,1,0,0,0,0,0,0,0,4.386516539946734,2.004179057179289,6.398437309218556,-0.6516033029248851,-0.4106754199769326,-0.5822205831835222,0.20217345095121692,0.2476780185758514,0.2028574273197929,0,12.361370716510903,0,Zone_2,Aadhya Das,30,Female,Surat,2022-03-16,177,15,4.9,0,2,3,0,Medium,65.17,0.36819209039548023,1041.52,5.884293785310734,1628,0.0847457627118644,6371,0.91,58.4,Residential
T01216,R0008,4.35,35.92,48.26,2024-03-27,0,-1.0098217886300431,-0.8758657535358575,0,2,3,1,0,0,0,0,0,0,1,0,0,0,0,0,0,3.897112392692392,1.6770965609079151,5.993329625508679,-1.0209617580458232,-0.8758657535358575,-0.7217750935321845,0.11953980231693061,0.16756965944272445,0.1778673835125448,0,11.094252873563219,0,Zone_3,Ishaan Ghosh,28,Female,Jaipur,2022-10-01,215,23,4.02,0,5,10,0,Medium,48.25,0.22441860465116278,893.27,4.1547441860465115,1429,0.10697674418604651,12971,2.11,38.0,Business
T01217,R0209,1.3,10.52,18.44,2023-09-03,0,-1.3585912459893361,-1.5612911242386212,0,6,9,0,0,0,1,0,0,0,0,0,0,1,0,0,0,2.967332799032293,0.832909122935104,3.243454948045371,-1.3751183217662855,-1.5612911242386212,-1.4278875562525084,0.0403071527261133,0.04953560371517028,0.05142373556352051,0,14.184615384615386,0,Zone_6,Vivaan Sharma,31,Other,Surat,2020-06-11,109,20,3.77,0,3,6,2,Low,58.52,0.5368807339449542,735.09,6.743944954128441,2271,0.1834862385321101,14627,0.54,37.6,Mixed
T01218,R0041,10.78,64.53,176.5,2023-10-11,0,0.49005061954419404,0.5691457656834115,0,2,10,1,0,0,0,0,0,0,0,0,0,0,0,0,1,5.178970608915471,2.4664031782234406,8.03305670339753,0.5020777366393571,0.5691457656834115,0.07357441664216455,0.4602773939844829,0.41640866873065013,0.32029072082835525,0,16.37291280148423,0,Zone_9,Aarav Nair,25,Other,Pune,2020-04-11,353,8,4.74,0,5,4,2,High,42.14,0.11937677053824362,702.16,1.9891218130311614,2332,0.0226628895184136,11037,1.83,56.1,Mixed
T01219,R0029,9.14,57.74,221.85,2023-07-21,1,1.0204562161653858,0.20058917291208958,0,4,7,1,0,0,0,0,0,0,0,0,0,0,0,1,0,5.406498899392565,2.316487998163037,7.598684096605148,1.0406759983671559,0.20058917291208958,-0.1151855684708669,0.5807737272823892,0.35294117647058826,0.286489446435683,0,24.272428884026255,1,Zone_8,Kavya Iyer,30,Male,Surat,2022-07-24,4,0,3.69,0,6,7,1,Low,59.769999999999996,14.942499999999999,1137.77,284.4425,1498,0.0,4516,1.93,31.0,Business
T01220,R0266,10.32,62.7,216.5,2023-10-15,0,0.9578835603346609,0.4657701360036505,0,6,10,0,1,0,0,0,0,0,0,0,0,0,1,0,0,5.382198850528739,2.4265710727750367,7.918333157931662,0.9771368429042292,0.4657701360036505,0.02270095968239322,0.5665586140928898,0.3986068111455109,0.3111808044603744,0,20.978682170542633,0,Zone_7,Diya Reddy,29,Other,Chennai,2020-09-25,98,13,3.9,0,4,9,2,Low,72.97,0.7445918367346939,1247.45,12.729081632653061,2165,0.1326530612244898,11070,0.64,45.2,Industrial
T01221,R0113,6.47,39.72,128.88,2024-03-15,0,-0.0669044964668569,-0.3994389384900021,0,4,3,0,0,0,1,0,0,0,0,1,0,0,0,0,0,4.866610947234645,2.010894999144726,6.302380502635492,-0.06348012936897335,-0.3994389384900021,-0.6161362211567031,0.3337496014454246,0.24961300309597523,0.19678414974113898,0,19.919629057187016,0,Zone_4,Aadhya Singh,26,Other,Chennai,2019-03-09,423,26,4.61,0,5,3,2,High,55.02,0.1300709219858156,1096.29,2.591702127659574,2731,0.061465721040189124,4038,2.46,48.2,Business
T01222,R0207,6.91,61.92,85.4,2023-10-08,0,-0.5754389031060944,-0.30055790140501315,0,6,10,1,0,0,0,0,0,0,0,0,0,0,1,0,0,4.45898767581001,2.0681277817795625,7.868926229162401,-0.5798693778788893,-0.30055790140501315,0.0010171911421627711,0.21822191518758635,0.26664086687306504,0.30729788928713664,0,12.3589001447178,0,Zone_7,Ishaan Iyer,31,Male,Mumbai,2023-12-06,47,3,3.93,0,2,12,1,Low,63.47,1.3504255319148937,1231.46,26.20127659574468,998,0.06382978723404255,11070,0.64,45.2,Industrial
T01223,R0115,15.21,76.34,342.42,2023-06-23,0,2.430621657943051,1.5646980254254588,0,4,6,0,0,1,0,0,0,0,0,1,0,0,0,0,0,5.838954187885657,2.785628335747585,8.737276463521113,2.4726229094260472,1.5646980254254588,0.4018889121038585,0.9011318949941546,0.5878482972136223,0.37908203902827564,0,22.51282051282051,0,Zone_4,Aarav Ghosh,40,Female,Bengaluru,2020-03-01,170,15,4.4,0,6,3,0,Medium,83.48,0.49105882352941177,1425.97,8.388058823529413,2373,0.08823529411764706,4038,2.46,48.2,Business
T01224,R0243,5.0,28.47,123.26,2023-03-01,1,-0.13263502464791738,-0.7297914942057603,0,2,3,0,1,0,0,0,0,0,0,0,0,0,0,1,0,4.822376144635548,1.791759469228055,5.33572862878164,-0.13022593379918776,-0.7297914942057603,-0.9288828827946418,0.3188170900201934,0.19272445820433437,0.14078056551174828,0,24.652,1,Zone_8,Ishaan Patel,33,Male,Jaipur,2023-02-06,315,11,3.7,0,0,2,1,Medium,55.31,0.1755873015873016,948.53,3.011206349206349,1301,0.03492063492063492,4516,1.93,31.0,Business
T01225,R0298,6.44,39.6,64.9,2024-06-14,0,-0.8152032852612087,-0.40618082738216027,0,4,6,1,0,0,0,0,0,0,1,0,0,0,0,0,0,4.188138441508461,2.0068708488450007,6.29285308902091,-0.8233371698396362,-0.40618082738216027,-0.6194721855475077,0.16375278988202785,0.24845201238390097,0.19618677817602548,0,10.077639751552795,0,Zone_3,Vivaan Singh,35,Female,Ahmedabad,2020-03-25,65,11,3.88,0,2,3,0,Low,63.190000000000005,0.9721538461538463,1002.41,15.421692307692307,2349,0.16923076923076924,12971,2.11,38.0,Business
T01226,R0285,11.72,116.81,284.02,2024-01-16,1,1.747585564388969,0.780391617637706,0,1,1,0,0,1,0,0,1,0,0,0,0,0,0,0,0,5.652559353245066,2.543175557911976,10.807867504739313,1.7790366142793332,0.780391617637706,1.5269429029027368,0.7459613136358805,0.4527863777089784,0.5805455993628037,0,24.233788395904433,1,Zone_10,Diya Iyer,29,Female,Chennai,2019-01-10,244,16,4.97,0,3,1,0,Medium,62.89,0.25774590163934424,1105.3799999999999,4.5302459016393435,2789,0.06557377049180328,2440,1.54,35.4,Industrial
T01227,R0289,9.51,64.51,161.89,2023-11-30,0,0.31917463792047585,0.2837391359153755,0,3,11,1,0,0,0,0,0,0,0,0,0,0,0,1,0,5.093075126369514,2.3523271848888596,8.031811750782012,0.3285623980761123,0.2837391359153755,0.07301842257703053,0.4214581783398873,0.36726006191950467,0.3201911589008364,0,17.023133543638274,0,Zone_8,Aarav Gupta,21,Other,Chennai,2021-09-30,322,14,4.17,0,3,9,2,Medium,66.13,0.2053726708074534,1234.48,3.8337888198757764,1795,0.043478260869565216,4516,1.93,31.0,Business
T01228,R0191,2.23,14.47,22.14,2024-03-26,0,-1.315316698966218,-1.3522925685817127,0,1,3,0,1,0,0,0,0,0,1,0,0,0,0,0,0,3.1415627217655304,1.172482137234565,3.803945320322047,-1.3311753544367848,-1.3522925685817127,-1.3180787283885211,0.05013816558614093,0.0855263157894737,0.07108721624850657,0,9.928251121076233,0,Zone_3,Meera Gupta,33,Other,Surat,2020-08-14,87,6,4.56,0,4,8,2,Low,83.17,0.9559770114942528,1326.52,15.24735632183908,2207,0.06896551724137931,12971,2.11,38.0,Business
T01229,R0230,0.44,4.37,4.48,2023-12-20,0,-1.521864942325209,-1.7545586058138265,0,2,12,1,0,0,0,0,0,0,0,0,0,0,0,0,1,1.7011051009599243,0.3646431135879093,2.090454496036687,-1.540913949852726,-1.7545586058138265,-1.5988557312812484,0.003215006908279309,0.01625386996904025,0.020808442851453605,0,10.181818181818183,0,Zone_9,Kavya Gupta,32,Male,Chennai,2022-11-22,183,23,3.65,0,1,11,1,Medium,58.66,0.32054644808743166,908.22,4.962950819672131,1377,0.12568306010928962,11037,1.83,56.1,Mixed
T01230,R0057,4.7,30.64,65.19,2024-03-01,0,-0.8118114964404779,-0.7972103831273435,0,4,3,0,1,0,0,1,0,0,0,0,0,0,0,0,0,4.1925293941308315,1.7404661748405046,5.535341001239219,-0.819892991319216,-0.7972103831273435,-0.8685575267275905,0.16452332872781378,0.18111455108359134,0.15158303464755077,0,13.870212765957445,0,Zone_1,Aadhya Reddy,39,Male,Bengaluru,2023-06-04,407,11,3.66,0,6,6,1,High,100.32,0.24648648648648647,1584.1100000000001,3.8921621621621623,1183,0.02702702702702703,4921,2.43,30.9,Residential
T01231,R0134,12.55,67.74,201.98,2023-11-16,0,0.7880602028277214,0.9669172103207533,0,3,11,1,0,0,0,0,0,0,0,0,1,0,0,0,0,5.313107452020672,2.60638654732571,8.230431337420901,0.8046903873300805,0.9669172103207533,0.16281146409618955,0.5279785311935381,0.4849071207430341,0.33627041019514137,0,16.094023904382468,0,Zone_5,Aadhya Singh,34,Male,Jaipur,2022-07-30,410,29,4.59,0,5,7,1,High,55.82,0.13614634146341464,1084.4,2.644878048780488,1492,0.07073170731707316,2590,1.31,43.9,Business
T01232,R0109,11.36,74.85,132.35,2023-07-13,0,-0.026319988853283904,0.6994889509318059,0,3,7,0,0,1,0,0,0,0,0,0,0,1,0,0,0,4.892977250628023,2.514465452029545,8.651589449343975,-0.022268751900495695,0.6994889509318059,0.36046735425136683,0.34296949728982884,0.4388544891640867,0.37166467542811626,0,11.650528169014084,0,Zone_6,Vivaan Kumar,35,Female,Delhi,2022-11-19,62,5,3.35,0,5,11,0,Low,43.24,0.6974193548387098,690.39,11.13532258064516,1380,0.08064516129032258,14627,0.54,37.6,Mixed
T01233,R0247,10.6,85.24,115.67,2023-08-21,0,-0.22140632516290853,0.5286944323304615,0,0,8,1,0,0,0,0,0,0,0,0,0,0,0,0,1,4.759349436835766,2.451005098112319,9.232551110067032,-0.22036839921294732,0.5286944323304615,0.6493062710885387,0.29865022850462325,0.40944272445820434,0.42338709677419356,0,10.912264150943397,0,Zone_9,Aadhya Das,37,Male,Bengaluru,2021-05-11,249,47,4.92,0,1,5,1,Medium,133.48,0.5360642570281124,2367.44,9.507791164658634,1937,0.18875502008032127,11037,1.83,56.1,Mixed
T01234,R0139,11.14,88.53,163.52,2024-06-08,0,0.33823883025768764,0.6500484323893116,0,5,6,0,1,0,0,0,0,0,0,1,0,0,0,0,0,5.103032143362223,2.4965057856313524,9.409038208021052,0.34792105665640616,0.6500484323893116,0.7407672948031006,0.42578913805930496,0.4303405572755418,0.43976503385105536,0,14.678635547576302,0,Zone_4,Diya Gupta,44,Other,Kolkata,2023-10-09,155,7,4.39,0,0,10,2,Low,58.92,0.38012903225806455,1002.23,6.466,1056,0.04516129032258064,4038,2.46,48.2,Business
T01235,R0149,3.16,27.44,65.98,2023-03-14,0,-0.802571795859866,-1.1432940129248046,0,1,3,0,0,1,0,0,0,0,0,0,0,1,0,0,0,4.204394067366058,1.425515074273172,5.238320341483518,-0.8105105739704848,-1.1432940129248046,-0.9575165771490485,0.16662238282495484,0.1215170278637771,0.13565312624452408,0,20.87974683544304,0,Zone_6,Diya Reddy,30,Male,Jaipur,2019-09-14,89,8,4.57,0,5,9,1,Low,42.42,0.4766292134831461,661.12,7.428314606741573,2542,0.0898876404494382,14627,0.54,37.6,Mixed
T01236,R0220,11.01,108.64,222.72,2024-07-25,0,1.0306315826275785,0.6208335805232921,0,3,7,1,0,0,0,0,0,0,0,0,0,0,0,0,1,5.410395269953387,2.485739636091892,10.423051376636307,1.0510085339284168,0.6208335805232921,1.2998193272954515,0.5830853438197471,0.42530959752321984,0.5398745519713262,0,20.228882833787466,0,Zone_9,Meera Ghosh,32,Female,Kolkata,2023-04-18,491,63,3.78,0,1,4,0,High,55.8,0.11364562118126273,1115.33,2.2715478615071283,1230,0.12830957230142567,11037,1.83,56.1,Mixed
T01237,R0188,3.39,29.89,47.67,2023-05-28,0,-1.0167223245067023,-1.0916061980849239,0,6,5,0,1,0,0,0,0,0,0,1,0,0,0,0,0,3.885062823845363,1.4793292270870801,5.4671747731346585,-1.02796887986323,-1.0916061980849239,-0.8894073041701197,0.1179721543203316,0.13041795665634676,0.14784946236559138,0,14.061946902654867,0,Zone_4,Vivaan Gupta,24,Male,Delhi,2020-07-16,436,64,3.15,0,3,7,1,High,24.450000000000003,0.05607798165137615,466.44,1.069816513761468,2236,0.14678899082568808,4038,2.46,48.2,Business
T01238,R0195,12.74,102.88,228.57,2023-07-29,0,1.0990521502181843,1.0096158399710893,0,5,7,0,0,0,1,0,0,0,0,0,1,0,0,0,0,5.43620799388748,2.620311286794203,10.142977866484772,1.1204859282196544,1.0096158399710893,1.1396930365368267,0.5986289722606015,0.49226006191950467,0.5112007168458781,0,17.941130298273155,0,Zone_5,Aadhya Reddy,33,Male,Kolkata,2021-05-27,72,10,4.97,0,3,5,1,Low,70.32000000000001,0.9766666666666668,1044.17,14.502361111111112,1921,0.1388888888888889,2590,1.31,43.9,Business
T01239,R0071,5.45,46.2,131.72,2023-07-29,1,-0.03368835767073371,-0.6286631608233852,0,5,7,1,0,0,0,0,0,0,0,1,0,0,0,0,0,4.888241645882189,1.864080130807681,6.797058187186572,-0.029750932824167377,-0.6286631608233852,-0.43599414405325027,0.34129556807312145,0.21013931888544893,0.22904221425726803,0,24.16880733944954,1,Zone_4,Vivaan Nair,35,Male,Ahmedabad,2021-01-09,67,4,3.82,0,5,1,1,Low,14.45,0.21567164179104475,229.79,3.4297014925373133,2059,0.05970149253731343,4038,2.46,48.2,Business
T01240,R0036,9.41,90.04,164.92,2024-06-19,0,0.3546129831853537,0.26126617294151444,0,2,6,0,1,0,0,1,0,0,0,0,0,0,0,0,0,5.111505744481217,2.3427668826268775,9.488940931421167,0.3645481253756764,0.26126617294151444,0.7827448467207262,0.4295089807630991,0.363390092879257,0.4472819593787336,0,17.526036131774706,0,Zone_1,Aadhya Das,30,Female,Surat,2022-03-16,177,15,4.9,0,2,3,0,Medium,65.17,0.36819209039548023,1041.52,5.884293785310734,1628,0.0847457627118644,4921,2.43,30.9,Residential
T01241,R0133,1.37,11.64,31.03,2023-04-16,0,-1.2113408278755367,-1.5455600501569182,0,6,4,0,0,0,1,0,0,0,0,0,0,0,0,1,0,3.466672963621067,0.8628899551470398,3.411744421846396,-1.225593468069417,-1.5455600501569182,-1.396751888604998,0.07375916675523436,0.05224458204334366,0.056999203504579855,0,22.64963503649635,0,Zone_8,Diya Kumar,25,Female,Delhi,2019-07-13,155,11,4.4,0,5,7,0,Low,64.89,0.4186451612903226,817.27,5.272709677419355,2605,0.07096774193548387,4516,1.93,31.0,Business
T01242,R0185,1.26,6.77,28.67,2023-02-08,0,-1.238942971382174,-1.5702803094281657,0,2,2,1,0,0,0,0,0,0,0,1,0,0,0,0,0,3.3901364343027307,0.8153648132841945,2.6019223662515376,-1.2536219553390444,-1.5702803094281657,-1.5321364434651545,0.06748857476883835,0.047987616099071206,0.032755874153723614,0,22.753968253968257,0,Zone_4,Vivaan Sharma,27,Male,Delhi,2021-08-27,201,12,4.05,0,4,8,1,Medium,43.730000000000004,0.21756218905472638,744.08,3.7018905472636816,1829,0.05970149253731343,4038,2.46,48.2,Business
T01243,R0116,13.45,95.25,239.51,2023-10-06,0,1.227004459524377,1.169173877085503,0,4,10,1,0,0,0,0,0,0,0,1,0,0,0,0,0,5.48276166872297,2.670694414558441,9.759610647971568,1.2504145937830968,1.169173877085503,0.9275813006881626,0.6276968859602508,0.5197368421052632,0.4732178414974114,0,17.80743494423792,0,Zone_4,Ishaan Kumar,34,Female,Bengaluru,2020-02-08,238,30,4.58,0,5,2,0,Medium,50.61,0.2126470588235294,794.16,3.3368067226890754,2395,0.12605042016806722,4038,2.46,48.2,Business
T01244,R0032,11.46,106.58,252.05,2023-03-27,0,1.3736700864621887,0.7219619139056672,0,0,3,0,0,0,1,0,0,1,0,0,0,0,0,0,0,5.533587097660087,2.522523513359307,10.323759005323593,1.3993456235971344,0.7219619139056672,1.2425519385866377,0.6610160484642363,0.4427244582043344,0.5296196734368778,0,21.993891797556717,0,Zone_2,Kavya Reddy,18,Female,Mumbai,2023-09-20,213,24,4.0,0,2,9,0,Medium,66.19,0.3107511737089202,1378.79,6.473192488262911,1075,0.11267605633802817,6371,0.91,58.4,Residential
T01245,R0195,1.9100000000000001,18.42,18.72,2024-05-21,0,-1.3553164154038029,-1.4242060500980684,0,1,5,0,0,0,1,1,0,0,0,0,0,0,0,0,0,2.9816333491744893,1.0681530811834012,4.291852746774987,-1.3717929080224314,-1.4242060500980684,-1.2082699005245336,0.041051121266872145,0.07314241486068113,0.09075069693349265,0,9.801047120418847,0,Zone_1,Aadhya Reddy,33,Male,Kolkata,2021-05-27,72,10,4.97,0,3,5,1,Low,70.32000000000001,0.9766666666666668,1044.17,14.502361111111112,1921,0.1388888888888889,4921,2.43,30.9,Residential
T01246,R0271,14.43,78.77,128.48,2024-01-01,0,-0.07158282587476163,1.3894089142293418,0,0,1,0,0,1,0,1,0,0,0,0,0,0,0,0,0,4.8635264290580436,2.7363136663750693,8.875246475450696,-0.06823072043162214,1.3894089142293418,0.46944219101765305,0.3326867892443405,0.5576625386996904,0.39117881322182396,0,8.903672903672904,0,Zone_1,Saanvi Iyer,22,Male,Bengaluru,2022-10-07,58,6,4.37,0,4,10,1,Low,65.02,1.1210344827586207,928.78,16.013448275862068,1423,0.10344827586206896,4921,2.43,30.9,Residential
T01247,R0118,2.55,22.18,35.41,2024-06-14,0,-1.1601131208589806,-1.2803790870653573,0,4,6,0,0,1,0,0,0,0,0,0,0,0,0,0,1,3.594843462187342,1.2669476034873244,4.709564735726647,-1.1735744959334133,-1.2803790870653573,-1.1037430162793205,0.0853969603571049,0.09791021671826626,0.10946833930704898,0,13.886274509803922,0,Zone_9,Reyansh Gupta,29,Male,Surat,2023-09-26,165,24,4.13,0,1,9,1,Medium,38.22,0.23163636363636364,532.69,3.228424242424243,1069,0.14545454545454545,11037,1.83,56.1,Mixed
T01248,R0143,8.1,54.88,169.49,2024-03-26,0,0.4080628966706648,-0.033129642016066115,0,1,3,0,0,0,1,0,0,0,0,0,0,0,1,0,0,5.13867664397714,2.2082744135228043,7.408103670980854,0.4188236282664383,-0.033129642016066115,-0.1946927197850451,0.44165161016048465,0.3126934984520124,0.2722520908004779,0,20.924691358024692,0,Zone_7,Meera Kumar,42,Other,Kolkata,2023-03-28,74,13,4.56,0,1,3,2,Low,49.11,0.6636486486486486,863.3199999999999,11.666486486486486,1251,0.17567567567567569,11070,0.64,45.2,Industrial
T01249,R0107,5.6,32.09,73.15,2024-01-24,0,-0.7187127412231749,-0.5949537163625938,0,2,1,0,0,1,0,1,0,0,0,0,0,0,0,0,0,4.306090068583941,1.8870696490323797,5.664803615307419,-0.7253562291725064,-0.5949537163625938,-0.8282479570053672,0.18567329152938677,0.21594427244582043,0.15880127439267225,0,13.062500000000002,0,Zone_1,Reyansh Gupta,33,Male,Hyderabad,2020-01-11,179,14,3.66,0,5,1,1,Medium,32.57,0.18195530726256984,627.9300000000001,3.5079888268156427,2423,0.0782122905027933,4921,2.43,30.9,Residential
T01250,R0276,3.38,18.8,39.01,2023-12-26,0,-1.1180081561878386,-1.0938534943823102,0,1,12,0,1,0,0,0,0,0,0,0,0,0,0,1,0,3.6891294228691436,1.4770487243883548,4.33589667773576,-1.130819176369575,-1.0938534943823102,-1.1977060132869854,0.09496227016686151,0.13003095975232198,0.09264237355635206,0,11.541420118343195,0,Zone_8,Aadhya Ghosh,26,Other,Chennai,2022-11-07,196,1,3.63,0,0,11,2,Medium,30.5,0.1556122448979592,500.22,2.5521428571428575,1392,0.00510204081632653,4516,1.93,31.0,Business
T01251,R0269,13.84,122.55,319.86,2023-02-05,0,2.166763879337228,1.2568184326835614,0,6,2,1,0,0,0,0,0,0,0,0,0,1,0,0,0,5.77100489092293,2.6973262377392344,11.070230349906907,2.2046895734926593,1.2568184326835614,1.6865131995962273,0.8411892868530131,0.5348297213622292,0.6091198725607327,0,23.11127167630058,0,Zone_6,Aadhya Sharma,41,Male,Mumbai,2019-05-19,423,16,3.41,0,6,5,1,High,63.06,0.14907801418439717,1458.77,3.4486288416075648,2660,0.037825059101654845,14627,0.54,37.6,Mixed
T01252,R0224,16.42,145.74,170.2,2023-11-03,0,0.4163669313696954,1.8366208774091781,0,4,11,0,0,1,0,0,0,0,0,1,0,0,0,0,0,5.1428324637076415,2.857618971424357,12.072282302862206,0.42725592740263957,1.8366208774091781,2.331188318119232,0.4435381018174088,0.6346749226006193,0.7245619275189168,0,10.365408038976856,0,Zone_4,Ishaan Sharma,29,Female,Ahmedabad,2020-08-04,200,1,4.31,0,1,8,0,Medium,41.71,0.20855,514.14,2.5707,2217,0.005,4038,2.46,48.2,Business
T01253,R0292,8.89,60.68,124.67,2023-06-13,0,-0.11614391348505347,0.1444067654774368,0,1,6,1,0,0,0,1,0,0,0,0,0,0,0,0,0,4.833659423627053,2.2915241456346207,7.789736837660179,-0.11348010030335107,0.1444067654774368,-0.03345444089615231,0.32256350302901476,0.34326625386996906,0.30112504978096377,0,14.023622047244094,0,Zone_1,Diya Patel,37,Female,Jaipur,2020-06-28,141,19,4.39,0,6,6,0,Low,79.36,0.5628368794326241,1137.89,8.070141843971632,2254,0.1347517730496454,4921,2.43,30.9,Residential
T01254,R0135,15.63,98.2,211.54,2024-07-17,0,0.899872275676643,1.6590844699156753,0,2,7,0,1,0,0,0,0,0,0,0,0,0,1,0,0,5.359130205944549,2.8112082932048366,9.909591313469996,0.918229513727385,1.6590844699156753,1.0095904252954444,0.5533797427994473,0.6041021671826626,0.4879032258064516,0,13.534229046705054,0,Zone_7,Reyansh Patel,38,Female,Ahmedabad,2022-02-24,153,8,3.47,0,3,2,0,Low,66.6,0.4352941176470588,992.13,6.4845098039215685,1648,0.05228758169934641,11070,0.64,45.2,Industrial
T01255,R0058,6.59,56.96,132.53,2023-02-21,0,-0.024214740619726723,-0.3724713829213687,0,1,2,0,0,1,0,0,0,0,0,0,0,0,1,0,0,4.894326171695873,2.0268315914075385,7.547184905645283,-0.02013098592230369,-0.3724713829213687,-0.13686933701109735,0.3434477627803167,0.25425696594427244,0.2826065312624453,0,20.110773899848255,0,Zone_7,Vivaan Reddy,46,Male,Kolkata,2021-05-31,480,25,4.32,0,0,5,1,High,76.12,0.15858333333333335,1043.47,2.1738958333333334,1917,0.052083333333333336,11070,0.64,45.2,Industrial
T01256,R0276,8.54,76.11,117.86,2023-07-26,0,-0.19579247165463048,0.06575139506892264,0,2,7,0,1,0,0,0,0,0,0,0,0,0,0,1,0,4.777946329938515,2.255493485460195,8.724104538575865,-0.19435891314494558,0.06575139506892264,0.3954949803548161,0.3044691253055585,0.32972136222910214,0.37793707686180805,0,13.800936768149883,0,Zone_8,Aadhya Ghosh,26,Other,Chennai,2022-11-07,196,1,3.63,0,0,11,2,Medium,30.5,0.1556122448979592,500.22,2.5521428571428575,1392,0.00510204081632653,4516,1.93,31.0,Business
T01257,R0203,8.66,73.82,142.36,2024-03-01,0,0.09075520457953067,0.09271895063755618,0,4,3,1,0,0,0,0,0,0,0,1,0,0,0,0,0,4.96535894922662,2.2679936482244267,8.591856609604235,0.0966147894422888,0.09271895063755618,0.33183365989695995,0.36956637262195774,0.3343653250773994,0.36653723616089207,0,16.438799076212472,0,Zone_4,Kavya Gupta,49,Female,Bengaluru,2023-07-25,152,9,3.6,0,1,7,0,Low,38.78,0.25513157894736843,698.6500000000001,4.596381578947369,1132,0.05921052631578947,4038,2.46,48.2,Business
T01258,R0115,2.22,11.44,23.38,2024-03-05,0,-1.3008138778017135,-1.3545398648790987,0,1,3,1,0,0,0,0,0,0,0,0,0,0,0,1,0,3.1937631240531252,1.169381359556317,3.3823069050575527,-1.3164485221425737,-1.3545398648790987,-1.4023118292563392,0.053432883409501544,0.08513931888544894,0.05600358422939068,0,10.531531531531531,0,Zone_8,Aarav Ghosh,40,Female,Bengaluru,2020-03-01,170,15,4.4,0,6,3,0,Medium,83.48,0.49105882352941177,1425.97,8.388058823529413,2373,0.08823529411764706,4516,1.93,31.0,Business
T01259,R0060,10.5,52.59,96.59,2023-03-22,0,-0.44456263791996126,0.5062214693566005,0,2,3,0,0,1,0,0,0,1,0,0,0,0,0,0,0,4.5807750291533695,2.4423470353692043,7.251896303726357,-0.44697159290129135,0.5062214693566005,-0.25835404024290104,0.24795408651291317,0.4055727554179567,0.260852250099562,0,9.199047619047619,0,Zone_2,Aarav Nair,40,Female,Hyderabad,2023-08-01,123,7,4.57,0,1,8,0,Low,47.26,0.38422764227642275,732.38,5.954308943089431,1125,0.056910569105691054,6371,0.91,58.4,Residential
T01260,R0136,11.55,64.01,143.2,2023-06-21,0,0.10057969633613019,0.7421875805821422,0,2,6,0,0,0,1,0,0,0,0,0,1,0,0,0,0,4.971201224850849,2.529720665577793,8.000624975587845,0.10659103067385081,0.7421875805821422,0.05911857094867771,0.3717982782442342,0.4462074303405573,0.3177021107128634,0,12.398268398268396,0,Zone_5,Diya Ghosh,34,Male,Hyderabad,2019-01-19,339,11,3.82,0,5,1,1,High,26.86,0.0792330383480826,342.78999999999996,1.0111799410029498,2780,0.032448377581120944,2590,1.31,43.9,Business
T01261,R0057,7.13,52.63,76.32,2023-04-07,0,-0.6816369806655305,-0.2511173828625188,0,4,4,0,0,1,0,0,0,0,0,0,0,0,1,0,0,4.34795265434013,2.0955609235597192,7.254653678846427,-0.6877077950010154,-0.2511173828625188,-0.25724205211263285,0.19409607822297797,0.2751547987616099,0.26105137395459976,0,10.704067321178119,0,Zone_7,Aadhya Reddy,39,Male,Bengaluru,2023-06-04,407,11,3.66,0,6,6,1,High,100.32,0.24648648648648647,1584.1100000000001,3.8921621621621623,1183,0.02702702702702703,11070,0.64,45.2,Industrial
T01262,R0282,0.46,3.55,5.5600000000000005,2024-08-02,0,-1.5092334529238665,-1.7500640132190544,0,4,8,0,1,0,0,0,0,0,0,1,0,0,0,0,0,1.8809906029559977,0.3784364357202451,1.8841443681416772,-1.5280873539835742,-1.7500640132190544,-1.621651487951747,0.006084599851206294,0.017027863777089786,0.016726403823178016,0,12.08695652173913,0,Zone_4,Reyansh Kumar,22,Other,Bengaluru,2022-05-02,319,3,4.47,0,0,5,2,Medium,92.87,0.29112852664576805,1399.75,4.387931034482759,1581,0.009404388714733543,4038,2.46,48.2,Business
T01263,R0220,9.84,82.62,238.53,2024-05-02,1,1.2155425524750108,0.35789991372911717,0,3,5,1,0,0,0,0,0,0,1,0,0,0,0,0,0,5.478678669966805,2.3832429960115,9.08955444452587,1.2387756456796075,0.35789991372911717,0.5764710485559701,0.6250929960675948,0.380030959752322,0.4103444842692155,0,24.240853658536587,1,Zone_3,Meera Ghosh,32,Female,Kolkata,2023-04-18,491,63,3.78,0,1,4,0,High,55.8,0.11364562118126273,1115.33,2.2715478615071283,1230,0.12830957230142567,12971,2.11,38.0,Business
T01264,R0056,0.42,2.79,7.54,2023-04-18,0,-1.4860757223547383,-1.7590531984085989,0,1,4,0,0,1,0,0,0,0,1,0,0,0,0,0,0,2.1447610078004784,0.3506568716131694,1.6703293088490065,-1.504571928223463,-1.7590531984085989,-1.6427792624268434,0.011345520246572432,0.015479876160990712,0.012943050577459179,0,17.952380952380953,0,Zone_3,Meera Patel,40,Other,Hyderabad,2021-02-26,93,13,3.25,0,4,2,2,Low,66.22,0.7120430107526882,927.79,9.976236559139785,2011,0.13978494623655913,12971,2.11,38.0,Business
T01265,R0116,3.94,35.11,89.95,2023-06-03,0,-0.5222229060911787,-0.968004901728688,0,5,6,1,0,0,0,1,0,0,0,0,0,0,0,0,0,4.5103099049641315,1.597365331199831,5.92536918681022,-0.5258314045412601,-0.968004901728688,-0.7442928531701162,0.23031140397491762,0.15170278637770898,0.17383512544802865,0,22.82994923857868,0,Zone_1,Ishaan Kumar,34,Female,Bengaluru,2020-02-08,238,30,4.58,0,5,2,0,Medium,50.61,0.2126470588235294,794.16,3.3368067226890754,2395,0.12605042016806722,4921,2.43,30.9,Residential
T01266,R0125,8.66,49.87,144.0,2023-12-23,0,0.10993635515193965,0.09271895063755618,0,5,12,1,0,0,0,0,0,0,0,0,0,0,1,0,0,4.976733742420574,2.2679936482244267,7.061869440877536,0.1160922127991484,0.09271895063755618,-0.33396923310114063,0.37392390264640235,0.3343653250773994,0.24731182795698922,0,16.628175519630485,0,Zone_7,Saanvi Ghosh,44,Male,Ahmedabad,2023-04-22,99,19,3.89,0,5,4,1,Low,55.769999999999996,0.5633333333333332,1116.76,11.28040404040404,1226,0.1919191919191919,11070,0.64,45.2,Industrial
T01267,R0258,4.15,41.08,36.25,2023-07-14,0,-1.1502886291023806,-0.9208116794835796,0,4,7,0,0,1,0,0,0,0,1,0,0,0,0,0,0,3.6176519448255684,1.6389967146756448,6.4093681435848255,-1.163598254701851,-0.9208116794835796,-0.5783286247275834,0.08762886597938145,0.15982972136222912,0.2035543608124253,0,8.734939759036143,0,Zone_3,Vivaan Nair,32,Female,Jaipur,2020-01-29,313,39,3.76,0,2,1,0,Medium,29.230000000000004,0.09338658146964858,499.35,1.5953674121405752,2405,0.12460063897763578,12971,2.11,38.0,Business
T01268,R0142,9.27,82.65,156.51,2023-08-09,0,0.25625110738415807,0.2298040247781088,0,2,8,0,0,0,1,0,0,0,0,0,0,1,0,0,0,5.059488948313644,2.329227023940467,9.091204540653566,0.2646669482834871,0.2298040247781088,0.5773050396536713,0.4071633542353066,0.35797213622291024,0.4104938271604939,0,16.883495145631066,0,Zone_6,Meera Nair,33,Female,Kolkata,2021-03-04,78,5,3.48,0,3,3,0,Low,27.12,0.3476923076923077,419.5,5.378205128205129,2005,0.0641025641025641,14627,0.54,37.6,Mixed
T01269,R0058,6.87,45.49,64.95,2023-08-07,0,-0.8146184940852206,-0.3095470865945576,0,0,8,0,1,0,0,0,0,1,0,0,0,0,0,0,0,4.188896879163323,2.063058062429312,6.7446274915669,-0.8227433459568052,-0.3095470865945576,-0.4557319333655113,0.16388564140716336,0.26509287925696595,0.22550776583034648,0,9.45414847161572,0,Zone_2,Vivaan Reddy,46,Male,Kolkata,2021-05-31,480,25,4.32,0,0,5,1,High,76.12,0.15858333333333335,1043.47,2.1738958333333334,1917,0.052083333333333336,6371,0.91,58.4,Residential
T01270,R0067,0.15,0.8,3.27,2023-12-25,0,-1.55519803935653,-1.8197301984380236,0,0,12,0,0,0,1,1,0,0,0,0,0,0,0,0,0,1.451613827240533,0.1397619423751587,0.8944271909999159,-1.555284487817238,-1.8197301984380236,-1.6981006719076877,0.0,0.005030959752321981,0.003036638789326962,0,21.8,0,Zone_1,Saanvi Iyer,32,Male,Pune,2022-07-24,348,9,3.38,0,6,7,1,High,113.07,0.32491379310344826,1846.81,5.3069252873563215,1498,0.02586206896551724,4921,2.43,30.9,Residential
T01271,R0088,8.84,54.01,71.97,2023-05-22,0,-0.7325138129764937,0.1331702839905061,0,0,5,0,0,0,1,0,1,0,0,0,0,0,0,0,0,4.290048397777529,2.286455711064162,7.349149610669251,-0.7393704728073202,0.1331702839905061,-0.21887846161837915,0.18253799553618874,0.3413312693498452,0.267921146953405,0,8.141402714932127,0,Zone_10,Diya Iyer,22,Other,Jaipur,2019-07-07,438,0,4.78,0,6,7,2,High,62.25,0.1421232876712329,893.76,2.0405479452054793,2611,0.0,2440,1.54,35.4,Industrial
T01272,R0112,10.93,95.31,241.48,2024-06-21,0,1.2500452318583075,0.6028552101442032,0,4,6,1,0,0,0,1,0,0,0,0,0,0,0,0,0,5.4909192327495475,2.4790562361098245,9.762684057163789,1.2738112547666418,0.6028552101442032,0.929249282883565,0.6329312360505899,0.42221362229102166,0.4735165272799682,0,22.09332113449222,0,Zone_1,Meera Nair,41,Female,Delhi,2020-11-13,311,11,3.24,0,4,11,0,Medium,89.53,0.28787781350482317,1150.27,3.6986173633440513,2116,0.03536977491961415,4921,2.43,30.9,Residential
T01273,R0062,13.06,124.07,229.92,2023-12-17,0,1.1148415119698625,1.0815293214874449,0,6,12,0,1,0,0,0,0,0,0,0,1,0,0,0,0,5.442071330192733,2.643333886382519,11.138671374989029,1.1365191730560937,1.0815293214874449,1.7287687485464196,0.6022159634392602,0.5046439628482973,0.6166865790521704,0,17.60490045941807,0,Zone_5,Kavya Sharma,38,Male,Jaipur,2019-05-13,57,3,3.58,0,0,5,1,Low,66.05,1.1587719298245613,889.51,15.605438596491227,2666,0.05263157894736842,2590,1.31,43.9,Business
T01274,R0094,6.17,45.1,99.64,2023-08-12,0,-0.40889037618468815,-0.4668578274115854,0,5,8,0,0,0,1,0,0,0,0,0,1,0,0,0,0,4.611549792952131,1.969905654611529,6.715653356152326,-0.41074833604859484,-0.4668578274115854,-0.46657381763562655,0.2560580295461792,0.2380030959752322,0.22356630824372759,0,16.14910858995138,0,Zone_5,Diya Iyer,41,Other,Delhi,2023-04-13,480,62,4.87,0,3,4,2,High,47.72,0.09941666666666667,749.6,1.5616666666666668,1235,0.12916666666666668,2590,1.31,43.9,Business
T01275,R0040,7.69,56.11,128.05,2023-09-29,0,-0.0766120299882589,-0.12526879020889647,0,4,9,1,0,0,0,0,0,0,0,0,0,1,0,0,0,4.860199926164623,2.162172939277301,7.490660852021001,-0.07333760582396925,-0.12526879020889647,-0.1604990847792972,0.33154426612817517,0.29682662538699695,0.2783751493428913,0,16.65149544863459,0,Zone_6,Aarav Gupta,34,Other,Surat,2023-05-05,485,36,4.41,0,4,5,2,High,80.45,0.1658762886597938,1140.75,2.352061855670103,1213,0.07422680412371134,14627,0.54,37.6,Mixed
T01276,R0008,0.52,3.4,7.03,2023-09-25,0,-1.4920405923498168,-1.736580235434738,0,0,9,0,1,0,0,0,0,0,0,1,0,0,0,0,0,2.0831845279586703,0.41871033485818504,1.8439088914585775,-1.5106289318283401,-1.736580235434738,-1.625821443440253,0.009990434690190246,0.019349845201238395,0.01597968936678614,0,13.51923076923077,0,Zone_4,Ishaan Ghosh,28,Female,Jaipur,2022-10-01,215,23,4.02,0,5,10,0,Medium,48.25,0.22441860465116278,893.27,4.1547441860465115,1429,0.10697674418604651,4038,2.46,48.2,Business
T01277,R0277,17.82,145.63,186.18,2024-03-04,0,0.6032661912154871,2.1512423590432332,0,0,3,0,1,0,0,0,0,0,0,0,0,0,1,0,0,5.23207072072911,2.9349201341572337,12.067725552066554,0.6170420403554562,2.1512423590432332,2.3281303507609943,0.4859974492507174,0.6888544891640868,0.7240143369175627,0,10.447811447811448,0,Zone_7,Kavya Gupta,42,Female,Jaipur,2021-01-22,433,16,3.06,0,4,1,0,High,86.92999999999999,0.20076212471131638,1402.8,3.2397228637413393,2046,0.03695150115473441,11070,0.64,45.2,Industrial
T01278,R0030,15.53,90.04,321.07,2024-06-08,0,2.180915825796139,1.636611506941814,0,5,6,0,1,0,0,0,0,0,0,0,0,0,0,0,1,5.77476891322269,2.805176911832933,9.488940931421167,2.2190601114571713,1.636611506941814,0.7827448467207262,0.8444042937612923,0.6002321981424149,0.4472819593787336,0,20.674179008370896,0,Zone_9,Saanvi Patel,25,Other,Mumbai,2021-01-08,442,58,3.72,0,4,1,2,High,81.05,0.1833710407239819,1585.25,3.5865384615384617,2060,0.13122171945701358,11037,1.83,56.1,Mixed
T01279,R0104,7.84,49.14,184.23,2024-04-24,0,0.5804593353519517,-0.09155934574810494,0,2,4,1,0,0,0,0,0,0,0,0,0,1,0,0,0,5.221598296134632,2.179286876649552,7.009992867328753,0.5938829089250435,-0.09155934574810494,-0.35426301647853564,0.48081623977043253,0.3026315789473684,0.24367781760254878,0,23.49872448979592,0,Zone_6,Diya Gupta,52,Male,Kolkata,2021-05-27,328,1,3.7,0,3,5,1,High,46.690000000000005,0.14234756097560977,765.39,2.3335060975609756,1921,0.003048780487804878,14627,0.54,37.6,Mixed
T01280,R0074,7.38,45.5,139.87,2024-05-19,0,0.061632604015324,-0.194934975427866,0,6,5,0,0,1,0,1,0,0,0,0,0,0,0,0,0,4.9478374792722155,2.1258479144939915,6.745368781616021,0.0670423600773004,-0.194934975427866,-0.4554539363329443,0.36295036667020936,0.2848297213622291,0.22555754679410592,0,18.95257452574526,0,Zone_1,Vivaan Ghosh,23,Male,Kolkata,2023-09-11,199,22,4.89,0,0,9,1,Medium,46.19,0.2321105527638191,817.27,4.106884422110553,1084,0.11055276381909548,4921,2.43,30.9,Residential
T01281,R0161,6.65,46.28,163.53,2024-01-20,1,0.33835578849288517,-0.35898760513705197,0,5,1,1,0,0,0,0,0,0,0,0,0,0,0,0,1,5.103092924398559,2.0347056478384444,6.802940540677979,0.34803982143297224,-0.35898760513705197,-0.4337701677927139,0.425815708364332,0.2565789473684211,0.2294404619673437,0,24.59097744360902,1,Zone_9,Aarav Nair,32,Other,Surat,2019-03-27,332,50,4.91,0,2,3,2,High,33.22,0.10006024096385542,567.56,1.7095180722891565,2713,0.15060240963855423,11037,1.83,56.1,Mixed
T01282,R0190,13.18,104.11,227.82,2023-09-16,0,1.090280282578363,1.108496877056078,0,5,9,0,0,0,1,0,0,1,0,0,0,0,0,0,0,5.432935668272798,2.6518325211039815,10.203430795570673,1.111578569977188,1.108496877056078,1.1738866715425746,0.5966361993835689,0.5092879256965944,0.5173237753882916,0,17.28528072837633,0,Zone_2,Saanvi Iyer,35,Other,Surat,2020-09-25,274,47,4.12,0,4,9,2,Medium,69.99,0.25543795620437953,1117.92,4.08,2165,0.17153284671532848,6371,0.91,58.4,Residential
T01283,R0032,10.81,91.81,224.14,2024-08-05,0,1.04723965202564,0.57588765457557,0,0,8,0,0,1,0,1,0,0,0,0,0,0,0,0,0,5.416722430926658,2.468946630209271,9.581753492967767,1.0678731322008197,0.57588765457557,0.8319503214850952,0.5868583271335954,0.4175696594427245,0.4560931899641577,0,20.73450508788159,0,Zone_1,Kavya Reddy,18,Female,Mumbai,2023-09-20,213,24,4.0,0,2,9,0,Medium,66.19,0.3107511737089202,1378.79,6.473192488262911,1075,0.11267605633802817,4921,2.43,30.9,Residential
T01284,R0257,12.06,94.25,138.72,2023-06-13,0,0.048182406967598006,0.8567996917488339,0,1,6,0,1,0,0,0,0,0,0,0,0,1,0,0,0,4.939640419938631,2.569554123848285,9.7082439194738,0.05338441077218525,0.8567996917488339,0.8997815974314569,0.35989478159209265,0.4659442724458205,0.46823974512146554,0,11.502487562189055,0,Zone_6,Arjun Reddy,36,Other,Delhi,2023-03-11,459,19,4.82,0,5,3,2,High,56.11,0.12224400871459695,822.23,1.7913507625272331,1268,0.04139433551198257,14627,0.54,37.6,Mixed
T01285,R0011,5.97,46.59,52.69,2024-05-17,0,-0.9580092904374987,-0.5118037533593076,0,4,5,0,0,1,0,0,0,0,0,0,0,0,0,0,1,3.983226764434478,1.9416152247724325,6.825686778632609,-0.9683489620269886,-0.5118037533593076,-0.42515225978313503,0.13131044744393663,0.23026315789473684,0.2309836718438869,0,8.825795644891123,0,Zone_9,Vivaan Nair,26,Male,Chennai,2020-04-14,208,34,4.0,0,1,4,1,Medium,88.96000000000001,0.4276923076923077,1633.78,7.8547115384615385,2329,0.16346153846153846,11037,1.83,56.1,Mixed
T01286,R0253,5.65,49.11,86.86,2023-07-06,0,-0.5583630007672423,-0.583717234875663,0,3,7,1,0,0,0,1,0,0,0,0,0,0,0,0,0,4.475744638547633,1.8946168546677629,7.0078527381787925,-0.5625297205002215,-0.583717234875663,-0.35509700757623686,0.2221011797215432,0.2178792569659443,0.2435284747112704,0,15.373451327433628,0,Zone_1,Ishaan Gupta,26,Male,Surat,2021-08-19,173,24,3.16,0,3,8,1,Medium,49.82,0.28797687861271676,744.61,4.304104046242775,1837,0.13872832369942195,4921,2.43,30.9,Residential
T01287,R0084,1.82,14.54,29.22,2024-01-11,0,-1.2325102684463052,-1.4444317167745433,0,3,1,0,0,0,1,0,0,0,0,1,0,0,0,0,0,3.4085039568445934,1.0367368849500223,3.8131351929875237,-1.2470898926279024,-1.4444317167745433,-1.3161327491605517,0.06894994154532894,0.06965944272445822,0.07143568299482278,0,16.054945054945055,0,Zone_4,Kavya Sharma,38,Male,Jaipur,2019-07-21,366,6,4.67,0,6,7,1,High,74.9,0.20464480874316943,1435.8400000000001,3.923060109289618,2597,0.01639344262295082,4038,2.46,48.2,Business
T01288,R0124,11.89,109.54,135.26,2023-04-23,0,0.007714857589222525,0.8185956546932699,0,6,4,0,1,0,0,1,0,0,0,0,0,0,0,0,0,4.914564825345522,2.556451816951096,10.466135867644754,0.012291798080273716,0.8185956546932699,1.3248390602264868,0.35070145605271547,0.4593653250773994,0.5443548387096775,0,11.375946173254835,0,Zone_1,Aadhya Das,37,Other,Hyderabad,2022-06-09,419,25,3.59,0,3,6,2,High,42.58,0.10162291169451074,643.35,1.5354415274463007,1543,0.059665871121718374,4921,2.43,30.9,Residential
T01289,R0111,14.26,104.59,151.15,2024-07-22,0,0.1935614933182357,1.351204877173778,0,0,7,1,0,0,0,0,0,0,0,0,0,0,0,0,1,5.02486687634298,2.725235025856311,10.22692524662227,0.20100902804399437,1.351204877173778,1.1872305291057936,0.3929216707407801,0.5510835913312694,0.5197132616487455,0,10.599579242636747,0,Zone_9,Reyansh Sharma,28,Male,Ahmedabad,2021-11-05,202,24,4.67,0,4,11,1,Medium,14.26,0.07059405940594059,151.15,0.7482673267326733,1759,0.1188118811881188,11037,1.83,56.1,Mixed
T01290,R0190,13.62,78.93,158.46,2024-06-22,0,0.27905796324769355,1.2073779141410668,0,5,6,0,0,0,1,0,0,0,0,0,1,0,0,0,0,5.07179310707435,2.6823904543216326,8.884255736976508,0.2878260797138998,1.2073779141410668,0.47389014353872627,0.4123445637155915,0.5263157894736842,0.39197530864197533,0,11.634361233480178,0,Zone_5,Saanvi Iyer,35,Other,Surat,2020-09-25,274,47,4.12,0,4,9,2,Medium,69.99,0.25543795620437953,1117.92,4.08,2165,0.17153284671532848,2590,1.31,43.9,Business
T01291,R0058,8.94,61.84,128.02,2024-03-09,0,-0.07696290469385177,0.15564324696436713,0,5,3,1,0,0,0,1,0,0,0,0,0,0,0,0,0,4.859967431104096,2.2965670206684825,7.863841300535,-0.07369390015366792,0.15564324696436713,-0.0012067851183736348,0.33146455521309387,0.34520123839009287,0.30689964157706096,0,14.31991051454139,0,Zone_1,Vivaan Reddy,46,Male,Kolkata,2021-05-31,480,25,4.32,0,0,5,1,High,76.12,0.15858333333333335,1043.47,2.1738958333333334,1917,0.052083333333333336,4921,2.43,30.9,Residential
T01292,R0003,6.37,36.42,83.12,2024-03-22,0,-0.6021053807311509,-0.4219119014638631,0,4,3,1,0,0,0,0,1,0,0,0,0,0,0,0,0,4.432244350834499,1.9974177062012453,6.034898507845845,-0.606947746935987,-0.4219119014638631,-0.7078752419038317,0.21216388564140717,0.24574303405572756,0.1803564317005177,0,13.048665620094193,0,Zone_10,Kavya Reddy,34,Male,Pune,2023-05-04,45,9,3.76,0,3,5,1,Low,67.68,1.5040000000000002,971.71,21.593555555555557,1214,0.2,2440,1.54,35.4,Industrial
T01293,R0167,2.74,26.26,58.18,2024-02-21,0,-0.8937992193140071,-1.237680457415021,0,2,2,1,0,0,0,0,0,0,0,0,1,0,0,0,0,4.080583646972063,1.3190856114264407,5.124451190127583,-0.9031470996921348,-1.237680457415021,-0.9903202269919613,0.14589754490381548,0.10526315789473686,0.129778972520908,0,21.233576642335766,0,Zone_5,Kavya Nair,44,Male,Hyderabad,2022-08-25,117,5,4.75,0,3,8,1,Low,64.31,0.5496581196581197,1075.55,9.192735042735043,1466,0.042735042735042736,2590,1.31,43.9,Business
T01294,R0103,4.49,43.26,73.0,2023-10-15,0,-0.7204671147511391,-0.8444036053724518,0,6,10,0,1,0,0,0,0,1,0,0,0,0,0,0,0,4.30406509320417,1.7029282555214393,6.577233460962139,-0.7271377008209997,-0.8444036053724518,-0.517725271627965,0.18527473695398022,0.1729876160990712,0.21440661091198723,0,16.258351893095767,0,Zone_2,Ishaan Gupta,37,Other,Surat,2022-11-24,175,14,3.07,0,3,11,2,Medium,71.43,0.40817142857142863,1236.44,7.065371428571429,1375,0.08,6371,0.91,58.4,Residential
T01295,R0084,10.34,97.26,226.9,2023-04-07,0,1.0795201249401825,0.47026472859842267,0,4,4,1,0,0,0,0,0,0,0,0,0,1,0,0,0,5.4289069362516384,2.428336298299606,9.862048468751308,1.100652210533096,0.47026472859842267,0.9834587042341411,0.5941917313210756,0.3993808049535604,0.48322381521306257,0,21.943907156673117,0,Zone_6,Kavya Sharma,38,Male,Jaipur,2019-07-21,366,6,4.67,0,6,7,1,High,74.9,0.20464480874316943,1435.8400000000001,3.923060109289618,2597,0.01639344262295082,14627,0.54,37.6,Mixed
T01296,R0055,6.58,53.2,115.07,2023-08-09,0,-0.22842381927476563,-0.3747186792187548,0,2,8,0,0,0,1,0,0,0,0,1,0,0,0,0,0,4.754193457380532,2.0255131996542803,7.293833011524188,-0.2274942858069205,-0.3747186792187548,-0.2413962212563106,0.2970560102029971,0.25386996904024767,0.2638888888888889,0,17.487841945288753,0,Zone_4,Kavya Singh,32,Male,Delhi,2021-11-07,425,12,4.19,0,6,11,1,High,71.7,0.16870588235294118,1109.56,2.610729411764706,1757,0.02823529411764706,4038,2.46,48.2,Business
T01297,R0235,16.21,156.4,162.95,2024-08-01,0,0.33157221085142324,1.7894276551640698,0,3,8,0,0,0,1,0,0,0,0,0,0,0,1,0,0,5.099561503290658,2.845490610223448,12.505998560690786,0.34115146439213145,1.7894276551640698,2.627533154835714,0.4242746306727601,0.6265479876160991,0.7776284348864995,0,10.052436767427512,0,Zone_7,Aarav Ghosh,34,Other,Delhi,2021-02-15,284,8,4.06,0,0,2,2,Medium,55.65,0.1959507042253521,846.06,2.9790845070422534,2022,0.028169014084507043,11070,0.64,45.2,Industrial
T01298,R0254,13.76,69.71,178.7,2023-12-30,0,0.5157814312876696,1.2388400623044724,0,5,12,1,0,0,0,1,0,0,0,0,0,0,0,0,0,5.191288793789513,2.6919208191723265,8.349251463454673,0.5282059874839249,1.2388400623044724,0.2175768795118997,0.46612286109044526,0.531733746130031,0.3460772600557547,0,12.986918604651162,0,Zone_1,Meera Kumar,18,Male,Delhi,2020-03-09,363,70,3.68,0,0,3,1,High,82.37,0.2269146005509642,1214.6,3.346005509641873,2365,0.1928374655647383,4921,2.43,30.9,Residential
T01299,R0060,4.99,45.06,74.39,2023-10-20,0,-0.7042099200586704,-0.7320387905031464,0,4,10,0,0,0,1,1,0,0,0,0,0,0,0,0,0,4.32267464022361,1.7900914121273581,6.712674578735364,-0.7106293968782954,-0.7320387905031464,-0.46768580576589475,0.18896800935274735,0.1923374613003096,0.22336718438868977,0,14.907815631262524,0,Zone_1,Aarav Nair,40,Female,Hyderabad,2023-08-01,123,7,4.57,0,1,8,0,Low,47.26,0.38422764227642275,732.38,5.954308943089431,1125,0.056910569105691054,4921,2.43,30.9,Residential
T01300,R0196,1.92,14.98,37.71,2024-01-25,0,-1.1332127267635286,-1.4219587538006824,0,3,1,0,0,0,1,0,0,0,1,0,0,0,0,0,0,3.6560979645895566,1.0715836162801904,3.8704004960727256,-1.1462585973231831,-1.4219587538006824,-1.3039008797276013,0.0915081305133383,0.07352941176470588,0.07362604540023895,0,19.640625,0,Zone_3,Vivaan Das,18,Male,Hyderabad,2019-06-24,51,9,4.93,0,0,6,1,Low,95.95,1.8813725490196078,1623.43,31.831960784313726,2624,0.17647058823529413,12971,2.11,38.0,Business
T01301,R0097,5.26,37.32,56.45,2023-05-06,0,-0.9140329940031948,-0.6713617904737215,0,5,5,0,1,0,0,0,0,0,1,0,0,0,0,0,0,4.050915004294764,1.8341801851120072,6.109009739720506,-0.9236934060380906,-0.6713617904737215,-0.6828555089727967,0.1413008821341269,0.20278637770897834,0.18483671843886895,0,10.7319391634981,0,Zone_3,Aarav Iyer,23,Other,Bengaluru,2021-01-25,478,5,3.28,0,0,1,2,High,69.43,0.1452510460251046,1117.1,2.3370292887029285,2043,0.010460251046025104,12971,2.11,38.0,Business
T01302,R0028,13.33,129.68,246.79,2023-05-04,0,1.3121500547482419,1.1422063215168696,0,3,5,0,1,0,0,0,0,0,0,1,0,0,0,0,0,5.5125816132556515,2.6623552418400807,11.387712676389407,1.3368753511233036,1.1422063215168696,1.884725083816539,0.6470400680199808,0.515092879256966,0.6446136997212266,0,18.513878469617403,0,Zone_4,Reyansh Sharma,20,Female,Surat,2023-11-11,249,21,3.79,0,5,11,0,Medium,84.88,0.34088353413654615,1499.51,6.022128514056225,1023,0.08433734939759036,4038,2.46,48.2,Business
T01303,R0235,5.38,44.38,68.89,2024-03-09,0,-0.7685369494173596,-0.6443942349050881,0,5,3,0,1,0,0,0,0,0,0,0,0,0,0,0,1,4.246922577489038,1.8531680973566984,6.661831579978587,-0.7759500239897154,-0.6443942349050881,-0.4865896039804546,0.1743543415878414,0.20743034055727555,0.2199820788530466,0,12.804832713754648,0,Zone_9,Aarav Ghosh,34,Other,Delhi,2021-02-15,284,8,4.06,0,0,2,2,Medium,55.65,0.1959507042253521,846.06,2.9790845070422534,2022,0.028169014084507043,11037,1.83,56.1,Mixed
T01304,R0072,10.73,81.37,223.02,2023-05-28,0,1.0341403296835072,0.5579092841964811,0,6,5,1,0,0,0,0,1,0,0,0,0,0,0,0,0,5.411735333583594,2.462149662665384,9.020532135079394,1.0545714772254036,0.5579092841964811,0.541721419485088,0.5838824529705601,0.4144736842105263,0.40412186379928317,0,20.78471575023299,0,Zone_10,Saanvi Das,25,Other,Jaipur,2023-11-05,62,10,4.07,0,6,11,2,Low,48.64,0.7845161290322581,732.14,11.808709677419355,1029,0.16129032258064516,2440,1.54,35.4,Industrial
T01305,R0134,5.17,35.4,100.09,2023-08-20,0,-0.4036272556007954,-0.6915874571501964,0,6,8,0,0,1,0,0,0,0,0,0,0,0,0,0,1,4.616011209165967,1.8196988379172965,5.9497899122574065,-0.405403921103115,-0.6915874571501964,-0.7362309392256716,0.2572536932723988,0.19930340557275542,0.17527877339705294,0,19.359767891682786,0,Zone_9,Aadhya Singh,34,Male,Jaipur,2022-07-30,410,29,4.59,0,5,7,1,High,55.82,0.13614634146341464,1084.4,2.644878048780488,1492,0.07073170731707316,11037,1.83,56.1,Mixed
T01306,R0084,9.72,73.17,199.22,2023-09-01,0,0.7557797299131792,0.330932358160484,0,4,9,1,0,0,0,0,1,0,0,0,0,0,0,0,0,5.2994167619913375,2.372111155642656,8.553946457629952,0.7719113089978045,0.330932358160484,0.3137638527801015,0.520645127006058,0.37538699690402483,0.3633014735165273,0,20.49588477366255,0,Zone_10,Kavya Sharma,38,Male,Jaipur,2019-07-21,366,6,4.67,0,6,7,1,High,74.9,0.20464480874316943,1435.8400000000001,3.923060109289618,2597,0.01639344262295082,2440,1.54,35.4,Industrial
T01307,R0164,10.64,62.59,150.39,2024-08-04,0,0.1846726674432166,0.5376836175200062,0,6,8,0,0,1,0,0,1,0,0,0,0,0,0,0,0,5.019859288623787,2.454447442303292,7.911384202527394,0.19198290502496157,0.5376836175200062,0.019642992324155614,0.39090232755872034,0.41099071207430343,0.3106332138590203,0,14.1343984962406,0,Zone_10,Aadhya Ghosh,37,Other,Ahmedabad,2022-07-06,249,23,4.02,0,2,7,2,Medium,100.28,0.40273092369477914,1758.49,7.062208835341366,1516,0.09236947791164658,2440,1.54,35.4,Industrial
T01308,R0176,12.93,107.92,304.11,2023-08-09,0,1.9825546589009813,1.0523144696214253,0,2,8,0,0,0,1,0,0,0,0,0,0,1,0,0,0,5.720672367324469,2.6340447877917144,10.388455130576443,2.0176350504008655,1.0523144696214253,1.2798035409506234,0.7993410564353279,0.4996130030959752,0.5362903225806451,0,23.51972157772622,0,Zone_6,Kavya Gupta,43,Male,Mumbai,2019-05-24,260,13,3.95,0,4,5,1,Medium,91.05999999999999,0.3502307692307692,1638.07,6.3002692307692305,2655,0.05,14627,0.54,37.6,Mixed
T01309,R0170,15.17,112.08,278.29,2024-07-17,0,1.680568495620735,1.555708840235914,0,2,7,0,0,0,1,0,0,0,0,0,0,0,0,0,1,5.632250668514958,2.783157673589016,10.586784214292837,1.7109843973068908,1.555708840235914,1.3954503064985189,0.7307365288553513,0.5863003095975232,0.5569992035045799,0,18.34475939353988,0,Zone_9,Saanvi Kumar,29,Other,Bengaluru,2020-05-20,28,3,3.68,0,2,5,2,Low,53.51,1.9110714285714285,943.71,33.70392857142857,2293,0.10714285714285714,11037,1.83,56.1,Mixed
T01310,R0245,14.55,84.59,269.23,2024-04-22,0,1.5746043345316942,1.4163764697979753,0,0,4,0,1,0,0,0,1,0,0,0,0,0,0,0,0,5.599273448230355,2.744060638625243,9.197282207261013,1.6033835097378972,1.4163764697979753,0.6312364639716802,0.7066638325007971,0.5623065015479877,0.4201513341298288,0,18.503780068728524,0,Zone_10,Diya Sharma,35,Female,Hyderabad,2020-03-04,265,48,4.73,0,2,3,0,Medium,39.72,0.14988679245283018,751.33,2.8352075471698113,2370,0.1811320754716981,2440,1.54,35.4,Industrial
T01311,R0004,5.35,43.9,64.48,2023-09-24,0,-0.8201155311395085,-0.6511361237972465,0,6,9,0,0,0,1,0,0,0,0,0,0,0,1,0,0,4.181744752502934,1.8484548129046001,6.6257075093909785,-0.8283252904554175,-0.6511361237972465,-0.4999334615436734,0.16263683707088958,0.20626934984520123,0.21759259259259256,0,12.052336448598133,0,Zone_7,Aarav Nair,19,Other,Kolkata,2019-07-28,464,5,3.19,0,6,7,2,High,37.21,0.08019396551724138,683.03,1.4720474137931034,2590,0.010775862068965518,11070,0.64,45.2,Industrial
T01312,R0238,7.26,53.73,75.46,2024-08-23,0,-0.6916953888925255,-0.22190253099649937,0,4,8,0,1,0,0,0,0,0,0,0,0,0,0,1,0,4.336767728268267,2.1114245875328868,7.33007503372237,-0.6979215657857102,-0.22190253099649937,-0.22666237853025675,0.19181103199064722,0.2801857585139319,0.2665272799681402,0,10.393939393939393,0,Zone_8,Reyansh Patel,30,Other,Pune,2019-04-22,362,56,4.91,0,0,4,2,High,38.73,0.10698895027624308,590.03,1.6299171270718231,2687,0.15469613259668508,4516,1.93,31.0,Business
T01313,R0053,2.13,12.79,42.2,2024-08-04,0,-1.0806984791597987,-1.374765531555574,0,6,8,0,1,0,0,0,0,0,1,0,0,0,0,0,0,3.765840495250065,1.1410330045520618,3.576310948449533,-1.0929332126449514,-1.374765531555574,-1.3647822298597867,0.10343819747050698,0.08165634674922602,0.06272401433691756,0,19.812206572769956,0,Zone_3,Arjun Reddy,45,Female,Delhi,2019-09-16,63,7,4.85,0,0,9,0,Low,44.0,0.6984126984126984,713.04,11.318095238095237,2540,0.1111111111111111,12971,2.11,38.0,Business
T01314,R0027,6.82,49.94,153.49,2023-02-05,0,0.22092972035447805,-0.3207835680814881,0,6,2,1,0,0,0,0,0,0,0,0,0,1,0,0,0,5.040129369323958,2.05668455455722,7.066823897621901,0.22879998576048943,-0.3207835680814881,-0.3320232538731712,0.39913912211712194,0.26315789473684215,0.24766029470330544,0,22.505865102639298,0,Zone_6,Ishaan Iyer,39,Male,Jaipur,2019-10-05,403,61,3.98,0,5,10,1,High,57.83,0.14349875930521092,827.28,2.052803970223325,2521,0.1513647642679901,14627,0.54,37.6,Mixed
T01315,R0222,8.12,63.74,108.79,2023-11-05,0,-0.3018735909788688,-0.02863504942129399,0,6,11,0,0,1,0,0,1,0,0,0,0,0,0,0,0,4.698569450246641,2.21046980408624,7.983733462484829,-0.30207856549050527,-0.02863504942129399,0.05161265106936709,0.28036985864597724,0.3134674922600619,0.31635802469135804,0,13.397783251231528,0,Zone_10,Aarav Singh,27,Male,Surat,2022-08-28,475,12,3.44,0,6,8,1,High,79.05,0.16642105263157894,1325.63,2.7908000000000004,1463,0.02526315789473684,2440,1.54,35.4,Industrial
T01316,R0160,5.98,30.73,74.09,2023-04-11,0,-0.7077186671145989,-0.5095564570619213,0,1,4,1,0,0,0,0,0,0,0,1,0,0,0,0,0,4.318687394111793,1.9430489167742813,5.543464620614079,-0.7141923401752819,-0.5095564570619213,-0.8660555534344869,0.1881709002019343,0.23065015479876164,0.15203106332138588,0,12.389632107023411,0,Zone_4,Kavya Nair,30,Male,Surat,2021-06-16,438,7,4.42,0,2,6,1,High,32.73,0.07472602739726027,396.94,0.906255707762557,1901,0.01598173515981735,4038,2.46,48.2,Business
T01317,R0249,5.48,52.77,121.71,2023-02-16,0,-0.1507635511035481,-0.6219212719312268,0,3,2,1,0,0,0,0,0,0,0,0,0,0,1,0,0,4.809823847988456,1.8687205103641833,7.264296249465602,-0.1486344741669517,-0.6219212719312268,-0.25335009365669403,0.31469869274099266,0.21130030959752324,0.2617483074472322,0,22.209854014598537,0,Zone_7,Diya Nair,20,Male,Mumbai,2023-03-24,396,48,4.49,0,4,3,1,High,64.71,0.1634090909090909,1080.53,2.728611111111111,1255,0.12121212121212122,11070,0.64,45.2,Industrial
T01318,R0016,13.16,96.42,308.81,2024-05-26,0,2.037525029443861,1.1040022844613058,0,6,5,0,0,0,1,1,0,0,0,0,0,0,0,0,0,5.735959206351422,2.6504210882655737,9.819368615140181,2.0734544953869882,1.1040022844613058,0.9601069534985083,0.8118290997980657,0.5085139318885449,0.47904221425726806,0,23.46580547112462,0,Zone_1,Aarav Iyer,28,Female,Delhi,2022-01-24,356,51,3.06,0,0,1,0,High,41.24,0.11584269662921348,687.6800000000001,1.9316853932584273,1679,0.14325842696629212,4921,2.43,30.9,Residential
T01319,R0223,12.54,89.9,223.88,2023-06-10,0,1.044198737910502,0.9646699140233668,0,5,6,0,0,0,1,0,0,0,0,0,1,0,0,0,0,5.415566926598276,2.605648267484129,9.481561052906848,1.064785248010098,0.9646699140233668,0.7788528882647874,0.5861674992028908,0.4845201238390093,0.4465850258861012,0,17.853269537480063,0,Zone_5,Meera Ghosh,30,Female,Surat,2019-11-29,158,10,4.04,0,4,11,0,Low,56.4,0.3569620253164557,987.21,6.248164556962026,2466,0.06329113924050633,2590,1.31,43.9,Business
T01320,R0003,10.0,98.25,154.94,2023-06-03,0,0.23788866445813234,0.39385665448729495,0,5,6,0,0,1,0,0,0,1,0,0,0,0,0,0,0,5.049471317881454,2.3978952727983707,9.912113800799505,0.2460208783625909,0.39385665448729495,1.0109804104582796,0.40299181634605163,0.3862229102167183,0.4881521306252489,0,15.494,0,Zone_2,Kavya Reddy,34,Male,Pune,2023-05-04,45,9,3.76,0,3,5,1,Low,67.68,1.5040000000000002,971.71,21.593555555555557,1214,0.2,6371,0.91,58.4,Residential
T01321,R0236,1.6099999999999999,10.54,37.2,2023-02-02,0,-1.139177596758607,-1.4916249390196519,0,3,2,0,1,0,0,0,0,0,0,0,0,0,1,0,0,3.6428355156125294,0.959350221334602,3.246536616149585,-1.1523156009280604,-1.4916249390196519,-1.4273315621873743,0.09015304495695611,0.061532507739938076,0.05152329749103943,0,23.105590062111805,0,Zone_7,Arjun Gupta,28,Male,Ahmedabad,2020-08-10,61,1,3.36,0,0,8,1,Low,50.01,0.8198360655737704,768.54,12.599016393442623,2211,0.01639344262295082,11070,0.64,45.2,Industrial
T01322,R0185,9.0,87.7,155.52,2024-02-16,0,0.24467224209959426,0.1691270247486839,0,4,2,0,0,0,1,0,0,0,0,0,0,0,0,0,1,5.053183797342212,2.302585092994046,9.364827814754525,0.2529092354034317,0.1691270247486839,0.7176935411000349,0.40453289403762355,0.3475232198142415,0.4356332138590203,0,17.28,0,Zone_9,Vivaan Sharma,27,Male,Delhi,2021-08-27,201,12,4.05,0,4,8,1,Medium,43.730000000000004,0.21756218905472638,744.08,3.7018905472636816,1829,0.05970149253731343,11037,1.83,56.1,Mixed
T01323,R0166,6.08,32.36,73.25,2024-01-22,0,-0.7175431588711987,-0.48708349408806034,0,0,1,0,0,0,1,0,0,0,0,0,0,0,0,0,1,4.307437777682809,1.9572739077056285,5.688585061331157,-0.7241685814068443,-0.48708349408806034,-0.8207420371260568,0.18593899457965776,0.2345201238390093,0.1601453604141776,0,12.047697368421053,0,Zone_9,Reyansh Sharma,24,Other,Chennai,2021-03-16,349,63,4.29,0,1,3,2,High,43.16,0.12366762177650428,628.01,1.7994555873925502,1993,0.18051575931232092,11037,1.83,56.1,Mixed
T01324,R0270,14.58,117.9,313.49,2024-08-14,0,2.0922614835163458,1.4231183586901335,0,2,8,0,1,0,0,1,0,0,0,0,0,0,0,0,0,5.750952279132591,2.7459880404426023,10.858176642512316,2.129036410819978,1.4231183586901335,1.557244579452546,0.8242640025507493,0.563467492260062,0.5859717244125847,0,21.501371742112482,0,Zone_1,Aadhya Reddy,35,Male,Hyderabad,2022-01-02,455,64,3.08,0,6,1,1,High,59.04,0.12975824175824174,1101.53,2.420945054945055,1701,0.14065934065934066,4921,2.43,30.9,Residential
T01325,R0250,1.01,5.7,8.99,2023-07-29,0,-1.4691167782510839,-1.6264627168628183,0,5,7,0,1,0,0,0,0,0,0,0,0,0,0,0,1,2.301584592660462,0.6981347220709844,2.3874672772626644,-1.4873510356213615,-1.6264627168628183,-1.5618821259498297,0.015198214475502179,0.03831269349845201,0.02742931103146157,0,8.900990099009901,0,Zone_9,Aadhya Iyer,34,Female,Jaipur,2021-02-01,163,31,4.63,0,0,2,0,Low,75.32,0.46208588957055213,1127.31,6.91601226993865,2036,0.1901840490797546,11037,1.83,56.1,Mixed
T01326,R0072,5.21,38.32,45.13,2024-07-30,0,-1.046429716246897,-0.6825982719606519,0,1,7,0,0,0,1,0,0,0,0,0,1,0,0,0,0,3.8314634975697293,1.8261608959453874,6.190315016216864,-1.0581351331110496,-0.6825982719606519,-0.655055805716091,0.11122329684344777,0.2008513931888545,0.1898148148148148,0,8.662188099808063,0,Zone_5,Saanvi Das,25,Other,Jaipur,2023-11-05,62,10,4.07,0,6,11,2,Low,48.64,0.7845161290322581,732.14,11.808709677419355,1029,0.16129032258064516,2590,1.31,43.9,Business
T01327,R0280,5.07,44.97,72.82,2024-03-09,0,-0.7225723629846963,-0.7140604201240575,0,5,3,1,0,0,0,0,0,0,0,0,0,0,0,1,0,4.301629697601852,1.803358605071407,6.705967491719595,-0.7292754667991918,-0.7140604201240575,-0.47018777905899833,0.18479647146349237,0.19543343653250775,0.22291915571485463,0,14.3629191321499,0,Zone_8,Saanvi Gupta,26,Other,Chennai,2023-05-31,172,23,4.43,0,2,5,2,Medium,50.769999999999996,0.29517441860465116,735.3,4.2749999999999995,1187,0.13372093023255813,4516,1.93,31.0,Business
T01328,R0203,5.67,32.13,68.89,2024-01-05,0,-0.7685369494173596,-0.5792226422808909,0,4,1,0,0,1,0,0,0,0,0,1,0,0,0,0,0,4.246922577489038,1.8976198599275322,5.668333088307356,-0.7759500239897154,-0.5792226422808909,-0.827135968875099,0.1743543415878414,0.2186532507739938,0.1590003982477101,0,12.149911816578484,0,Zone_4,Kavya Gupta,49,Female,Bengaluru,2023-07-25,152,9,3.6,0,1,7,0,Low,38.78,0.25513157894736843,698.6500000000001,4.596381578947369,1132,0.05921052631578947,4038,2.46,48.2,Business
T01329,R0165,12.79,110.98,232.73,2023-11-28,0,1.1477067760603927,1.0208523214580196,0,1,11,1,0,0,0,0,1,0,0,0,0,0,0,0,0,5.454166603010877,2.6239436918052106,10.534704552098269,1.169892075271201,1.0208523214580196,1.3648706329161429,0.6096822191518758,0.49419504643962847,0.5515232974910395,0,18.196247068021894,0,Zone_10,Meera Reddy,37,Female,Kolkata,2021-12-09,34,5,3.27,0,3,12,0,Low,46.71,1.3738235294117647,779.6999999999999,22.932352941176468,1725,0.14705882352941177,2440,1.54,35.4,Industrial
T01330,R0028,3.76,33.29,33.59,2023-10-19,0,-1.1813995196649467,-1.008456235081638,0,3,10,0,0,1,0,0,0,0,0,1,0,0,0,0,0,3.5435646229490776,1.5602476682433286,5.769748694700662,-1.195189685268465,-1.008456235081638,-0.7948883130973206,0.0805611648421724,0.14473684210526316,0.16477499004380722,0,8.933510638297873,0,Zone_4,Reyansh Sharma,20,Female,Surat,2023-11-11,249,21,3.79,0,5,11,0,Medium,84.88,0.34088353413654615,1499.51,6.022128514056225,1023,0.08433734939759036,4038,2.46,48.2,Business
T01331,R0294,6.96,64.73,98.96,2023-12-12,0,-0.4168435361781262,-0.28932141991808263,0,1,12,0,0,1,0,0,0,0,0,0,1,0,0,0,0,4.604770105966751,2.0744289998562917,8.045495634204272,-0.41882434085509773,-0.28932141991808263,0.07913435729350575,0.25425124880433625,0.26857585139318885,0.32128634010354445,0,14.2183908045977,0,Zone_5,Arjun Reddy,24,Male,Surat,2021-04-02,41,7,3.2,0,4,4,1,Low,56.68,1.3824390243902438,835.4,20.37560975609756,1976,0.17073170731707318,2590,1.31,43.9,Business
T01332,R0146,12.25,87.0,233.83,2024-02-29,0,1.1605721819321309,0.8994983213991697,0,3,2,0,0,1,0,0,0,0,0,0,0,1,0,0,0,5.458861848105724,2.583997552432231,9.327379053088816,1.1829562006934853,0.8994983213991697,0.6982337488203408,0.612604952704857,0.47329721362229105,0.43214854639585826,0,19.08816326530612,0,Zone_6,Kavya Gupta,30,Male,Surat,2020-04-15,80,11,3.89,0,2,4,1,Low,67.44,0.843,938.47,11.730875000000001,2328,0.1375,14627,0.54,37.6,Mixed
T01333,R0135,12.9,77.2,259.46,2023-07-23,0,1.4603361387436222,1.045572580729267,0,6,7,0,0,1,0,0,0,0,1,0,0,0,0,0,0,5.5624492985395575,2.631888840136646,8.78635305459552,1.4873503230327016,1.045572580729267,0.42579665690462537,0.6807046444893187,0.49845201238390097,0.383363201911589,0,20.11317829457364,0,Zone_3,Reyansh Patel,38,Female,Ahmedabad,2022-02-24,153,8,3.47,0,3,2,0,Low,66.6,0.4352941176470588,992.13,6.4845098039215685,1648,0.05228758169934641,12971,2.11,38.0,Business
T01334,R0022,5.25,39.93,80.17,2023-05-16,0,-0.6366080601144479,-0.6736090867711075,0,1,5,0,0,1,0,0,0,1,0,0,0,0,0,0,0,4.3965457207730845,1.8325814637483102,6.319018911191831,-0.6419833560230214,-0.6736090867711075,-0.6102982834727949,0.20432564565841216,0.20239938080495357,0.1978295499800876,0,15.270476190476192,0,Zone_2,Aarav Nair,43,Female,Kolkata,2020-09-14,220,1,3.32,0,0,9,0,Medium,52.25,0.2375,827.22,3.760090909090909,2176,0.004545454545454545,6371,0.91,58.4,Residential
T01335,R0237,4.6,41.73,44.08,2023-06-01,0,-1.0587103309426467,-0.8196833461012047,0,3,6,0,0,0,1,0,0,0,1,0,0,0,0,0,0,3.8084386891715756,1.7227665977411035,6.4598761598036845,-1.0706054346505023,-0.8196833461012047,-0.5602588176107247,0.10843341481560208,0.17724458204334365,0.2067901234567901,0,9.582608695652175,0,Zone_3,Aadhya Nair,40,Male,Chennai,2022-12-13,36,3,3.71,0,1,12,1,Low,97.37,2.7047222222222222,1759.7,48.88055555555556,1356,0.08333333333333333,12971,2.11,38.0,Business
T01336,R0157,9.73,77.54,93.63,2023-10-17,0,-0.4791822755384559,0.33317965445787007,0,1,10,0,0,1,0,1,0,0,0,0,0,0,0,0,0,4.549974550520141,2.373043556642607,8.805679985100527,-0.48212596676489194,0.33317965445787007,0.4352485560119054,0.24008927622489104,0.37577399380804954,0.3850557546794106,0,9.622816032887975,0,Zone_1,Kavya Nair,36,Female,Hyderabad,2021-11-23,319,27,4.65,0,1,11,0,Medium,113.9,0.3570532915360502,1875.93,5.880658307210031,1741,0.08463949843260188,4921,2.43,30.9,Residential
T01337,R0152,8.76,51.32,154.75,2024-02-14,0,0.23566645798937766,0.1151919136114172,0,2,2,0,0,1,0,1,0,0,0,0,0,0,0,0,0,5.048252157667562,2.278292400425001,7.163797875428926,0.2437643476078328,0.1151919136114172,-0.2936596633789173,0.4024869805505367,0.3382352941176471,0.25453006770211073,0,17.66552511415525,0,Zone_1,Arjun Patel,34,Female,Bengaluru,2021-05-04,143,24,3.91,0,1,5,0,Low,48.53,0.3393706293706294,914.56,6.395524475524475,1944,0.16783216783216784,4921,2.43,30.9,Residential
T01338,R0160,8.35,66.52,109.36,2024-05-03,0,-0.2952069715726047,0.023052765418586647,0,4,5,0,1,0,0,1,0,0,0,0,0,0,0,0,0,4.703747749349085,2.2353763433005955,8.155979401641472,-0.2953089732262309,0.023052765418586647,0.12889582612300868,0.28188436603252204,0.3223684210526316,0.3301971326164875,0,13.097005988023952,0,Zone_1,Kavya Nair,30,Male,Surat,2021-06-16,438,7,4.42,0,2,6,1,High,32.73,0.07472602739726027,396.94,0.906255707762557,1901,0.01598173515981735,4921,2.43,30.9,Residential
T01339,R0249,11.01,106.56,154.05,2023-03-27,0,0.22747938152554462,0.6208335805232921,0,0,3,1,0,0,0,0,1,0,0,0,0,0,0,0,0,5.043747645546458,2.485739636091892,10.322790320451153,0.23545081324819767,0.6208335805232921,1.2419959445215036,0.4006270591986396,0.42530959752321984,0.5295201115093588,0,13.99182561307902,0,Zone_10,Diya Nair,20,Male,Mumbai,2023-03-24,396,48,4.49,0,4,3,1,High,64.71,0.1634090909090909,1080.53,2.728611111111111,1255,0.12121212121212122,2440,1.54,35.4,Industrial
T01340,R0223,2.36,18.92,47.61,2023-11-16,0,-1.0174240739178881,-1.3230777167156935,0,3,11,0,0,1,0,0,0,0,0,0,0,0,1,0,0,3.883829271057364,1.2119409739751128,4.349712634186309,-1.0286814685226273,-1.3230777167156935,-1.1943700488961808,0.11781273249016898,0.09055727554179567,0.09323974512146556,0,20.173728813559322,0,Zone_7,Meera Ghosh,30,Female,Surat,2019-11-29,158,10,4.04,0,4,11,0,Low,56.4,0.3569620253164557,987.21,6.248164556962026,2466,0.06329113924050633,11070,0.64,45.2,Industrial
T01341,R0285,3.68,26.59,64.46,2024-07-22,0,-0.8203494476099039,-1.026434605460727,0,0,7,0,0,1,0,0,0,0,0,0,0,0,0,0,1,4.181439269073034,1.5432981099295553,5.156549233741495,-0.82856282000855,-1.026434605460727,-0.9811463249172485,0.16258369646083534,0.141640866873065,0.1314217443249701,0,17.516304347826086,0,Zone_9,Diya Iyer,29,Female,Chennai,2019-01-10,244,16,4.97,0,3,1,0,Medium,62.89,0.25774590163934424,1105.3799999999999,4.5302459016393435,2789,0.06557377049180328,11037,1.83,56.1,Mixed
T01342,R0055,11.22,84.17,99.64,2024-01-29,0,-0.40889037618468815,0.6680268027684005,0,0,1,0,0,0,1,0,0,0,1,0,0,0,0,0,0,4.611549792952131,2.503073953743449,9.174420962654809,-0.41074833604859484,0.6680268027684005,0.6195605886038639,0.2560580295461792,0.43343653250774,0.4180605336519315,0,8.880570409982175,0,Zone_3,Kavya Singh,32,Male,Delhi,2021-11-07,425,12,4.19,0,6,11,1,High,71.7,0.16870588235294118,1109.56,2.610729411764706,1757,0.02823529411764706,12971,2.11,38.0,Business
T01343,R0211,0.8,4.79,12.38,2024-01-16,0,-1.4294679365190919,-1.6736559391079266,0,1,1,0,0,1,0,0,0,1,0,0,0,0,0,0,0,2.5937610547000824,0.5877866649021191,2.188606862823929,-1.4470897763654136,-1.6736559391079266,-1.587179855913432,0.024205547879689662,0.030185758513931894,0.022899243329350855,0,15.475,0,Zone_2,Arjun Reddy,36,Female,Mumbai,2021-04-04,435,17,3.63,0,6,4,0,High,46.08,0.10593103448275862,645.88,1.4847816091954023,1974,0.03908045977011494,6371,0.91,58.4,Residential
T01344,R0189,2.77,24.1,67.88,2023-02-01,1,-0.780349731172319,-1.230938568522863,0,2,2,0,1,0,0,0,1,0,0,0,0,0,0,0,0,4.232365860119475,1.3270750014599193,4.909175083453431,-0.7879452664229034,-1.230938568522863,-1.0503675860264454,0.17167074078010414,0.10642414860681115,0.119026284348865,0,24.50541516245487,1,Zone_10,Reyansh Gupta,29,Female,Delhi,2019-09-16,238,42,3.28,0,0,9,0,Medium,72.03,0.30264705882352944,1480.7,6.2214285714285715,2540,0.17647058823529413,2440,1.54,35.4,Industrial
T01345,R0114,7.23,59.13,66.53,2023-12-30,0,-0.7961390929239972,-0.22864441988865755,0,5,12,0,0,0,1,0,0,0,0,0,0,0,1,0,0,4.212571943586751,2.1077860146889784,7.689603370785778,-0.8039785112593428,-0.22864441988865755,-0.076543980944046,0.16808374960144543,0.2790247678018576,0.29340900039824774,0,9.201936376210234,0,Zone_7,Meera Das,36,Male,Chennai,2022-05-23,242,23,3.45,0,0,5,1,Medium,7.23,0.02987603305785124,66.53,0.2749173553719008,1560,0.09504132231404959,11070,0.64,45.2,Industrial
T01346,R0080,1.56,9.11,17.39,2023-08-23,0,-1.3708718606850858,-1.5028614205065822,0,2,8,1,0,0,0,0,0,0,0,1,0,0,0,0,0,2.91180703861623,0.9400072584914712,3.018277654557314,-1.3875886233057382,-1.5028614205065822,-1.4670851378444636,0.03751727069826762,0.05959752321981424,0.044404619673436875,0,11.147435897435898,0,Zone_4,Reyansh Kumar,19,Female,Mumbai,2021-05-15,34,6,4.6,0,5,5,0,Low,55.11,1.6208823529411764,843.6800000000001,24.814117647058826,1933,0.17647058823529413,4038,2.46,48.2,Business
T01347,R0130,11.21,90.54,272.14,2023-09-30,1,1.6086391809742002,0.6657795064710145,0,5,9,0,1,0,0,0,0,1,0,0,0,0,0,0,0,5.609984484250279,2.502255288122613,9.515250916292224,1.6379440597186663,0.6657795064710145,0.796644698349079,0.7143957912636837,0.43304953560371523,0.4497710075667065,0,24.27653880463871,1,Zone_2,Diya Ghosh,27,Female,Pune,2019-02-16,316,62,3.62,0,5,2,0,Medium,50.9,0.1610759493670886,896.33,2.836487341772152,2752,0.1962025316455696,6371,0.91,58.4,Residential
T01348,R0131,6.04,32.61,91.44,2024-05-18,0,-0.5047961290467339,-0.4960726792776048,0,5,5,0,0,1,0,0,0,1,0,0,0,0,0,0,0,4.52655978540618,1.951608170169951,5.710516614107694,-0.5081354528328936,-0.4960726792776048,-0.8137921113118803,0.23427037942395576,0.23297213622291021,0.16138988450816405,0,15.139072847682119,0,Zone_2,Reyansh Ghosh,24,Male,Surat,2019-10-22,99,7,3.6,0,1,10,1,Low,26.97,0.2724242424242424,435.23,4.396262626262627,2504,0.0707070707070707,6371,0.91,58.4,Residential
T01349,R0023,17.16,162.72,261.85,2024-03-08,0,1.4882891569558532,2.00292080341575,0,4,3,0,0,0,1,0,0,0,0,0,0,0,1,0,0,5.5715835272654575,2.8992213731731473,12.75617497528158,1.5157351046320284,2.00292080341575,2.803227279418094,0.6870549473907961,0.663312693498452,0.8090900039824771,0,15.259324009324011,0,Zone_7,Meera Iyer,24,Other,Jaipur,2019-10-09,176,32,3.21,0,2,10,2,Medium,64.91,0.36880681818181815,1195.62,6.793295454545454,2517,0.18181818181818182,11070,0.64,45.2,Industrial
T01350,R0068,4.85,29.0,115.16,2024-04-02,0,-0.22737119515798704,-0.763500938666552,0,1,4,0,1,0,0,0,0,0,0,0,0,1,0,0,0,4.754968551076486,1.766441661243765,5.385164807134504,-0.2264254028178245,-0.763500938666552,-0.9141490400685878,0.29729514294824105,0.18691950464396284,0.1434189565909996,0,23.744329896907217,0,Zone_6,Meera Singh,30,Female,Ahmedabad,2022-08-31,456,70,4.97,0,2,8,0,High,71.8,0.15745614035087718,1100.63,2.4136622807017547,1460,0.15350877192982457,14627,0.54,37.6,Mixed
T01351,R0133,5.12,49.57,60.88,2024-04-17,0,-0.8622204958106506,-0.7028239386371269,0,2,4,0,0,0,1,0,0,0,0,0,0,1,0,0,0,4.125197025704866,1.8115620965242347,7.040596565632773,-0.8710806100192561,-0.7028239386371269,-0.3423091440781522,0.15307152726113296,0.19736842105263158,0.2458183990442055,0,11.890625,0,Zone_6,Diya Kumar,25,Female,Delhi,2019-07-13,155,11,4.4,0,5,7,0,Low,64.89,0.4186451612903226,817.27,5.272709677419355,2605,0.07096774193548387,14627,0.54,37.6,Mixed
T01352,R0091,12.02,100.94,275.23,2024-01-19,0,1.6447792756502642,0.8478105065592891,0,4,1,0,0,1,0,0,0,0,0,0,1,0,0,0,0,5.621233852021042,2.5664866367804233,10.046890066085126,1.674642375677628,0.8478105065592891,1.0857616122188178,0.7226060155170582,0.4643962848297214,0.5015432098765432,0,22.89767054908486,0,Zone_5,Meera Das,41,Other,Surat,2022-04-16,334,43,3.4,0,5,4,2,High,49.879999999999995,0.14934131736526945,903.61,2.7054191616766468,1597,0.12874251497005987,2590,1.31,43.9,Business
T01353,R0102,4.72,36.52,52.99,2023-04-16,0,-0.9545005433815701,-0.7927157905325715,0,6,4,1,0,0,0,0,0,0,1,0,0,0,0,0,0,3.9887988442301956,1.7439688053917064,6.043177971895251,-0.9647860187300019,-0.7927157905325715,-0.7050952715781611,0.1321075565947497,0.18188854489164086,0.18085424133811231,0,11.226694915254239,0,Zone_3,Aarav Nair,18,Female,Chennai,2023-05-13,123,22,4.1,0,5,5,0,Low,35.83,0.29130081300813004,483.3,3.9292682926829268,1205,0.17886178861788618,12971,2.11,38.0,Business
T01354,R0063,15.56,149.46,218.79,2023-06-07,0,0.9846669961949152,1.6433533958339726,0,2,6,0,0,1,0,0,0,0,0,0,0,1,0,0,0,5.392672545029182,2.8069901489571136,12.225383429569806,1.0043339767378932,1.6433533958339726,2.434603214234177,0.572643213944096,0.6013931888544892,0.7430804460374353,0,14.061053984575835,0,Zone_6,Diya Iyer,34,Male,Surat,2023-04-21,329,33,4.83,0,4,4,1,High,67.55,0.2053191489361702,1244.56,3.7828571428571425,1227,0.10030395136778116,14627,0.54,37.6,Mixed
T01355,R0245,10.41,76.48,243.67,2023-08-14,0,1.2756590853665855,0.4859958026801255,0,0,8,0,0,0,1,0,0,0,0,0,0,1,0,0,0,5.499910363831802,2.4344901638739844,8.74528444363018,1.2998207408346436,0.4859958026801255,0.40578087055979734,0.638750132851525,0.4020897832817338,0.37977897252090803,0,23.407300672430353,0,Zone_6,Diya Sharma,35,Female,Hyderabad,2020-03-04,265,48,4.73,0,2,3,0,Medium,39.72,0.14988679245283018,751.33,2.8352075471698113,2370,0.1811320754716981,14627,0.54,37.6,Mixed
T01356,R0098,6.48,51.15,142.24,2023-06-15,0,0.08935170575715921,-0.3971916421926158,0,3,6,0,0,0,1,0,0,0,1,0,0,0,0,0,0,4.964521545130232,2.012232791986386,7.151922818375489,0.09518961212349412,-0.3971916421926158,-0.29838561293255733,0.3692475289616325,0.25,0.2536837913181999,0,21.950617283950617,0,Zone_3,Diya Singh,21,Other,Bengaluru,2023-04-29,286,56,3.5,0,5,4,2,Medium,70.87,0.24779720279720283,1071.75,3.7473776223776225,1219,0.1958041958041958,12971,2.11,38.0,Business
T01357,R0098,7.2,50.64,128.48,2023-09-15,0,-0.07158282587476163,-0.23538630878081593,0,4,9,0,0,1,0,0,0,0,0,0,1,0,0,0,0,4.8635264290580436,2.1041341542702074,7.116178749862878,-0.06823072043162214,-0.23538630878081593,-0.31256346159347714,0.3326867892443405,0.2778637770897833,0.25114496216646753,0,17.84444444444444,0,Zone_5,Diya Singh,21,Other,Bengaluru,2023-04-29,286,56,3.5,0,5,4,2,Medium,70.87,0.24779720279720283,1071.75,3.7473776223776225,1219,0.1958041958041958,2590,1.31,43.9,Business
T01358,R0118,22.25,183.6,317.32,2023-02-14,0,2.137056487597033,3.14679461878528,0,1,2,0,0,0,1,0,0,0,0,1,0,0,0,0,0,5.763057166118673,3.1463051320333655,13.549907748763458,2.1745233202448393,3.14679461878528,3.3836850834181083,0.8344404293761292,0.8602941176470589,0.9130326563122262,0,14.261573033707865,0,Zone_4,Reyansh Gupta,29,Male,Surat,2023-09-26,165,24,4.13,0,1,9,1,Medium,38.22,0.23163636363636364,532.69,3.228424242424243,1069,0.14545454545454545,4038,2.46,48.2,Business
T01359,R0152,10.44,100.29,230.32,2024-02-17,0,1.1195198413777672,0.4927376915722837,0,5,2,0,0,1,0,0,0,0,0,0,0,1,0,0,0,5.443802033290018,2.437115985951652,10.014489502715554,1.1412697641187426,0.4927376915722837,1.0676918051019593,0.6032787756403444,0.40325077399380804,0.49830744723217846,0,22.061302681992338,0,Zone_6,Arjun Patel,34,Female,Bengaluru,2021-05-04,143,24,3.91,0,1,5,0,Low,48.53,0.3393706293706294,914.56,6.395524475524475,1944,0.16783216783216784,14627,0.54,37.6,Mixed
T01360,R0067,8.75,44.84,112.76,2023-07-09,0,-0.25544117160541496,0.11294461731403115,0,6,7,1,0,0,0,1,0,0,0,0,0,0,0,0,0,4.73409096605493,2.277267285009756,6.696267617113283,-0.2549289491937167,0.11294461731403115,-0.47380174048236995,0.2909182697417366,0.3378482972136223,0.2222720031859817,0,12.886857142857144,0,Zone_1,Saanvi Iyer,32,Male,Pune,2022-07-24,348,9,3.38,0,6,7,1,High,113.07,0.32491379310344826,1846.81,5.3069252873563215,1498,0.02586206896551724,4921,2.43,30.9,Residential
T01361,R0188,7.34,37.06,173.56,2023-02-11,0,0.45566489839609475,-0.20392416061741045,0,5,2,0,1,0,0,0,0,0,0,0,0,1,0,0,0,5.16226852208476,2.1210632163706555,6.087692502089769,0.46716089232888897,-0.20392416061741045,-0.69008343181954,0.45246572430651505,0.28328173374613,0.18354241338112307,0,23.645776566757494,0,Zone_6,Vivaan Gupta,24,Male,Delhi,2020-07-16,436,64,3.15,0,3,7,1,High,24.450000000000003,0.05607798165137615,466.44,1.069816513761468,2236,0.14678899082568808,14627,0.54,37.6,Mixed
T01362,R0204,13.19,125.25,176.72,2024-02-07,0,0.4926237007185416,1.110744173353464,0,2,2,0,1,0,0,0,0,0,0,0,0,0,0,0,1,5.180209278067708,2.6525374911719513,11.191514642799696,0.5046905617238139,1.110744173353464,1.7615723983893325,0.4608619406950792,0.5096749226006192,0.6225607327757865,0,13.398028809704321,0,Zone_9,Aarav Kumar,37,Female,Hyderabad,2019-01-01,438,5,3.73,0,1,1,0,High,67.81,0.15481735159817353,901.35,2.0578767123287673,2798,0.01141552511415525,11037,1.83,56.1,Mixed
T01363,R0272,0.41000000000000003,2.44,4.05,2023-11-24,0,-1.5268941464387065,-1.761300494705985,0,4,11,0,1,0,0,0,0,1,0,0,0,0,0,0,0,1.6193882432872684,0.34358970439007697,1.5620499351813308,-1.546020835245073,-1.761300494705985,-1.6525091585666902,0.0020724837921139334,0.015092879256965947,0.011200716845878136,0,9.878048780487804,0,Zone_2,Kavya Ghosh,21,Male,Kolkata,2020-01-15,432,4,4.79,0,2,1,1,High,40.29,0.09326388888888888,691.76,1.6012962962962962,2419,0.009259259259259259,6371,0.91,58.4,Residential
T01364,R0044,7.09,40.91,95.09,2024-02-23,0,-0.46210637319960374,-0.2601065680520632,0,4,2,0,0,1,0,0,0,0,0,0,0,0,0,1,0,4.5652852522891765,2.0906287310704004,6.396092557178953,-0.464786309386224,-0.2601065680520632,-0.5830545742812234,0.24396854075884788,0.27360681114551083,0.2027080844285145,0,13.411847672778562,0,Zone_8,Arjun Gupta,36,Female,Hyderabad,2020-08-01,271,5,3.21,0,5,8,0,Medium,102.26,0.37734317343173435,1660.52,6.127380073800738,2220,0.01845018450184502,4516,1.93,31.0,Business
T01365,R0214,6.17,47.6,88.34,2023-04-12,0,-0.541053181957995,-0.4668578274115854,0,2,4,0,0,0,1,0,0,0,0,0,0,0,1,0,0,4.492449315923973,1.969905654611529,6.899275324264136,-0.5449525335684212,-0.4668578274115854,-0.3970745594938624,0.22603358486555425,0.2380030959752322,0.23601154918359218,0,14.317666126418153,0,Zone_7,Aarav Kumar,20,Female,Kolkata,2022-09-14,210,2,4.53,0,2,9,0,Medium,40.76,0.1940952380952381,681.69,3.2461428571428574,1446,0.009523809523809525,11070,0.64,45.2,Industrial
T01366,R0043,5.33,35.49,60.35,2024-06-16,0,-0.8684192822761244,-0.6556307163920186,0,6,6,1,0,0,0,0,0,0,1,0,0,0,0,0,0,4.116595171156921,1.8453002361560848,5.957348403442592,-0.8773751431772656,-0.6556307163920186,-0.733728965932568,0.15166330109469656,0.20549535603715172,0.1757268020708881,0,11.322701688555346,0,Zone_3,Diya Kumar,28,Male,Ahmedabad,2021-12-10,85,16,4.68,0,4,12,1,Low,67.16,0.7901176470588235,862.5,10.147058823529411,1724,0.18823529411764706,12971,2.11,38.0,Business
T01367,R0044,12.24,79.23,239.01,2023-08-23,0,1.2211565477644961,0.8972510251017838,0,2,8,1,0,0,0,0,0,1,0,0,0,0,0,0,0,5.4806805891406265,2.5832425505088623,8.901123524589467,1.244476354954786,0.8972510251017838,0.4822300545157379,0.6263683707088957,0.4729102167182663,0.3934687375547591,0,19.526960784313726,0,Zone_2,Arjun Gupta,36,Female,Hyderabad,2020-08-01,271,5,3.21,0,5,8,0,Medium,102.26,0.37734317343173435,1660.52,6.127380073800738,2220,0.01845018450184502,6371,0.91,58.4,Residential
T01368,R0265,14.91,122.7,124.55,2024-03-12,0,-0.11754741230742492,1.4972791365038751,0,1,3,0,0,1,0,0,0,0,0,0,0,0,0,1,0,4.832704085603594,2.7669478423496954,11.077003204838391,-0.11490527762214574,1.4972791365038751,1.6906831550847332,0.3222446593686895,0.5762383900928792,0.6098665870171247,0,8.353454057679409,0,Zone_8,Kavya Das,39,Female,Bengaluru,2020-11-26,176,24,3.26,0,3,11,0,Medium,44.879999999999995,0.25499999999999995,607.71,3.4528977272727275,2103,0.13636363636363635,4516,1.93,31.0,Business
T01369,R0128,11.03,62.96,88.9,2023-06-05,0,-0.5345035207869285,0.6253281731180642,0,0,6,1,0,0,0,0,1,0,0,0,0,0,0,0,0,4.498697941477575,2.4874035299865875,7.934733769950949,-0.5383017060807129,0.6253281731180642,0.02992888252913664,0.22752152194707195,0.42608359133126933,0.3124751095181203,0,8.059836808703537,0,Zone_10,Reyansh Reddy,35,Male,Jaipur,2021-12-09,26,4,4.31,0,3,12,1,Low,11.03,0.4242307692307692,88.9,3.4192307692307695,1725,0.15384615384615385,2440,1.54,35.4,Industrial
T01370,R0204,11.2,65.39,91.6,2024-03-26,0,-0.5029247972835721,0.6635322101736281,0,1,3,0,0,1,0,1,0,0,0,0,0,0,0,0,0,4.528289141652134,2.501435951739211,8.086408349817612,-0.5062352164078342,0.6635322101736281,0.0974821614429314,0.2346955043043894,0.4326625386996904,0.3245718837116687,0,8.178571428571429,0,Zone_1,Aarav Kumar,37,Female,Hyderabad,2019-01-01,438,5,3.73,0,1,1,0,High,67.81,0.15481735159817353,901.35,2.0578767123287673,2798,0.01141552511415525,4921,2.43,30.9,Residential
T01371,R0216,0.58,3.43,7.88,2023-07-12,0,-1.4820991423580194,-1.723096457650421,0,2,7,1,0,0,0,0,0,0,0,0,0,0,0,0,1,2.1838015570040787,0.4574248470388754,1.8520259177452134,-1.5005339258202117,-1.723096457650421,-1.6249874523425516,0.01224891061749389,0.021671826625386997,0.016129032258064516,0,13.586206896551724,0,Zone_9,Ishaan Ghosh,44,Female,Chennai,2019-08-01,335,24,3.4,0,3,8,0,High,29.64,0.0884776119402985,498.88,1.4891940298507462,2586,0.07164179104477612,11037,1.83,56.1,Mixed
T01372,R0153,4.61,32.97,105.47,2024-07-25,0,-0.34070372506447766,-0.8174360498038185,0,3,7,0,1,0,0,0,0,1,0,0,0,0,0,0,0,4.667863255326515,1.724550719534605,5.741950887982237,-0.3415084713104897,-0.8174360498038185,-0.8037842181394663,0.2715485173769795,0.17763157894736845,0.16318199920350457,0,22.878524945770064,0,Zone_2,Aadhya Ghosh,20,Male,Mumbai,2020-05-04,76,14,4.54,0,0,5,1,Low,28.84,0.3794736842105263,460.95,6.065131578947368,2309,0.18421052631578946,6371,0.91,58.4,Residential
T01373,R0210,15.37,150.01,128.24,2023-07-18,0,-0.07438982351950421,1.6006547661836361,0,1,7,0,0,1,0,0,0,0,0,0,1,0,0,0,0,4.861671140956298,2.7954503913830435,12.247856955402442,-0.07108107506921113,1.6006547661836361,2.4498930510253647,0.3320491019236901,0.5940402476780186,0.7458183990442054,0,8.343526350032532,0,Zone_5,Meera Iyer,34,Other,Mumbai,2022-01-02,94,5,3.4,0,6,1,2,Low,40.54,0.43127659574468086,518.19,5.512659574468086,1701,0.05319148936170213,2590,1.31,43.9,Business
T01374,R0294,5.38,40.34,51.92,2023-06-23,0,-0.9670150745477152,-0.6443942349050881,0,4,6,0,0,1,0,0,0,0,0,0,0,0,0,1,0,3.968781339246755,1.8531680973566984,6.351377803280167,-0.9774938498225874,-0.6443942349050881,-0.5989004051375455,0.1292645339568498,0.20743034055727555,0.1998705694942254,0,9.650557620817844,0,Zone_8,Arjun Reddy,24,Male,Surat,2021-04-02,41,7,3.2,0,4,4,1,Low,56.68,1.3824390243902438,835.4,20.37560975609756,1976,0.17073170731707318,4516,1.93,31.0,Business
T01375,R0104,7.32,40.19,66.74,2023-07-13,0,-0.7936829699848473,-0.2084187532121826,0,3,7,0,0,0,1,0,0,0,0,0,1,0,0,0,0,4.215676847389625,2.1186622548331173,6.339558344238185,-0.8014844509514523,-0.2084187532121826,-0.6030703606260515,0.16864172600701455,0.28250773993808054,0.1991238550378335,0,9.117486338797812,0,Zone_5,Diya Gupta,52,Male,Kolkata,2021-05-27,328,1,3.7,0,3,5,1,High,46.690000000000005,0.14234756097560977,765.39,2.3335060975609756,1921,0.003048780487804878,2590,1.31,43.9,Business
T01376,R0017,3.9699999999999998,27.58,71.92,2024-07-30,0,-0.7330986041524817,-0.9612630128365297,0,1,7,0,1,0,0,0,0,0,0,0,0,0,1,0,0,4.289362949810462,1.6034198401085373,5.251666402200353,-0.7399642966901513,-0.9612630128365297,-0.9536246186931099,0.18240514401105323,0.15286377708978327,0.1363500597371565,0,18.115869017632242,0,Zone_7,Meera Das,49,Female,Mumbai,2023-03-18,288,21,3.83,0,5,3,0,Medium,55.980000000000004,0.19437500000000002,812.31,2.820520833333333,1261,0.07291666666666667,11070,0.64,45.2,Industrial
T01377,R0007,3.33,22.94,82.97,2023-11-22,1,-0.6038597542591153,-1.1050899758692407,0,2,11,1,0,0,0,0,0,0,0,0,0,0,0,1,0,4.430459592195472,1.4655675420143985,4.789572005931219,-0.6087292185844804,-1.1050899758692407,-1.082615241804224,0.21176533106600062,0.12809597523219815,0.11325169255276783,0,24.915915915915914,1,Zone_8,Ishaan Ghosh,18,Female,Mumbai,2021-03-26,458,82,4.03,0,4,3,0,High,39.620000000000005,0.08650655021834062,596.9200000000001,1.3033187772925765,1983,0.17903930131004367,4516,1.93,31.0,Business
T01378,R0285,5.65,33.33,140.2,2023-02-02,1,0.06549222577684516,-0.583717234875663,0,3,2,0,1,0,0,0,0,1,0,0,0,0,0,0,0,4.950177325059141,1.8946168546677629,5.773214009544423,0.0709615977039854,-0.583717234875663,-0.7937763249670523,0.3638271867361037,0.2178792569659443,0.16497411389884506,0,24.814159292035395,1,Zone_2,Diya Iyer,29,Female,Chennai,2019-01-10,244,16,4.97,0,3,1,0,Medium,62.89,0.25774590163934424,1105.3799999999999,4.5302459016393435,2789,0.06557377049180328,6371,0.91,58.4,Residential
T01379,R0119,4.69,28.13,49.68,2024-07-21,0,-0.9932137192319813,-0.7994576794247296,0,6,7,1,0,0,0,0,0,0,0,0,0,0,0,1,0,3.925531355452938,1.7387102481382397,5.303772242470448,-1.00409715977342,-0.7994576794247296,-0.9383347819019217,0.12331278563077903,0.1807275541795666,0.1390880127439267,0,10.59275053304904,0,Zone_8,Saanvi Iyer,47,Male,Hyderabad,2023-05-05,30,1,4.39,0,4,5,1,Low,29.23,0.9743333333333334,405.5,13.516666666666667,1213,0.03333333333333333,4516,1.93,31.0,Business
T01380,R0243,12.79,100.65,278.98,2023-01-04,0,1.6886386138493705,1.0208523214580196,0,2,1,0,1,0,0,0,0,0,0,0,0,0,1,0,0,5.6347181720466795,2.6239436918052106,10.032447358446493,1.7191791668899599,1.0208523214580196,1.0776996982743734,0.7325698799022213,0.49419504643962847,0.5000995619275189,0,21.812353401094608,0,Zone_7,Ishaan Patel,33,Male,Jaipur,2023-02-06,315,11,3.7,0,0,2,1,Medium,55.31,0.1755873015873016,948.53,3.011206349206349,1301,0.03492063492063492,11070,0.64,45.2,Industrial
T01381,R0164,9.08,56.55,82.43,2023-05-12,0,-0.6101754989597865,0.1871053951277728,0,4,5,0,0,1,0,0,0,0,0,0,0,0,1,0,0,4.424007956913983,2.3105532626432224,7.519973404208288,-0.615142516519056,0.1871053951277728,-0.1482672153463468,0.21033053459453716,0.3506191950464396,0.28056551174830746,0,9.07819383259912,0,Zone_7,Aadhya Ghosh,37,Other,Ahmedabad,2022-07-06,249,23,4.02,0,2,7,2,Medium,100.28,0.40273092369477914,1758.49,7.062208835341366,1516,0.09236947791164658,11070,0.64,45.2,Industrial
T01382,R0039,13.09,76.06,231.95,2024-03-08,0,1.1385840337149786,1.088271210379603,0,4,3,0,1,0,0,0,0,0,0,0,0,0,0,0,1,5.450823838262806,2.645465325910589,8.721238444166058,1.160628422699036,1.088271210379603,0.3941049951919809,0.6076097353597619,0.5058049535603716,0.37768817204301075,0,17.7196333078686,0,Zone_9,Aadhya Iyer,24,Male,Chennai,2023-11-18,190,14,4.2,0,5,11,1,Medium,33.86,0.17821052631578946,508.06,2.674,1016,0.07368421052631578,11037,1.83,56.1,Mixed
T01383,R0171,1.06,10.23,25.97,2023-05-17,1,-1.2705216948855307,-1.6152262353758877,0,2,5,0,0,1,0,0,0,0,1,0,0,0,0,0,0,3.2947251371516386,0.7227059828014898,3.1984371183438953,-1.2856884450119233,-1.6152262353758877,-1.4359494701969533,0.06031459241152089,0.04024767801857585,0.049980087614496224,0,24.499999999999996,1,Zone_3,Kavya Singh,23,Female,Jaipur,2019-05-13,276,19,4.3,0,0,5,0,Medium,12.120000000000001,0.043913043478260874,143.11999999999998,0.518550724637681,2666,0.06884057971014493,12971,2.11,38.0,Business
T01384,R0201,14.13,71.29,140.88,2023-02-28,0,0.07344538577028319,1.3219900253077588,0,1,2,0,0,1,0,0,0,0,0,0,0,0,0,0,1,4.954981629905421,2.7166795278002644,8.443340571124677,0.07903760251048832,1.3219900253077588,0.26150041065749496,0.36563396747794663,0.5460526315789475,0.35394265232974914,0,9.970276008492569,0,Zone_9,Meera Reddy,37,Female,Delhi,2021-04-06,183,15,3.84,0,1,4,0,Medium,67.68,0.3698360655737705,1071.8,5.856830601092896,1972,0.08196721311475409,11037,1.83,56.1,Mixed
T01385,R0121,8.11,70.94,165.6,2023-06-29,0,0.3625661431787917,-0.03088234571868005,0,3,6,1,0,0,0,0,0,1,0,0,0,0,0,0,0,5.115595729732743,2.209372711271867,8.422588675698226,0.3726241301821793,-0.03088234571868005,0.25177051451764776,0.43131576150494205,0.31308049535603716,0.3522003185981681,0,20.419235511713936,0,Zone_2,Diya Iyer,29,Male,Pune,2023-07-13,378,10,4.17,0,3,7,1,High,87.96,0.23269841269841268,1464.3799999999999,3.8740211640211637,1144,0.026455026455026454,6371,0.91,58.4,Residential
T01386,R0001,17.2,132.29,251.19,2024-08-09,0,1.3636116782351935,2.0119099886052942,0,4,8,0,1,0,0,0,0,0,0,0,1,0,0,0,0,5.530182771674116,2.9014215940827497,11.501738998951419,1.3891318528124397,2.0119099886052942,1.9572823093165403,0.6587310022319056,0.6648606811145511,0.6576065312624452,0,14.60406976744186,0,Zone_5,Aarav Das,23,Male,Pune,2020-06-29,56,0,3.76,0,0,6,1,Low,20.84,0.37214285714285716,317.57,5.670892857142857,2253,0.0,2590,1.31,43.9,Business
T01387,R0085,7.74,70.43,66.39,2023-08-17,0,-0.7977765082167638,-0.11403230872196596,0,3,8,1,0,0,0,0,0,0,0,0,0,0,0,1,0,4.2104966389581255,2.167910189667444,8.392258337301111,-0.8056412181312699,-0.11403230872196596,0.23759266585672814,0.167711765331066,0.29876160990712075,0.3496614894464357,0,8.577519379844961,0,Zone_8,Aadhya Ghosh,29,Female,Chennai,2022-09-17,94,12,4.95,0,5,9,0,Low,43.99,0.46797872340425534,509.91,5.4245744680851065,1443,0.1276595744680851,4516,1.93,31.0,Business
T01388,R0288,0.53,4.2,5.69,2023-09-06,0,-1.5077129958662974,-1.7343329391373516,0,2,9,0,0,1,0,0,0,0,0,0,0,1,0,0,0,1.900613874140137,0.4252677354043441,2.04939015319192,-1.5265434118882135,-1.7343329391373516,-1.6035816808348882,0.006430013816558616,0.01973684210526316,0.019962166467542813,0,10.735849056603774,0,Zone_6,Diya Ghosh,42,Male,Ahmedabad,2021-08-30,43,5,4.56,0,0,8,1,Low,52.08,1.2111627906976743,795.6,18.50232558139535,1826,0.11627906976744186,14627,0.54,37.6,Mixed
T01389,R0011,14.42,131.06,305.27,2023-07-02,0,1.9961218141839046,1.3871616179319557,0,6,7,1,0,0,0,0,0,0,1,0,0,0,0,0,0,5.7244670658490335,2.7356653681351832,11.448143954370945,2.0314117644825465,1.3871616179319557,1.9230886743107927,0.8024232118184716,0.5572755417956656,0.6514834727200319,0,21.169902912621357,0,Zone_3,Vivaan Nair,26,Male,Chennai,2020-04-14,208,34,4.0,0,1,4,1,Medium,88.96000000000001,0.4276923076923077,1633.78,7.8547115384615385,2329,0.16346153846153846,12971,2.11,38.0,Business
T01390,R0203,7.32,57.56,174.24,2023-11-26,0,0.46361805838953274,-0.2084187532121826,0,6,11,0,0,1,0,0,0,0,0,0,0,1,0,0,0,5.166156462945698,2.1186622548331173,7.586830695356263,0.47523689713539186,-0.2084187532121826,-0.12018951505707391,0.454272505048358,0.28250773993808054,0.2855933890880128,0,23.80327868852459,0,Zone_6,Kavya Gupta,49,Female,Bengaluru,2023-07-25,152,9,3.6,0,1,7,0,Low,38.78,0.25513157894736843,698.6500000000001,4.596381578947369,1132,0.05921052631578947,14627,0.54,37.6,Mixed
T01391,R0295,2.76,17.59,28.06,2024-04-19,0,-1.2460774237292287,-1.233185864820249,0,4,4,0,0,1,0,0,0,0,0,0,0,0,1,0,0,3.369362658142137,1.324418957401803,4.194043395102153,-1.2608666067095835,-1.233185864820249,-1.2313436542275995,0.06586778616218514,0.10603715170278638,0.08661887694145759,0,10.166666666666668,0,Zone_7,Kavya Gupta,18,Female,Delhi,2019-05-29,98,18,3.59,0,2,5,0,Low,44.769999999999996,0.45683673469387753,524.04,5.34734693877551,2650,0.1836734693877551,11070,0.64,45.2,Industrial
T01392,R0125,8.73,59.38,134.85,2023-05-11,0,0.002919569946120279,0.10845002471925902,0,3,5,0,0,1,0,0,0,0,0,0,1,0,0,0,0,4.911551335872357,2.2752138961979136,7.705841939723395,0.007422442241058817,0.10845002471925902,-0.06959405512986959,0.3496120735466043,0.33707430340557276,0.2946535244922342,0,15.446735395189002,0,Zone_5,Saanvi Ghosh,44,Male,Ahmedabad,2023-04-22,99,19,3.89,0,5,4,1,Low,55.769999999999996,0.5633333333333332,1116.76,11.28040404040404,1226,0.1919191919191919,2590,1.31,43.9,Business
T01393,R0214,9.16,86.66,183.4,2023-05-15,0,0.5707518018305496,0.2050837655068617,0,0,5,0,0,1,0,0,0,0,0,0,0,0,0,1,0,5.2171073111224935,2.318458442150336,9.309135298189624,0.5840254324700476,0.2050837655068617,0.6887818497130608,0.4786109044531831,0.3537151702786378,0.43045599362803666,0,20.021834061135372,0,Zone_8,Aarav Kumar,20,Female,Kolkata,2022-09-14,210,2,4.53,0,2,9,0,Medium,40.76,0.1940952380952381,681.69,3.2461428571428574,1446,0.009523809523809525,4516,1.93,31.0,Business
T01394,R0100,13.38,119.64,265.91,2023-10-24,0,1.5357742004460855,1.1534428030038004,0,1,10,0,1,0,0,0,0,0,0,0,0,0,0,1,0,5.586911522924786,2.6658383522929006,10.938007131100253,1.563953603917913,1.1534428030038004,1.6056160631192138,0.6978424912317994,0.5170278637770899,0.5946336121067304,0,19.873692077727952,0,Zone_8,Ishaan Gupta,28,Male,Delhi,2021-05-24,383,60,3.79,0,0,5,1,High,101.45,0.26488250652741513,1657.49,4.327650130548303,1924,0.1566579634464752,4516,1.93,31.0,Business
T01395,R0284,9.94,55.38,141.77,2023-12-16,0,0.08385466870287124,0.38037287670297815,0,5,12,0,0,0,1,0,0,0,0,0,0,0,0,0,1,4.961234943801129,2.392425796993835,7.441773982055623,0.0896076676248819,0.38037287670297815,-0.18079286815669227,0.3679987246253587,0.38390092879256965,0.2747411389884508,0,14.2625754527163,0,Zone_9,Vivaan Das,28,Female,Surat,2019-07-31,135,19,4.95,0,2,7,0,Low,60.91,0.45118518518518513,986.33,7.306148148148148,2587,0.14074074074074075,11037,1.83,56.1,Mixed
T01396,R0129,13.74,86.72,322.3,2023-06-12,0,2.195301688725446,1.2343454697097003,0,0,6,1,0,0,0,0,0,0,0,0,0,1,0,0,0,5.778580684731388,2.6905648867611904,9.312357381458252,2.2336681789748165,1.2343454697097003,0.6904498319084632,0.8476724412796259,0.5309597523219814,0.4307546794105934,0,23.457059679767102,0,Zone_6,Vivaan Singh,35,Male,Hyderabad,2022-10-08,158,10,3.9,0,5,10,1,Low,89.88,0.5688607594936709,1508.3,9.54620253164557,1422,0.06329113924050633,14627,0.54,37.6,Mixed
T01397,R0024,5.63,36.68,96.95,2023-05-07,0,-0.44035214145284707,-0.5882118274704353,0,6,5,0,1,0,0,0,0,0,0,0,0,0,0,1,0,4.58445714439055,1.891604804197771,6.056401571890688,-0.4426960609449075,-0.5882118274704353,-0.7006473190570883,0.24891061749388882,0.21710526315789475,0.18165073675826363,0,17.2202486678508,0,Zone_8,Meera Kumar,41,Other,Chennai,2019-07-10,140,16,3.49,0,2,7,2,Low,30.97,0.2212142857142857,477.89,3.4135,2608,0.11428571428571428,4516,1.93,31.0,Business
T01398,R0176,17.63,136.49,373.6,2024-01-10,0,2.79529743528922,2.108543729392897,0,2,1,0,0,0,1,0,0,0,0,0,0,0,1,0,0,5.925858790009988,2.924773184613497,11.682893477217021,2.842931482759515,2.108543729392897,2.074041062994705,0.9839781060686578,0.6815015479876161,0.6785145360414179,0,21.191151446398187,0,Zone_7,Kavya Gupta,43,Male,Mumbai,2019-05-24,260,13,3.95,0,4,5,1,Medium,91.05999999999999,0.3502307692307692,1638.07,6.3002692307692305,2655,0.05,11070,0.64,45.2,Industrial
T01399,R0015,0.59,4.04,7.02,2023-04-18,0,-1.4921575505850144,-1.720849161353035,0,1,4,0,1,0,0,0,0,0,0,0,0,0,0,0,1,2.081938421878423,0.4637340162321401,2.009975124224178,-1.5107476966049065,-1.720849161353035,-1.6080296333559612,0.009963864385163142,0.022058823529411766,0.01916567104739148,0,11.898305084745763,0,Zone_9,Saanvi Patel,28,Other,Chennai,2022-12-19,46,1,3.87,0,0,12,2,Low,30.0,0.6521739130434783,597.85,12.996739130434783,1350,0.021739130434782608,11037,1.83,56.1,Mixed
T01400,R0186,10.73,82.44,247.47,2023-06-05,0,1.32010321474168,0.5579092841964811,0,0,6,0,0,0,1,0,0,0,0,0,0,1,0,0,0,5.515322113902837,2.462149662665384,9.079647570252934,1.3449513559298065,0.5579092841964811,0.5714671019697629,0.6488468487618237,0.4144736842105263,0.4094484269215452,0,23.06337371854613,0,Zone_6,Ishaan Sharma,18,Other,Hyderabad,2020-12-11,373,19,3.26,0,4,12,2,High,68.58,0.18386058981233244,938.8199999999999,2.5169436997319035,2088,0.05093833780160858,14627,0.54,37.6,Mixed
T01401,R0040,10.06,55.66,185.32,2023-11-28,0,0.593207782988492,0.4073404322716117,0,1,11,0,0,0,1,0,0,0,0,0,0,0,0,0,1,5.227465625576086,2.403334996094189,7.4605629814377945,0.6068282695707613,0.4073404322716117,-0.17300895124481483,0.48371240301838664,0.3885448916408669,0.27613500597371565,0,18.421471172962224,0,Zone_9,Aarav Gupta,34,Other,Surat,2023-05-05,485,36,4.41,0,4,5,2,High,80.45,0.1658762886597938,1140.75,2.352061855670103,1213,0.07422680412371134,11037,1.83,56.1,Mixed
T01402,R0045,5.89,32.55,119.72,2024-06-01,0,-0.1740382399078738,-0.5297821237383965,0,5,6,1,0,0,0,0,1,0,0,0,0,0,0,0,0,4.793473814459594,1.9300710850255671,5.705260730238365,-0.17226866470362903,-0.5297821237383965,-0.8154600935072828,0.3094112020405994,0.22716718266253869,0.16109119872560732,0,20.32597623089983,0,Zone_10,Saanvi Iyer,34,Other,Ahmedabad,2023-07-12,100,16,4.88,0,2,7,2,Low,87.53,0.8753,1529.85,15.298499999999999,1145,0.16,2440,1.54,35.4,Industrial
T01403,R0117,4.13,27.22,97.9,2024-06-13,0,-0.4292411091090734,-0.9253062720783519,0,3,6,0,0,1,0,0,0,0,0,0,0,0,1,0,0,4.594109238628667,1.6351056591826783,5.217278984298233,-0.43141340717111676,-0.9253062720783519,-0.9636325118655239,0.2514347964714635,0.15905572755417957,0.13455794504181598,0,23.704600484261505,0,Zone_7,Aadhya Gupta,21,Female,Ahmedabad,2021-06-12,369,37,3.16,0,5,6,0,High,29.189999999999998,0.07910569105691057,491.48,1.3319241192411924,1905,0.1002710027100271,11070,0.64,45.2,Industrial
T01404,R0300,6.13,37.67,146.58,2023-12-05,0,0.1401115798329249,-0.4758470126011298,0,1,12,0,0,1,0,0,0,0,0,0,0,0,0,0,1,4.994370401630221,1.9643112344262046,6.137589103222861,0.1467335251532328,-0.4758470126011298,-0.6731256128329496,0.38077904134339463,0.23645510835913314,0.18657905217045,0,23.911908646003265,0,Zone_9,Saanvi Iyer,38,Female,Kolkata,2023-07-08,291,7,3.67,0,5,7,0,Medium,54.879999999999995,0.1885910652920962,996.77,3.4253264604810996,1149,0.024054982817869417,11037,1.83,56.1,Mixed
T01405,R0133,6.27,38.18,61.68,2023-05-09,0,-0.8528638369948413,-0.44438486443772435,0,1,5,1,0,0,0,0,0,0,0,0,0,0,0,1,0,4.13804241748782,1.9837562915454279,6.178996682310163,-0.8615794278939585,-0.44438486443772435,-0.6589477641720298,0.1551971516633011,0.24187306501547987,0.18911788132218238,0,9.83732057416268,0,Zone_8,Diya Kumar,25,Female,Delhi,2019-07-13,155,11,4.4,0,5,7,0,Low,64.89,0.4186451612903226,817.27,5.272709677419355,2605,0.07096774193548387,4516,1.93,31.0,Business
T01406,R0031,1.73,13.13,34.58,2023-10-18,0,-1.1698206543803826,-1.4646573834510184,0,2,10,0,0,1,0,0,0,0,0,0,0,1,0,0,0,3.571783682237689,1.0043016091968684,3.623534186398688,-1.1834319723884095,-1.4646573834510184,-1.3553303307525066,0.08319162503985546,0.06617647058823531,0.06441656710473916,0,19.98843930635838,0,Zone_6,Reyansh Nair,29,Female,Hyderabad,2023-04-27,230,21,4.62,0,3,4,0,Medium,27.05,0.11760869565217391,390.80999999999995,1.699173913043478,1221,0.09130434782608696,14627,0.54,37.6,Mixed
T01407,R0002,12.96,74.47,204.25,2023-01-13,0,0.8146097222175804,1.059056358513584,0,4,1,1,0,0,0,0,0,0,0,0,0,1,0,0,0,5.324228748332538,2.6361960973342264,8.629600222490032,0.8316499916106121,1.059056358513584,0.3499034670138188,0.5340099904346902,0.5007739938080495,0.3697729988052569,0,15.76003086419753,0,Zone_6,Ishaan Nair,39,Female,Mumbai,2019-11-23,70,5,4.12,0,5,11,0,Low,75.69,1.0812857142857142,1175.6100000000001,16.794428571428572,2472,0.07142857142857142,14627,0.54,37.6,Mixed
T01408,R0285,2.54,19.25,48.66,2023-04-17,0,-1.0051434592221382,-1.2826263833627434,0,0,4,0,1,0,0,0,0,0,0,1,0,0,0,0,0,3.9051997800800207,1.264126727145683,4.387482193696061,-1.0162111669831746,-1.2826263833627434,-1.185196146821468,0.12060261451801467,0.0975232198142415,0.09488251692552768,0,19.15748031496063,0,Zone_4,Diya Iyer,29,Female,Chennai,2019-01-10,244,16,4.97,0,3,1,0,Medium,62.89,0.25774590163934424,1105.3799999999999,4.5302459016393435,2789,0.06557377049180328,4038,2.46,48.2,Business
T01409,R0164,13.12,84.41,167.66,2024-08-08,0,0.3866595396295008,1.0950130992717613,0,3,8,0,0,1,0,0,0,0,0,0,1,0,0,0,0,5.127884854146496,2.647592232065096,9.187491496594705,0.39708967415482027,1.0950130992717613,0.626232517385473,0.436789244340525,0.5069659442724458,0.4192552767821585,0,12.778963414634147,0,Zone_5,Aadhya Ghosh,37,Other,Ahmedabad,2022-07-06,249,23,4.02,0,2,7,2,Medium,100.28,0.40273092369477914,1758.49,7.062208835341366,1516,0.09236947791164658,2590,1.31,43.9,Business
T01410,R0144,0.9400000000000001,7.98,19.79,2023-12-14,0,-1.342801884237658,-1.642193790944521,0,3,12,0,1,0,0,0,0,0,0,0,1,0,0,0,0,3.0344721018699214,0.6626879730752369,2.824889378365107,-1.3590850769298461,-1.642193790944521,-1.498498802524541,0.043894143904772025,0.03560371517027864,0.038779370768618086,0,21.0531914893617,0,Zone_5,Ishaan Kumar,34,Other,Pune,2021-01-31,194,10,3.52,0,6,1,2,Medium,84.47,0.4354123711340206,1552.4499999999998,8.002319587628865,2037,0.05154639175257732,2590,1.31,43.9,Business
T01411,R0027,7.11,69.09,64.67,2023-09-13,0,-0.8178933246707538,-0.2556119754572909,0,2,9,1,0,0,0,0,0,1,0,0,0,0,0,0,0,4.184642200202881,2.0930978681273213,8.312039460926542,-0.8260687597006593,-0.2556119754572909,0.20034106349274244,0.1631416728664045,0.2743808049535604,0.3429908403026683,0,9.09563994374121,0,Zone_2,Ishaan Iyer,39,Male,Jaipur,2019-10-05,403,61,3.98,0,5,10,1,High,57.83,0.14349875930521092,827.28,2.052803970223325,2521,0.1513647642679901,6371,0.91,58.4,Residential
T01412,R0049,7.19,66.72,108.1,2024-05-03,0,-0.30994370920750447,-0.237633605078202,0,4,5,0,0,0,1,0,0,0,0,0,0,0,0,0,1,4.692264892839025,2.1029138978649784,8.168231142664855,-0.31027333507357446,-0.237633605078202,0.1344557667743499,0.2785365075991072,0.27747678018575855,0.33119275189167663,0,15.034770514603615,0,Zone_9,Meera Iyer,39,Male,Mumbai,2020-05-19,375,55,4.4,0,1,5,1,High,58.370000000000005,0.15565333333333334,980.4,2.6144,2294,0.14666666666666667,11037,1.83,56.1,Mixed
T01413,R0298,7.92,77.03,135.54,2024-06-29,0,0.010989688174755806,-0.07358097536901603,0,5,6,0,0,0,1,1,0,0,0,0,0,0,0,0,0,4.916617611990135,2.188295946591918,8.776673629570602,0.015617211824127834,-0.07358097536901603,0.42107070735098534,0.3514454245934743,0.3057275541795666,0.38251692552767824,0,17.113636363636363,0,Zone_1,Vivaan Singh,35,Female,Ahmedabad,2020-03-25,65,11,3.88,0,2,3,0,Low,63.190000000000005,0.9721538461538463,1002.41,15.421692307692307,2349,0.16923076923076924,4921,2.43,30.9,Residential
T01414,R0208,12.78,126.74,130.84,2023-04-01,0,-0.04398068236812393,1.0186050251606336,0,5,4,0,1,0,0,0,1,0,0,0,0,0,0,0,0,4.881589066161162,2.6232182655855123,11.257886124845996,-0.04020223316199451,1.0186050251606336,1.8029939562418236,0.33895738123073654,0.4938080495356037,0.6299780963759458,0,10.237871674491394,0,Zone_10,Aadhya Iyer,24,Other,Chennai,2020-01-08,356,53,4.75,0,2,1,2,High,49.42,0.13882022471910113,602.13,1.691376404494382,2426,0.14887640449438203,2440,1.54,35.4,Industrial
T01415,R0213,6.99,58.93,104.49,2023-09-20,0,-0.3521656321138441,-0.28257953102592426,0,2,9,0,0,1,0,0,0,0,0,0,0,0,1,0,0,4.658616161693717,2.0781907597781832,7.676587783644502,-0.35314741941397915,-0.28257953102592426,-0.08210392159538722,0.2689446274843235,0.26973684210526316,0.29241338112305854,0,14.948497854077251,0,Zone_7,Kavya Ghosh,29,Female,Chennai,2019-06-04,456,26,3.74,0,1,6,0,High,61.089999999999996,0.13396929824561402,1064.3999999999999,2.3342105263157893,2644,0.05701754385964912,11070,0.64,45.2,Industrial
T01416,R0230,5.71,44.65,129.96,2023-09-06,0,-0.05427300706551414,-0.5702334570913464,0,2,9,0,1,0,0,0,0,0,0,0,0,0,1,0,0,4.874891933062879,1.9035989509835904,6.682065548915245,-0.05065353349982165,-0.5702334570913464,-0.47908368410114416,0.3366191943883516,0.2202012383900929,0.22132616487455195,0,22.760070052539405,0,Zone_7,Kavya Gupta,32,Male,Chennai,2022-11-22,183,23,3.65,0,1,11,1,Medium,58.66,0.32054644808743166,908.22,4.962950819672131,1377,0.12568306010928962,11070,0.64,45.2,Industrial
T01417,R0252,7.0,46.27,159.39,2024-06-09,0,0.28993507912107164,-0.2803322347285382,0,6,6,0,1,0,0,0,0,1,0,0,0,0,0,0,0,5.077608349349287,2.0794415416798357,6.802205524680947,0.2988712039345578,-0.2803322347285382,-0.43404816482528086,0.41481560208311186,0.27012383900928794,0.22939068100358423,0,22.77,0,Zone_2,Reyansh Gupta,38,Other,Ahmedabad,2020-09-23,392,47,4.83,0,2,9,2,High,100.41,0.25614795918367345,1682.05,4.290943877551021,2167,0.11989795918367346,6371,0.91,58.4,Residential
T01418,R0010,12.91,90.86,182.77,2024-01-21,0,0.5633834330130999,1.0478198770266531,0,6,1,0,1,0,0,0,0,0,1,0,0,0,0,0,0,5.213684975707333,2.6326080059353516,9.53205119583398,0.5765432515463759,1.0478198770266531,0.8055406033912247,0.4769369752364757,0.49883900928792574,0.4513639984070092,0,14.15724244771495,0,Zone_3,Vivaan Gupta,25,Female,Surat,2023-05-14,173,1,3.38,0,6,5,0,Medium,85.25,0.49277456647398843,1204.51,6.962485549132948,1204,0.005780346820809248,12971,2.11,38.0,Business
T01419,R0218,1.97,18.82,34.15,2023-12-18,0,-1.17484985849388,-1.4107222723137518,0,0,12,0,0,0,1,0,0,1,0,0,0,0,0,0,0,3.5596246182566738,1.0885619528146082,4.338202392696772,-1.1885388577807567,-1.4107222723137518,-1.1971500192218514,0.08204910192369008,0.07546439628482973,0.09274193548387097,0,17.33502538071066,0,Zone_2,Arjun Reddy,34,Other,Delhi,2019-01-11,160,16,3.87,0,4,1,2,Low,50.04,0.31275,725.47,4.5341875,2788,0.1,6371,0.91,58.4,Residential
T01420,R0057,2.9,25.97,24.86,2023-03-21,0,-1.2835040589924662,-1.2017237166568433,0,1,3,0,0,0,1,0,1,0,0,0,0,0,0,0,0,3.2526973733437115,1.3609765531356006,5.096076922496363,-1.2988713352107735,-1.2017237166568433,-0.998382140936406,0.0573652885535126,0.11145510835913314,0.1283353245718837,0,8.572413793103449,0,Zone_10,Aadhya Reddy,39,Male,Bengaluru,2023-06-04,407,11,3.66,0,6,6,1,High,100.32,0.24648648648648647,1584.1100000000001,3.8921621621621623,1183,0.02702702702702703,2440,1.54,35.4,Industrial
T01421,R0107,1.78,14.81,22.31,2023-12-17,0,-1.3133284089678583,-1.4534209019640878,0,6,12,0,1,0,0,0,1,0,0,0,0,0,0,0,0,3.1488824530476656,1.0224509277025458,3.8483762809787714,-1.329156353235159,-1.4534209019640878,-1.308626829281241,0.05058986077160166,0.06811145510835914,0.07277976901632816,0,12.53370786516854,0,Zone_10,Reyansh Gupta,33,Male,Hyderabad,2020-01-11,179,14,3.66,0,5,1,1,Medium,32.57,0.18195530726256984,627.9300000000001,3.5079888268156427,2423,0.0782122905027933,2440,1.54,35.4,Industrial
T01422,R0237,18.14,94.02,379.63,2024-03-24,0,3.0025474280593962,2.223155840559589,0,6,3,0,0,1,0,0,0,0,0,0,1,0,0,0,0,5.94182777466688,2.9517803860248084,9.69639108122192,2.9145466430289444,2.223155840559589,0.8933876656824145,0.9999999999999999,0.7012383900928794,0.467094782954998,0,20.927783902976845,0,Zone_5,Aadhya Nair,40,Male,Chennai,2022-12-13,36,3,3.71,0,1,12,1,Low,97.37,2.7047222222222222,1759.7,48.88055555555556,1356,0.08333333333333333,2590,1.31,43.9,Business
T01423,R0165,2.2,16.41,44.97,2024-08-18,0,-1.048301048010059,-1.359034457473871,0,6,8,0,0,0,1,1,0,0,0,0,0,0,0,0,0,3.8279890098181366,1.1631508098056809,4.050925820105819,-1.0600353695361089,-1.359034457473871,-1.264147304070512,0.11079817196301414,0.0843653250773994,0.0807447232178415,0,20.440909090909088,0,Zone_1,Meera Reddy,37,Female,Kolkata,2021-12-09,34,5,3.27,0,3,12,0,Low,46.71,1.3738235294117647,779.6999999999999,22.932352941176468,1725,0.14705882352941177,4921,2.43,30.9,Residential
T01424,R0244,1.43,12.15,17.42,2023-05-30,0,-1.370520985979493,-1.5320762723726018,0,1,5,1,0,0,0,0,1,0,0,0,0,0,0,0,0,2.913437030827161,0.8878912573524571,3.4856850115866753,-1.3872323289760395,-1.5320762723726018,-1.3825740399440782,0.03759698161334893,0.05456656346749226,0.05953803265631223,0,12.181818181818183,0,Zone_10,Aadhya Iyer,24,Female,Kolkata,2019-04-22,27,1,3.13,0,0,4,0,Low,35.31,1.307777777777778,648.21,24.00777777777778,2687,0.037037037037037035,2440,1.54,35.4,Industrial
T01425,R0226,3.96,38.4,88.17,2023-06-28,0,-0.5430414719563545,-0.9635103091339158,0,2,6,0,1,0,0,0,0,0,0,0,0,1,0,0,0,4.490544660146788,1.601405740736836,6.196773353931867,-0.5469715347700469,-0.9635103091339158,-0.6528318294555546,0.22558188968009352,0.15247678018575853,0.19021306252489045,0,22.265151515151516,0,Zone_6,Aarav Iyer,20,Other,Surat,2021-07-30,266,2,3.25,0,4,7,2,Medium,53.21,0.2000375939849624,906.6800000000001,3.408571428571429,1857,0.007518796992481203,14627,0.54,37.6,Mixed
T01426,R0022,4.94,31.28,82.58,2023-05-09,0,-0.6084211254318224,-0.7432752719900768,0,1,5,0,0,1,0,0,0,0,0,0,0,1,0,0,0,4.425804257019769,1.7817091333745536,5.592852581643825,-0.6133610448705629,-0.7432752719900768,-0.8507657166432988,0.21072908916994365,0.1904024767801858,0.1547690163281561,0,16.7165991902834,0,Zone_6,Aarav Nair,43,Female,Kolkata,2020-09-14,220,1,3.32,0,0,9,0,Medium,52.25,0.2375,827.22,3.760090909090909,2176,0.004545454545454545,14627,0.54,37.6,Mixed
T01427,R0182,15.33,112.66,335.84,2023-07-22,0,2.353663139183019,1.5916655809940918,0,5,7,0,0,0,1,0,0,0,0,1,0,0,0,0,0,5.819608040161792,2.7930039069823738,10.61414151026827,2.394475686445475,1.5916655809940918,1.4115741343874082,0.8836486342863216,0.5924922600619196,0.5598864994026285,0,21.907371167645138,0,Zone_4,Meera Patel,43,Male,Jaipur,2020-09-30,8,0,4.4,0,2,9,1,Low,49.53,6.19125,835.81,104.47625,2160,0.0,4038,2.46,48.2,Business
T01428,R0144,5.68,49.78,101.56,2024-01-19,0,-0.38643439502674576,-0.5769753459835049,0,4,1,1,0,0,0,0,0,1,0,0,0,0,0,0,0,4.63044799317236,1.8991179875485542,7.055494312945054,-0.38794549894788094,-0.5769753459835049,-0.33647120639424405,0.2611595281113827,0.21904024767801858,0.2468637992831541,0,17.880281690140848,0,Zone_2,Ishaan Kumar,34,Other,Pune,2021-01-31,194,10,3.52,0,6,1,2,Medium,84.47,0.4354123711340206,1552.4499999999998,8.002319587628865,2037,0.05154639175257732,6371,0.91,58.4,Residential
T01429,R0269,9.46,75.28,201.31,2023-11-18,0,0.7802240010694812,0.2725026544284452,0,5,11,0,1,0,0,0,0,0,0,0,0,0,0,1,0,5.309801174489323,2.347558458636777,8.676404785393544,0.796733147300144,0.2725026544284452,0.3724212266517504,0.5261983207567222,0.36532507739938086,0.373805256869773,0,21.28012684989429,0,Zone_8,Aadhya Sharma,41,Male,Mumbai,2019-05-19,423,16,3.41,0,6,5,1,High,63.06,0.14907801418439717,1458.77,3.4486288416075648,2660,0.037825059101654845,4516,1.93,31.0,Business
T01430,R0164,0.9500000000000001,6.29,8.12,2024-05-06,0,-1.4792921447132765,-1.639946494647135,0,0,5,1,0,0,0,1,0,0,0,0,0,0,0,0,0,2.21046980408624,0.6678293725756554,2.5079872407968904,-1.4976835711826224,-1.639946494647135,-1.5454803010283735,0.012886597938144327,0.03599071207430341,0.030366387893269616,0,8.54736842105263,0,Zone_1,Aadhya Ghosh,37,Other,Ahmedabad,2022-07-06,249,23,4.02,0,2,7,2,Medium,100.28,0.40273092369477914,1758.49,7.062208835341366,1516,0.09236947791164658,4921,2.43,30.9,Residential
T01431,R0243,9.04,70.93,73.6,2024-06-16,0,-0.7134496206392822,0.17811620993822816,0,6,6,0,0,1,0,0,0,0,0,0,0,0,0,0,1,4.312140507209715,2.306577114263583,8.421995013059554,-0.7200118142270268,0.17811620993822816,0.25149251748508095,0.18686895525560632,0.34907120743034054,0.3521505376344086,0,8.141592920353983,0,Zone_9,Ishaan Patel,33,Male,Jaipur,2023-02-06,315,11,3.7,0,0,2,1,Medium,55.31,0.1755873015873016,948.53,3.011206349206349,1301,0.03492063492063492,11037,1.83,56.1,Mixed
T01432,R0105,0.24,2.31,4.63,2023-01-10,0,-1.5201105687972447,-1.7995045317615488,0,1,1,0,1,0,0,0,0,0,0,0,0,0,1,0,0,1.728109442151599,0.2151113796169455,1.5198684153570663,-1.5391324782042326,-1.7995045317615488,-1.656123119990062,0.003613561483685834,0.008513931888544891,0.010553564317005177,0,19.291666666666668,0,Zone_7,Diya Das,31,Female,Jaipur,2020-09-28,346,9,3.69,0,0,9,0,High,95.2,0.27514450867052026,1301.12,3.7604624277456646,2162,0.02601156069364162,11070,0.64,45.2,Industrial
T01433,R0027,6.43,45.88,95.97,2023-12-25,0,-0.4518140485022135,-0.40842812367954656,0,0,12,0,0,1,0,0,0,0,0,0,1,0,0,0,0,4.574401652316455,2.005525858729668,6.77347768875044,-0.4543350090483969,-0.40842812367954656,-0.4448900490953961,0.24630672760123284,0.24806501547987617,0.22744922341696536,0,14.925349922239503,0,Zone_5,Ishaan Iyer,39,Male,Jaipur,2019-10-05,403,61,3.98,0,5,10,1,High,57.83,0.14349875930521092,827.28,2.052803970223325,2521,0.1513647642679901,2590,1.31,43.9,Business
T01434,R0262,4.2,36.03,76.18,2024-08-03,0,-0.683274395958297,-0.9095751979966491,0,5,8,0,1,0,0,0,0,0,0,1,0,0,0,0,0,4.346140356109473,1.6486586255873816,6.002499479383568,-0.6893705018729424,-0.9095751979966491,-0.7187171261739469,0.1937240939525986,0.16176470588235295,0.17841497411389884,0,18.13809523809524,0,Zone_4,Meera Singh,30,Male,Ahmedabad,2019-04-21,6,0,3.35,0,6,4,1,Low,59.620000000000005,9.936666666666667,967.3599999999999,161.22666666666666,2688,0.0,4038,2.46,48.2,Business
T01435,R0019,8.29,41.99,98.89,2023-03-19,0,-0.41766224382450945,0.009568987634269872,0,6,3,0,0,1,0,0,0,0,0,0,0,0,0,1,0,4.604069580544058,2.2289385528257473,6.479969135728966,-0.4196556942910612,0.009568987634269872,-0.5530308947639812,0.25406525666914653,0.32004643962848295,0.20808442851453604,0,11.928829915560918,0,Zone_8,Kavya Patel,40,Other,Mumbai,2023-04-02,266,24,4.08,0,6,4,2,Medium,38.75,0.14567669172932332,632.99,2.3796616541353384,1246,0.09022556390977443,4516,1.93,31.0,Business
T01436,R0010,11.17,104.95,226.98,2023-01-25,0,1.0804557908217631,0.6567903212814699,0,2,1,1,0,0,0,0,1,0,0,0,0,0,0,0,0,5.429257905808632,2.498973906999436,10.244510725261602,1.1016023287456256,0.6567903212814699,1.1972384222782075,0.5944042937612923,0.43150154798761614,0.521505376344086,0,20.32050134288272,0,Zone_10,Vivaan Gupta,25,Female,Surat,2023-05-14,173,1,3.38,0,6,5,0,Medium,85.25,0.49277456647398843,1204.51,6.962485549132948,1204,0.005780346820809248,2440,1.54,35.4,Industrial
T01437,R0030,1.32,7.44,29.58,2024-04-17,0,-1.228299771979191,-1.5567965316438488,0,2,4,1,0,0,0,0,0,0,0,0,0,1,0,0,0,3.420346200500916,0.8415671856782186,2.727636339397171,-1.2428143606715185,-1.5567965316438488,-1.513510642283162,0.0699064725263046,0.05030959752321982,0.036091198725607336,0,22.409090909090907,0,Zone_6,Saanvi Patel,25,Other,Mumbai,2021-01-08,442,58,3.72,0,4,1,2,High,81.05,0.1833710407239819,1585.25,3.5865384615384617,2060,0.13122171945701358,14627,0.54,37.6,Mixed
T01438,R0095,2.32,15.32,24.12,2023-06-18,0,-1.2921589683970898,-1.3320669019052378,0,6,6,0,0,0,1,0,1,0,0,0,0,0,0,0,0,3.223664341599998,1.199964782928397,3.9140771581561853,-1.3076599286766735,-1.3320669019052378,-1.2944489806203212,0.05539908598150707,0.0890092879256966,0.07531859816806054,0,10.396551724137932,0,Zone_10,Kavya Iyer,29,Female,Chennai,2020-10-07,481,77,4.26,0,2,10,0,High,114.75,0.23856548856548856,1879.6100000000001,3.907713097713098,2153,0.1600831600831601,2440,1.54,35.4,Industrial
T01439,R0090,8.97,66.47,86.98,2024-03-03,0,-0.5569595019448709,0.16238513585652573,0,6,3,0,0,0,1,0,0,0,1,0,0,0,0,0,0,4.477109515920573,2.299580583973747,8.152913589631623,-0.5611045431814269,0.16238513585652573,0.12750584096017348,0.22242002338186842,0.34636222910216724,0.3299482277976902,0,9.696767001114827,0,Zone_3,Kavya Iyer,33,Female,Mumbai,2021-01-31,152,25,4.51,0,6,1,0,Low,108.13000000000001,0.7113815789473685,1919.8799999999999,12.63078947368421,2037,0.16447368421052633,12971,2.11,38.0,Business
T01440,R0184,11.44,107.46,187.99,2024-07-09,0,0.6244356317862558,0.7174673213108947,0,1,7,1,0,0,0,0,0,0,0,0,0,0,0,1,0,5.241694103606946,2.5209170873110334,10.366291525902597,0.6385384649139417,0.7174673213108947,1.2670156774525385,0.4908066744606228,0.4419504643962848,0.5340003982477101,0,16.43269230769231,0,Zone_8,Meera Nair,29,Female,Surat,2020-03-04,285,27,3.97,0,2,3,0,Medium,69.16,0.24266666666666664,1212.72,4.2551578947368425,2370,0.09473684210526316,4516,1.93,31.0,Business
T01441,R0262,15.09,94.9,262.4,2024-01-03,0,1.4947218598917216,1.537730469856825,0,2,1,0,0,1,0,0,0,0,0,0,1,0,0,0,0,5.573673789309181,2.7781979610042917,9.741663102366044,1.5222671673431698,1.537730469856825,0.9178514045483157,0.6885163141672865,0.5832043343653251,0.47147550776583036,0,17.388999337309475,0,Zone_5,Meera Singh,30,Male,Ahmedabad,2019-04-21,6,0,3.35,0,6,4,1,Low,59.620000000000005,9.936666666666667,967.3599999999999,161.22666666666666,2688,0.0,2590,1.31,43.9,Business
T01442,R0132,5.64,55.5,111.73,2023-08-05,0,-0.2674878698307695,-0.5859645311730493,0,5,8,1,0,0,0,0,0,0,1,0,0,0,0,0,0,4.72499557905644,1.8931119634883424,7.44983221287567,-0.26716172118003717,-0.5859645311730493,-0.17745690376588766,0.28818152832394517,0.2174922600619195,0.27533851055356434,0,19.810283687943265,0,Zone_3,Aadhya Iyer,23,Male,Surat,2022-12-09,484,25,3.32,0,4,12,1,High,69.39999999999999,0.1433884297520661,1091.99,2.2561776859504135,1360,0.05165289256198347,12971,2.11,38.0,Business
T01443,R0139,0.54,2.74,12.47,2023-05-28,0,-1.4284153124023133,-1.7320856428399656,0,6,5,0,0,1,0,0,0,1,0,0,0,0,0,0,0,2.6004649904222727,0.43178241642553783,1.6552945357246849,-1.4460208933763177,-1.7320856428399656,-1.6441692475896785,0.02444468062493358,0.02012383900928793,0.012694145758661889,0,23.09259259259259,0,Zone_2,Diya Gupta,44,Other,Kolkata,2023-10-09,155,7,4.39,0,0,10,2,Low,58.92,0.38012903225806455,1002.23,6.466,1056,0.04516129032258064,6371,0.91,58.4,Residential
T01444,R0232,8.93,48.23,144.17,2024-02-21,0,0.111924645150299,0.15339595066698106,0,2,2,0,0,0,1,0,0,0,0,0,1,0,0,0,0,4.9779054694733365,2.295560478057081,6.944782214007866,0.11811121400077396,0.15339595066698106,-0.37956074644213794,0.3743755978318631,0.3448142414860681,0.23914774990043805,0,16.144456886898094,0,Zone_5,Meera Das,38,Male,Jaipur,2022-12-08,172,15,3.94,0,3,12,1,Medium,93.19999999999999,0.541860465116279,1490.84,8.667674418604651,1361,0.0872093023255814,2590,1.31,43.9,Business
T01445,R0146,4.03,29.85,74.2,2024-08-10,0,-0.7064321265274252,-0.947779235052213,0,5,8,0,0,1,0,0,0,0,0,0,0,0,0,0,1,4.320151230955794,1.6154199841116479,5.463515351859094,-0.7128859276330536,-0.947779235052213,-0.890519292300388,0.18846317355723244,0.1551857585139319,0.14765033851055356,0,18.411910669975185,0,Zone_9,Kavya Gupta,30,Male,Surat,2020-04-15,80,11,3.89,0,2,4,1,Low,67.44,0.843,938.47,11.730875000000001,2328,0.1375,11037,1.83,56.1,Mixed
T01446,R0236,3.38,17.1,61.12,2024-04-15,0,-0.8594134981659077,-1.0938534943823102,0,0,4,1,0,0,0,0,0,0,0,0,0,0,0,0,1,4.129067998280486,1.4770487243883548,4.135214625627067,-0.8682302553816668,-1.0938534943823102,-1.244965508823385,0.15370921458178338,0.13003095975232198,0.08417960971724414,0,18.08284023668639,0,Zone_9,Arjun Gupta,28,Male,Ahmedabad,2020-08-10,61,1,3.36,0,0,8,1,Low,50.01,0.8198360655737704,768.54,12.599016393442623,2211,0.01639344262295082,11037,1.83,56.1,Mixed
T01447,R0204,15.04,124.93,217.68,2023-08-22,0,0.9716846320879798,1.5264939883698945,0,1,8,0,1,0,0,0,0,1,0,0,0,0,0,0,0,5.387609474026799,2.7750856024383683,11.177208953938367,0.991151086539043,1.5264939883698945,1.752676493347187,0.5696939100860878,0.5812693498452013,0.6209677419354839,0,14.473404255319151,0,Zone_2,Aarav Kumar,37,Female,Hyderabad,2019-01-01,438,5,3.73,0,1,1,0,High,67.81,0.15481735159817353,901.35,2.0578767123287673,2798,0.01141552511415525,6371,0.91,58.4,Residential
T01448,R0095,11.09,79.83,177.19,2023-04-29,0,0.49812073777282956,0.638811950902381,0,5,4,0,1,0,0,0,1,0,0,0,0,0,0,0,0,5.182850396739323,2.492378664626701,8.934763567101259,0.510272506222426,0.638811950902381,0.49890987646976115,0.46211074503135297,0.42840557275541796,0.39645559538032654,0,15.97745716862038,0,Zone_10,Kavya Iyer,29,Female,Chennai,2020-10-07,481,77,4.26,0,2,10,0,High,114.75,0.23856548856548856,1879.6100000000001,3.907713097713098,2153,0.1600831600831601,2440,1.54,35.4,Industrial
T01449,R0041,4.36,36.21,73.04,2024-08-10,0,-0.7199992818103486,-0.8736184572384713,0,5,8,0,0,0,1,1,0,0,0,0,0,0,0,0,0,4.304605487705297,1.6789639750827108,6.017474553332153,-0.7266626417147348,-0.8736184572384713,-0.7137131795877399,0.18538101817408864,0.16795665634674925,0.1793110314615691,0,16.75229357798165,0,Zone_1,Aarav Nair,25,Other,Pune,2020-04-11,353,8,4.74,0,5,4,2,High,42.14,0.11937677053824362,702.16,1.9891218130311614,2332,0.0226628895184136,4921,2.43,30.9,Residential
T01450,R0095,7.91,57.89,184.42,2023-01-11,0,0.5826815418207063,-0.0758282716664021,0,2,1,1,0,0,0,1,0,0,0,0,0,0,0,0,0,5.222623522178837,2.187174241482718,7.608547824650904,0.5961394396798015,-0.0758282716664021,-0.1110156129823611,0.48132107556594744,0.3053405572755418,0.2872361608920749,0,23.314791403286975,0,Zone_1,Kavya Iyer,29,Female,Chennai,2020-10-07,481,77,4.26,0,2,10,0,High,114.75,0.23856548856548856,1879.6100000000001,3.907713097713098,2153,0.1600831600831601,4921,2.43,30.9,Residential
T01451,R0090,7.57,66.04,94.64,2023-01-17,0,-0.4673694937834965,-0.1522363457775298,0,1,1,0,1,0,0,0,0,0,0,1,0,0,0,0,0,4.560591142590124,2.1482677326096886,8.126499861564017,-0.4701307243317039,-0.1522363457775298,0.11555196855979025,0.24277287703262834,0.29218266253869973,0.3278076463560335,0,12.501981505944517,0,Zone_4,Kavya Iyer,33,Female,Mumbai,2021-01-31,152,25,4.51,0,6,1,0,Low,108.13000000000001,0.7113815789473685,1919.8799999999999,12.63078947368421,2037,0.16447368421052633,4038,2.46,48.2,Business
T01452,R0216,8.83,58.43,130.74,2023-05-21,0,-0.045150264720100024,0.13092298769312005,0,6,5,0,0,1,0,1,0,0,0,0,0,0,0,0,0,4.880830283212547,2.285438934159075,7.643951857514541,-0.04138988092765662,0.13092298769312005,-0.09600377322374005,0.3386916781804655,0.34094427244582043,0.2899243329350856,0,14.80634201585504,0,Zone_1,Ishaan Ghosh,44,Female,Chennai,2019-08-01,335,24,3.4,0,3,8,0,High,29.64,0.0884776119402985,498.88,1.4891940298507462,2586,0.07164179104477612,4921,2.43,30.9,Residential
T01453,R0112,5.97,39.87,48.61,2023-11-23,0,-1.0057282503981264,-0.5118037533593076,0,3,11,0,1,0,0,1,0,0,0,0,0,0,0,0,0,3.9041924263129575,1.9416152247724325,6.314269553954756,-1.0168049908660055,-0.5118037533593076,-0.6119662656681972,0.12046976299287916,0.23026315789473684,0.19753086419753083,0,8.142378559463987,0,Zone_1,Meera Nair,41,Female,Delhi,2020-11-13,311,11,3.24,0,4,11,0,Medium,89.53,0.28787781350482317,1150.27,3.6986173633440513,2116,0.03536977491961415,4921,2.43,30.9,Residential
T01454,R0026,1.5,13.48,22.54,2023-01-16,0,-1.3106383695583133,-1.5163451982908989,0,0,1,0,1,0,0,0,0,0,1,0,0,0,0,0,0,3.1587011018321305,0.9162907318741551,3.671511950137164,-1.3264247633741362,-1.5163451982908989,-1.3456004346126598,0.051200977787224995,0.05727554179566564,0.0661589008363202,0,15.026666666666666,0,Zone_3,Aarav Kumar,26,Female,Surat,2020-04-17,44,5,3.17,0,4,4,0,Low,79.29,1.8020454545454547,973.19,22.11795454545455,2326,0.11363636363636363,12971,2.11,38.0,Business
T01455,R0248,3.12,16.59,37.83,2023-11-11,0,-1.1318092279411571,-1.152283198114349,0,5,11,0,0,0,1,0,0,0,0,0,0,0,0,1,0,3.659193143743576,1.415853163361435,4.07308237088326,-1.1448334200043886,-1.152283198114349,-1.2591433574843052,0.0918269741736635,0.11996904024767803,0.08164078056551174,0,12.124999999999998,0,Zone_8,Vivaan Ghosh,18,Female,Chennai,2021-10-24,104,12,3.65,0,6,10,0,Low,57.72,0.5549999999999999,939.6600000000001,9.03519230769231,1771,0.11538461538461539,4516,1.93,31.0,Business
T01456,R0014,5.34,32.55,116.6,2023-09-13,0,-0.21052920928953026,-0.6533834200946326,0,2,9,0,0,0,1,0,0,0,0,0,0,1,0,0,0,4.767289035464526,1.8468787684491346,5.705260730238365,-0.20932327499228912,-0.6533834200946326,-0.8154600935072828,0.3011212668721437,0.20588235294117646,0.16109119872560732,0,21.835205992509362,0,Zone_6,Aarav Das,26,Female,Ahmedabad,2021-06-08,325,53,3.0,0,1,6,0,High,42.19,0.1298153846153846,881.0,2.710769230769231,1909,0.16307692307692306,14627,0.54,37.6,Mixed
T01457,R0197,8.14,59.34,155.04,2023-10-27,0,0.23905824681010843,-0.024140456826521463,0,4,10,1,0,0,0,0,1,0,0,0,0,0,0,0,0,5.050112384638456,2.2126603854660587,7.703246069028303,0.24720852612825303,-0.024140456826521463,-0.0707060432601378,0.40325751939632265,0.3142414860681115,0.29445440063719636,0,19.046683046683043,0,Zone_10,Saanvi Das,29,Female,Bengaluru,2020-10-08,475,87,3.87,0,3,10,0,High,71.08,0.14964210526315788,973.0,2.048421052631579,2152,0.1831578947368421,2440,1.54,35.4,Industrial
T01458,R0197,2.59,24.08,23.54,2023-04-17,0,-1.2989425460385515,-1.2713899018758128,0,0,4,0,1,0,0,0,0,0,0,0,0,0,0,1,0,3.2003044392827653,1.2781522025001875,4.907137658554118,-1.3145482857175144,-1.2713899018758128,-1.0509235800915797,0.05385800828993517,0.09945820433436534,0.11892672242134607,0,9.08880308880309,0,Zone_8,Saanvi Das,29,Female,Bengaluru,2020-10-08,475,87,3.87,0,3,10,0,High,71.08,0.14964210526315788,973.0,2.048421052631579,2152,0.1831578947368421,4516,1.93,31.0,Business
T01459,R0050,8.93,49.33,120.64,2024-04-09,0,-0.16327808226969304,0.15339595066698106,0,1,4,0,0,1,0,0,0,0,0,0,0,0,0,1,0,4.801065862809164,2.295560478057081,7.02353187506115,-0.16134230525953697,0.15339595066698106,-0.34898107285976165,0.3118556701030928,0.3448142414860681,0.24462365591397847,0,13.509518477043674,0,Zone_8,Diya Das,49,Male,Ahmedabad,2022-10-06,330,41,3.42,0,3,10,1,High,60.099999999999994,0.1821212121212121,915.81,2.775181818181818,1424,0.12424242424242424,4516,1.93,31.0,Business
T01460,R0144,6.09,45.45,95.39,2024-03-22,0,-0.4585976261436753,-0.4848361977906743,0,4,3,0,0,1,0,0,0,0,0,1,0,0,0,0,0,4.568402461795877,1.958685340544036,6.74166151627327,-0.46122336608923753,-0.4848361977906743,-0.4568439214957795,0.24476564990966093,0.23490712074303405,0.22530864197530864,0,15.663382594417078,0,Zone_4,Ishaan Kumar,34,Other,Pune,2021-01-31,194,10,3.52,0,6,1,2,Medium,84.47,0.4354123711340206,1552.4499999999998,8.002319587628865,2037,0.05154639175257732,4038,2.46,48.2,Business
T01461,R0086,4.2,35.0,45.3,2023-06-28,0,-1.0444414262485375,-0.9095751979966491,0,2,6,0,0,0,1,0,0,0,0,0,0,1,0,0,0,3.835141961092188,1.6486586255873816,5.916079783099616,-1.0561161319094237,-0.9095751979966491,-0.7473508205283538,0.11167499202890849,0.16176470588235295,0.1732875348466746,0,10.785714285714285,0,Zone_6,Vivaan Patel,23,Male,Hyderabad,2019-11-08,337,17,4.56,0,4,11,1,High,64.68,0.19192878338278935,1129.82,3.352581602373887,2487,0.050445103857566766,14627,0.54,37.6,Mixed
T01462,R0020,1.65,12.51,16.27,2024-02-07,0,-1.383971183027219,-1.4826357538301072,0,2,2,1,0,0,0,0,0,0,0,0,0,0,0,0,1,2.848970892158587,0.9745596399981308,3.5369478367654787,-1.4008902782811548,-1.4826357538301072,-1.3725661467716643,0.03454139653523223,0.06308049535603716,0.06133014735165273,0,9.860606060606061,0,Zone_9,Diya Das,35,Female,Chennai,2019-09-17,274,21,4.03,0,1,9,0,Medium,53.85,0.19653284671532847,746.06,2.722846715328467,2539,0.07664233576642336,11037,1.83,56.1,Mixed
T01463,R0006,10.23,71.51,162.16,2023-03-13,0,0.3223325102708116,0.44554446932717556,0,0,3,0,1,0,0,0,0,0,0,0,0,0,0,0,1,5.094731314449358,2.418588768750352,8.456358554366059,0.3317690470434003,0.44554446932717556,0.2676163453739702,0.42217557657561905,0.39512383900928794,0.3550378335324572,0,15.851417399804495,0,Zone_9,Aarav Das,45,Female,Jaipur,2023-06-30,248,13,4.64,0,4,6,0,Medium,63.24,0.255,1095.43,4.417056451612903,1157,0.05241935483870968,11037,1.83,56.1,Mixed
T01464,R0079,10.12,57.51,203.24,2023-07-30,0,0.8027969404626213,0.42082421005592807,0,6,7,1,0,0,0,1,0,0,0,0,0,0,0,0,0,5.319295772933229,2.4087452888224363,7.583534795858722,0.8196547491774242,0.42082421005592807,-0.12157950021990932,0.5313263896269529,0.39086687306501544,0.28534448426921544,0,20.08300395256917,0,Zone_1,Ishaan Nair,25,Male,Bengaluru,2020-09-23,146,28,4.92,0,2,9,1,Low,36.46,0.24972602739726027,612.4100000000001,4.194589041095891,2167,0.1917808219178082,4921,2.43,30.9,Residential
T01465,R0137,12.0,79.86,296.06,2024-05-01,1,1.8884032795668997,0.843315913964517,0,2,5,1,0,0,0,0,1,0,0,0,0,0,0,0,0,5.693934138601387,2.5649493574615367,8.936442245099556,1.92202940526506,0.843315913964517,0.49974386756746236,0.777951960888511,0.46362229102167185,0.3966049382716049,0,24.671666666666667,1,Zone_10,Arjun Gupta,27,Male,Bengaluru,2021-08-10,166,32,3.14,0,1,8,1,Medium,82.33,0.49596385542168675,1499.3700000000001,9.032349397590362,1846,0.1927710843373494,2440,1.54,35.4,Industrial
T01466,R0013,10.75,59.64,144.88,2024-04-15,0,0.12022867984932988,0.5624038767912533,0,0,4,1,0,0,0,0,1,0,0,0,0,0,0,0,0,4.982784365940479,2.463853240590168,7.722693830523129,0.12654351313697554,0.5624038767912533,-0.06236613228312618,0.3762620894887873,0.41524767801857587,0.2959478295499801,0,13.477209302325582,0,Zone_10,Ishaan Gupta,43,Female,Kolkata,2019-04-01,6,0,3.91,0,0,4,0,Low,80.51,13.418333333333335,1432.84,238.80666666666664,2708,0.0,2440,1.54,35.4,Industrial
T01467,R0263,11.12,97.41,93.08,2023-09-08,0,-0.4856149784743248,0.6455538397945392,0,4,9,0,0,1,0,0,0,0,1,0,0,0,0,0,0,4.544145484150317,2.4948569806411682,9.869650449737316,-0.48865802947603393,0.6455538397945392,0.9876286597226467,0.23862790944840045,0.4295665634674922,0.4839705296694544,0,8.370503597122303,0,Zone_3,Ishaan Das,31,Other,Chennai,2020-12-30,297,21,3.84,0,2,12,2,Medium,104.61999999999999,0.3522558922558922,1547.67,5.2110101010101015,2069,0.0707070707070707,12971,2.11,38.0,Business
T01468,R0099,9.91,79.9,187.68,2023-08-25,0,0.6208099264951297,0.37363098781082,0,4,8,0,1,0,0,0,0,0,0,0,0,1,0,0,0,5.240052458416061,2.3896797998449792,8.938679992034618,0.6348567568403889,0.37363098781082,0.5008558556977307,0.48998299500478265,0.3827399380804954,0.3968040621266428,0,18.938446014127145,0,Zone_6,Diya Gupta,35,Other,Mumbai,2021-08-21,80,8,3.7,0,5,8,2,Low,69.37,0.867125,1282.66,16.033250000000002,1835,0.1,14627,0.54,37.6,Mixed
T01469,R0012,0.79,4.99,15.11,2023-12-19,0,-1.3975383383101425,-1.6759032354053127,0,1,12,0,0,1,0,0,0,0,0,0,0,0,1,0,0,2.779440197188883,0.5822156198526637,2.233830790368868,-1.414666992362836,-1.6759032354053127,-1.5816199152620907,0.031459241152088424,0.029798761609907125,0.023894862604540025,0,19.12658227848101,0,Zone_7,Aarav Das,31,Female,Hyderabad,2022-01-19,248,11,3.31,0,2,1,0,Medium,29.11,0.11737903225806451,352.76,1.4224193548387096,1684,0.04435483870967742,11070,0.64,45.2,Industrial
T01470,R0213,6.6,58.55,155.4,2024-05-30,0,0.2432687432772228,-0.37022408662398265,0,3,5,0,0,0,1,0,1,0,0,0,0,0,0,0,0,5.052416828111211,2.028148247292285,7.651797174520506,0.25148405808463703,-0.37022408662398265,-0.09266780883293545,0.40421405037729835,0.2546439628482972,0.29052170450019915,0,23.545454545454547,0,Zone_10,Kavya Ghosh,29,Female,Chennai,2019-06-04,456,26,3.74,0,1,6,0,High,61.089999999999996,0.13396929824561402,1064.3999999999999,2.3342105263157893,2644,0.05701754385964912,2440,1.54,35.4,Industrial
T01471,R0252,0.84,6.37,18.24,2023-03-13,0,-1.3609304106932885,-1.6646667539183821,0,0,3,0,0,1,0,0,0,0,1,0,0,0,0,0,0,2.9569914452375605,0.6097655716208943,2.5238858928247927,-1.3774936172976098,-1.6646667539183821,-1.543256324767837,0.03977574662557126,0.03173374613003096,0.03076463560334528,0,21.71428571428571,0,Zone_3,Reyansh Gupta,38,Other,Ahmedabad,2020-09-23,392,47,4.83,0,2,9,2,High,100.41,0.25614795918367345,1682.05,4.290943877551021,2167,0.11989795918367346,12971,2.11,38.0,Business
T01472,R0197,14.85,108.9,143.01,2024-05-12,0,0.0983574898673755,1.4837953587195585,0,6,5,1,0,0,0,0,0,0,0,0,0,0,0,1,0,4.969882741609291,2.7631695003232895,10.435516278555651,0.1043344999190927,1.4837953587195585,1.307047250142195,0.37129344244871926,0.5739164086687306,0.5411688570290721,0,9.63030303030303,0,Zone_8,Saanvi Das,29,Female,Bengaluru,2020-10-08,475,87,3.87,0,3,10,0,High,71.08,0.14964210526315788,973.0,2.048421052631579,2152,0.1831578947368421,4516,1.93,31.0,Business
T01473,R0062,7.93,62.97,76.83,2024-04-04,0,-0.675672110670452,-0.07133367907162998,0,3,4,1,0,0,0,0,0,0,0,0,0,0,0,1,0,4.354526960971297,2.189416394888408,7.93536388579629,-0.6816507913961383,-0.07133367907162998,0.03020687956170364,0.19545116377936017,0.3061145510835913,0.31252489048187976,0,9.688524590163935,0,Zone_8,Kavya Sharma,38,Male,Jaipur,2019-05-13,57,3,3.58,0,0,5,1,Low,66.05,1.1587719298245613,889.51,15.605438596491227,2666,0.05263157894736842,4516,1.93,31.0,Business
T01474,R0259,14.35,89.85,254.51,2023-04-29,0,1.402441812320802,1.371430543850253,0,5,4,0,1,0,0,0,0,0,0,0,0,0,1,0,0,5.543261547821099,2.731115474033206,9.478923989567592,1.428561758632424,1.371430543850253,0.7774629031019518,0.6675523435009033,0.5545665634674922,0.44633612106730386,0,17.73588850174216,0,Zone_7,Aadhya Das,32,Male,Jaipur,2019-06-25,150,27,3.52,0,1,6,1,Low,79.74000000000001,0.5316000000000001,1283.08,8.553866666666666,2623,0.18,11070,0.64,45.2,Industrial
T01475,R0208,2.85,20.24,28.56,2024-08-10,0,-1.2402295119693478,-1.212960198143774,0,5,8,0,1,0,0,0,0,0,0,0,0,0,1,0,0,3.386422096080001,1.3480731482996928,4.498888751680797,-1.2549283678812726,-1.212960198143774,-1.1576744405973294,0.06719630141354023,0.1095201238390093,0.09981083233771405,0,10.021052631578947,0,Zone_7,Aadhya Iyer,24,Other,Chennai,2020-01-08,356,53,4.75,0,2,1,2,High,49.42,0.13882022471910113,602.13,1.691376404494382,2426,0.14887640449438203,11070,0.64,45.2,Industrial
T01476,R0003,7.54,65.54,175.74,2024-06-29,0,0.4811617936691753,-0.15897823466968822,0,5,6,0,1,0,0,0,0,1,0,0,0,0,0,0,0,5.174679726089859,2.1447610078004784,8.095677859203638,0.49305161362032457,-0.15897823466968822,0.10165211693143741,0.4582580508024232,0.2910216718266254,0.3253185981680606,0,23.30769230769231,0,Zone_2,Kavya Reddy,34,Male,Pune,2023-05-04,45,9,3.76,0,3,5,1,Low,67.68,1.5040000000000002,971.71,21.593555555555557,1214,0.2,6371,0.91,58.4,Residential
T01477,R0043,9.32,91.17,102.0,2023-02-09,0,-0.3812882326780506,0.2410405062650395,0,3,2,0,0,1,0,1,0,0,0,0,0,0,0,0,0,4.634728988229636,2.334083760053417,9.54829827770373,-0.3827198487789674,0.2410405062650395,0.8141585114008035,0.2623286215325752,0.3599071207430341,0.4529072082835524,0,10.944206008583691,0,Zone_1,Diya Kumar,28,Male,Ahmedabad,2021-12-10,85,16,4.68,0,4,12,1,Low,67.16,0.7901176470588235,862.5,10.147058823529411,1724,0.18823529411764706,4921,2.43,30.9,Residential
T01478,R0199,6.35,32.89,147.29,2024-06-21,0,0.14841561453195548,-0.42640649405863545,0,4,6,0,1,0,0,1,0,0,0,0,0,0,0,0,0,4.999169815986978,1.9947003132247452,5.734980383575867,0.15516582428943404,-0.42640649405863545,-0.8060081944000027,0.3826655330003188,0.24496904024767802,0.1627837514934289,0,23.19527559055118,0,Zone_1,Aarav Das,29,Male,Ahmedabad,2021-08-03,344,27,3.91,0,1,8,1,High,85.15,0.24752906976744188,1600.5,4.652616279069767,1853,0.07848837209302326,4921,2.43,30.9,Residential
T01479,R0058,8.94,71.26,120.2,2023-10-22,0,-0.16842424461838815,0.15564324696436713,0,6,10,0,0,0,1,0,0,0,0,0,0,1,0,0,0,4.797442073635214,2.2965670206684825,8.441563836162112,-0.16656795542845051,0.15564324696436713,0.2606664195597938,0.3106865766819003,0.34520123839009287,0.35379330943847076,0,13.445190156599553,0,Zone_6,Vivaan Reddy,46,Male,Kolkata,2021-05-31,480,25,4.32,0,0,5,1,High,76.12,0.15858333333333335,1043.47,2.1738958333333334,1917,0.052083333333333336,14627,0.54,37.6,Mixed
T01480,R0273,15.41,120.88,163.17,2024-03-17,0,0.3341452920257708,1.6096439513731806,0,6,3,1,0,0,0,0,0,0,0,0,0,0,1,0,0,5.100902476306427,2.7978909051019993,10.994544101507802,0.34376428947658827,1.6096439513731806,1.6400876951575287,0.4248591773833563,0.5955882352941176,0.6008064516129032,0,10.588578844905904,0,Zone_7,Aadhya Nair,43,Male,Delhi,2022-09-17,289,48,3.76,0,5,9,1,Medium,74.85,0.2589965397923875,957.47,3.313044982698962,1443,0.16608996539792387,11070,0.64,45.2,Industrial
T01481,R0106,2.84,20.79,26.74,2024-06-30,0,-1.2615159107753142,-1.2152074944411602,0,6,6,0,1,0,0,0,0,0,1,0,0,0,0,0,0,3.3228754148866853,1.3454723665996355,4.559605246071199,-1.2765435572163244,-1.2152074944411602,-1.1423846038061414,0.06236050589860771,0.10913312693498453,0.10254878534448426,0,9.415492957746478,0,Zone_3,Aarav Patel,32,Other,Bengaluru,2021-11-25,6,1,4.03,0,3,11,2,Low,39.67,6.611666666666667,438.62,73.10333333333334,1739,0.16666666666666666,12971,2.11,38.0,Business
T01482,R0120,5.19,40.17,93.02,2023-12-25,0,-0.4863167278855105,-0.6870928645554241,0,0,12,0,0,1,0,0,0,0,0,0,0,0,1,0,0,4.5435075255959845,1.8229350866965048,6.33798075099633,-0.48937061813543126,-0.6870928645554241,-0.6036263546911854,0.23846848761823783,0.200077399380805,0.1990242931103146,0,17.922928709055874,0,Zone_7,Ishaan Gupta,18,Other,Surat,2020-07-12,311,15,4.55,0,6,7,2,Medium,68.2,0.21929260450160773,1013.95,3.260289389067524,2240,0.04823151125401929,11070,0.64,45.2,Industrial
T01483,R0154,16.0,137.14,336.27,2024-07-02,0,2.3586923432965166,1.7422344329189612,0,1,7,0,0,0,1,1,0,0,0,0,0,0,0,0,0,5.820883796517047,2.833213344056216,11.71067888723792,2.3995825718378225,1.7422344329189612,2.0921108701115627,0.8847911574024869,0.618421052631579,0.6817502986857825,0,21.016875,0,Zone_1,Kavya Patel,18,Other,Kolkata,2019-03-25,466,79,4.68,0,0,3,2,High,138.62,0.2974678111587983,2059.52,4.419570815450644,2715,0.16952789699570817,4921,2.43,30.9,Residential
T01484,R0014,4.04,28.89,89.41,2023-04-18,0,-0.5285386507918501,-0.9455319387548269,0,1,4,0,0,0,1,1,0,0,0,0,0,0,0,0,0,4.504354880749275,1.6174060820832772,5.374941860150675,-0.532244702475836,-0.9455319387548269,-0.9172070074268254,0.22887660750345412,0.15557275541795665,0.14287136598964556,0,22.13118811881188,0,Zone_1,Aarav Das,26,Female,Ahmedabad,2021-06-08,325,53,3.0,0,1,6,0,High,42.19,0.1298153846153846,881.0,2.710769230769231,1909,0.16307692307692306,4921,2.43,30.9,Residential
T01485,R0192,13.61,109.02,180.8,2024-03-17,0,0.5403426606791694,1.2051306178436807,0,6,3,0,0,1,0,0,0,0,0,0,0,0,0,0,1,5.202907181743378,2.681706225762608,10.441264291262817,0.553146590562831,1.2051306178436807,1.3103832145329994,0.4717026251461367,0.5259287925696594,0.5417662285941856,0,13.28434974283615,0,Zone_9,Aadhya Nair,31,Male,Delhi,2021-08-23,449,31,3.89,0,0,8,1,High,17.48,0.03893095768374165,230.20000000000002,0.512694877505568,1833,0.06904231625835189,11037,1.83,56.1,Mixed
T01486,R0132,11.26,76.88,225.47,2023-08-21,0,1.0627950973069231,0.6770159879579448,0,0,8,0,0,0,1,0,0,0,0,0,0,1,0,0,0,5.422612485819643,2.506341930508065,8.76812408671319,1.0836688474841267,0.6770159879579448,0.4169007518624794,0.5903921777022,0.43498452012383904,0.38177021107128634,0,20.02397868561279,0,Zone_6,Aadhya Iyer,23,Male,Surat,2022-12-09,484,25,3.32,0,4,12,1,High,69.39999999999999,0.1433884297520661,1091.99,2.2561776859504135,1360,0.05165289256198347,14627,0.54,37.6,Mixed
T01487,R0174,6.92,68.8,62.66,2024-04-23,0,-0.8414019299454749,-0.2983106051076271,0,1,4,0,1,0,0,0,0,0,0,0,1,0,0,0,0,4.1535564218539465,2.0693912058263346,8.294576541331088,-0.8499404797904693,-0.2983106051076271,0.1922791495482976,0.15780104155595703,0.2670278637770898,0.34154719235364395,0,9.054913294797688,0,Zone_5,Aadhya Patel,32,Male,Kolkata,2019-02-07,320,7,3.8,0,3,2,1,Medium,62.14,0.1941875,921.79,2.88059375,2761,0.021875,2590,1.31,43.9,Business
T01488,R0273,9.9,73.94,116.71,2023-09-15,0,-0.20924266870235647,0.3713836915134339,0,4,9,0,0,1,0,0,0,0,0,0,0,0,0,1,0,4.768223972424389,2.388762789235098,8.598837130682265,-0.20801686245006074,0.3713836915134339,0.33516962428776476,0.30141354022744177,0.3823529411764706,0.3671346077260056,0,11.788888888888888,0,Zone_8,Aadhya Nair,43,Male,Delhi,2022-09-17,289,48,3.76,0,5,9,1,Medium,74.85,0.2589965397923875,957.47,3.313044982698962,1443,0.16608996539792387,4516,1.93,31.0,Business
T01489,R0150,2.3,18.79,22.73,2024-06-14,0,-1.3084161630895583,-1.3365614945000102,0,4,6,0,1,0,0,0,0,0,0,0,0,0,0,1,0,3.166740070447672,1.1939224684724346,4.334743360338648,-1.3241682326193778,-1.3365614945000102,-1.1979840103195527,0.051705813582739936,0.08823529411764706,0.09259259259259259,0,9.882608695652175,0,Zone_8,Ishaan Gupta,33,Male,Pune,2022-02-27,215,16,4.95,0,6,2,1,Medium,55.46,0.25795348837209303,753.84,3.506232558139535,1645,0.07441860465116279,4516,1.93,31.0,Business
T01490,R0291,8.43,42.19,180.72,2023-06-26,0,0.5394069947975882,0.04103113579767555,0,0,6,0,1,0,0,1,0,0,0,0,0,0,0,0,0,5.202467040891203,2.2438960966453663,6.495382975621991,0.552196472350301,0.04103113579767555,-0.5474709541126401,0.47149006270591987,0.3254643962848297,0.2090800477897252,0,21.437722419928825,0,Zone_1,Arjun Ghosh,23,Other,Pune,2021-04-19,499,94,3.46,0,0,4,2,High,46.45,0.09308617234468938,795.59,1.59436873747495,1959,0.18837675350701402,4921,2.43,30.9,Residential
T01491,R0169,10.97,55.36,198.18,2023-11-18,0,0.7436160734526271,0.6118443953337478,0,5,11,0,0,0,1,0,0,1,0,0,0,0,0,0,0,5.294208938503494,2.482403519569882,7.4404300950953095,0.7595597722349179,0.6118443953337478,-0.18134886222182645,0.5178818152832395,0.4237616099071208,0.2746415770609319,0,18.06563354603464,0,Zone_2,Reyansh Kumar,32,Male,Delhi,2023-02-21,497,81,4.19,0,1,2,1,High,70.41,0.14167002012072433,1412.41,2.841871227364185,1286,0.16297786720321933,6371,0.91,58.4,Residential
T01492,R0161,4.13,37.14,94.42,2024-07-29,0,-0.4699425749578441,-0.9253062720783519,0,0,7,0,1,0,0,0,0,0,1,0,0,0,0,0,0,4.5582882000879605,1.6351056591826783,6.094259594077036,-0.47274354941616065,-0.9253062720783519,-0.6878594555590036,0.24218833032203207,0.15905572755417957,0.18394066109119872,0,22.861985472154966,0,Zone_3,Aarav Nair,32,Other,Surat,2019-03-27,332,50,4.91,0,2,3,2,High,33.22,0.10006024096385542,567.56,1.7095180722891565,2713,0.15060240963855423,12971,2.11,38.0,Business
T01493,R0043,6.1,46.38,93.68,2023-11-07,0,-0.4785974843624677,-0.4825889014932882,0,1,11,0,0,1,0,0,1,0,0,0,0,0,0,0,0,4.550502784645783,1.9600947840472698,6.810286337592569,-0.48153214288206075,-0.4825889014932882,-0.43099019746704326,0.24022212775002658,0.23529411764705882,0.22993827160493827,0,15.35737704918033,0,Zone_10,Diya Kumar,28,Male,Ahmedabad,2021-12-10,85,16,4.68,0,4,12,1,Low,67.16,0.7901176470588235,862.5,10.147058823529411,1724,0.18823529411764706,2440,1.54,35.4,Industrial
T01494,R0123,9.56,92.52,200.04,2023-09-09,0,0.7653703051993838,0.2949756174023062,0,5,9,0,0,1,0,0,0,0,0,0,0,1,0,0,0,5.303503893235336,2.3570732782781154,9.618731725128837,0.7816500206762342,0.2949756174023062,0.851688110797356,0.5228238920182804,0.3691950464396285,0.45962763839107923,0,20.924686192468616,0,Zone_6,Meera Ghosh,32,Male,Bengaluru,2023-06-24,156,26,3.31,0,5,6,1,Low,37.7,0.2416666666666667,715.18,4.584487179487179,1163,0.16666666666666666,14627,0.54,37.6,Mixed
T01495,R0200,14.62,133.66,145.11,2023-12-20,0,0.12291871925887528,1.4321075438796778,0,2,12,1,0,0,0,0,0,0,0,0,0,0,0,0,1,4.984359762683993,2.7485521444115397,11.561141812122191,0.12927510299799877,1.4321075438796778,1.9953679027782272,0.3768732065044107,0.565015479876161,0.6644265232974911,0,9.92544459644323,0,Zone_9,Kavya Kumar,30,Other,Bengaluru,2021-11-15,443,87,3.6,0,0,11,2,High,39.97,0.09022573363431151,489.45000000000005,1.1048532731376977,1749,0.1963882618510158,11037,1.83,56.1,Mixed
T01496,R0144,7.98,57.43,149.03,2024-06-10,0,0.1687663474563409,-0.060097197584699266,0,0,6,1,0,0,0,0,0,0,0,1,0,0,0,0,0,5.010835274098922,2.194999882314108,7.578258375114958,0.1758308954119561,-0.060097197584699266,-0.12380347648044572,0.38728876607503454,0.3080495356037152,0.2849462365591398,0,18.675438596491226,0,Zone_4,Ishaan Kumar,34,Other,Pune,2021-01-31,194,10,3.52,0,6,1,2,Medium,84.47,0.4354123711340206,1552.4499999999998,8.002319587628865,2037,0.05154639175257732,4038,2.46,48.2,Business
T01497,R0135,5.85,37.08,54.06,2024-06-27,0,-0.9419860122154252,-0.538771308927941,0,3,6,0,0,1,0,0,0,0,0,1,0,0,0,0,0,4.008423499714461,1.9242486522741338,6.089334939055331,-0.9520781876374167,-0.538771308927941,-0.6895274377544061,0.13495057923264958,0.22561919504643962,0.18364197530864196,0,9.241025641025642,0,Zone_4,Reyansh Patel,38,Female,Ahmedabad,2022-02-24,153,8,3.47,0,3,2,0,Low,66.6,0.4352941176470588,992.13,6.4845098039215685,1648,0.05228758169934641,4038,2.46,48.2,Business
T01498,R0137,7.27,52.2,85.21,2023-05-18,0,-0.5776611095748492,-0.2196552346991133,0,3,5,0,0,0,1,0,0,0,0,0,1,0,0,0,0,4.456786180221833,2.1126345090356,7.224956747275377,-0.5821259086336475,-0.2196552346991133,-0.26919592451301627,0.21771707939207138,0.2805727554179567,0.2589107925129431,0,11.720770288858322,0,Zone_5,Arjun Gupta,27,Male,Bengaluru,2021-08-10,166,32,3.14,0,1,8,1,Medium,82.33,0.49596385542168675,1499.3700000000001,9.032349397590362,1846,0.1927710843373494,2590,1.31,43.9,Business
T01499,R0144,13.8,132.21,304.68,2023-02-20,0,1.9892212783072454,1.2478292474940171,0,0,2,0,0,1,0,0,0,0,1,0,0,0,0,0,0,5.722538803138645,2.6946271807700692,11.498260738042081,2.02440464266514,1.2478292474940171,1.9550583330560043,0.8008555638218727,0.5332817337461301,0.6572082835523696,0,22.078260869565216,0,Zone_3,Ishaan Kumar,34,Other,Pune,2021-01-31,194,10,3.52,0,6,1,2,Medium,84.47,0.4354123711340206,1552.4499999999998,8.002319587628865,2037,0.05154639175257732,12971,2.11,38.0,Business
T01500,R0099,4.79,38.71,59.63,2024-05-20,0,-0.8768402752103528,-0.7769847164508685,0,0,5,1,0,0,0,0,0,0,0,1,0,0,0,0,0,4.1047898200836395,1.7561322915849038,6.221736092120913,-0.8859262070900333,-0.7769847164508685,-0.6442139214459758,0.14975023913274524,0.18459752321981424,0.1917562724014337,0,12.448851774530272,0,Zone_4,Diya Gupta,35,Other,Mumbai,2021-08-21,80,8,3.7,0,5,8,2,Low,69.37,0.867125,1282.66,16.033250000000002,1835,0.1,4038,2.46,48.2,Business
T01501,R0063,6.5,37.48,159.88,2024-06-17,1,0.295666032645755,-0.3926970495978437,0,0,6,0,1,0,0,0,0,0,0,0,1,0,0,0,0,5.0806587454643966,2.0149030205422647,6.1220911460055865,0.3046906779863026,-0.3926970495978437,-0.6784075564517238,0.41611754702943987,0.25077399380804954,0.1856332138590203,0,24.596923076923076,1,Zone_5,Diya Iyer,34,Male,Surat,2023-04-21,329,33,4.83,0,4,4,1,High,67.55,0.2053191489361702,1244.56,3.7828571428571425,1227,0.10030395136778116,2590,1.31,43.9,Business
T01502,R0038,4.84,47.19,67.43,2023-02-08,0,-0.7856128517562115,-0.7657482349639381,0,2,2,1,0,0,0,0,0,0,0,0,0,0,0,0,1,4.225811324964407,1.7647307968401356,6.869497798238238,-0.7932896813683831,-0.7657482349639381,-0.4084724378291118,0.1704750770538846,0.18653250773993807,0.23397052966945436,0,13.931818181818183,0,Zone_9,Aarav Singh,37,Other,Kolkata,2023-02-11,68,7,4.07,0,5,2,2,Low,29.73,0.43720588235294117,453.83,6.673970588235294,1296,0.10294117647058823,11037,1.83,56.1,Mixed
T01503,R0072,6.98,58.84,77.73,2023-09-12,0,-0.6651458695026664,-0.2848268273233103,0,1,9,1,0,0,0,0,0,0,0,0,0,0,0,1,0,4.3660242771963755,2.0769384114617173,7.6707235643060425,-0.6709619615051785,-0.2848268273233103,-0.08460589488849063,0.19784249123179934,0.2693498452012384,0.29196535244922345,0,11.136103151862464,0,Zone_8,Saanvi Das,25,Other,Jaipur,2023-11-05,62,10,4.07,0,6,11,2,Low,48.64,0.7845161290322581,732.14,11.808709677419355,1029,0.16129032258064516,4516,1.93,31.0,Business
T01504,R0100,9.07,83.78,88.37,2023-04-10,0,-0.5407023072524022,0.18485809883038673,0,0,4,1,0,0,0,0,0,0,0,1,0,0,0,0,0,4.492785055393301,2.309560706730471,9.153141537199128,-0.5445962392387226,0.18485809883038673,0.6087187043337486,0.22611329578063558,0.3502321981424149,0.4161190760653126,0,9.74310915104741,0,Zone_4,Ishaan Gupta,28,Male,Delhi,2021-05-24,383,60,3.79,0,0,5,1,High,101.45,0.26488250652741513,1657.49,4.327650130548303,1924,0.1566579634464752,4038,2.46,48.2,Business
T01505,R0083,13.17,107.57,211.46,2023-07-03,0,0.8989366097950622,1.1062495807586918,0,0,7,1,0,0,0,0,0,0,0,0,0,1,0,0,0,5.3587537353518675,2.6511270537025893,10.371595827065379,0.9172793955148554,1.1062495807586918,1.2700736448107761,0.5531671803592305,0.5089009287925697,0.5345479888490641,0,16.056188306757782,0,Zone_6,Kavya Patel,45,Female,Mumbai,2021-12-31,475,39,4.4,0,4,12,0,High,92.62,0.19498947368421055,1415.3300000000002,2.9796421052631583,1703,0.08210526315789474,14627,0.54,37.6,Mixed
T01506,R0141,2.62,15.88,59.31,2023-10-07,0,-0.8805829387366765,-1.2646480129836546,0,5,10,1,0,0,0,0,0,0,1,0,0,0,0,0,0,4.099497927462895,1.2864740258376797,3.984971769034255,-0.8897266799401522,-1.2646480129836546,-1.278881146796566,0.14889998937187798,0.10061919504643964,0.07810633213859021,0,22.637404580152673,0,Zone_3,Arjun Das,25,Other,Jaipur,2019-07-08,53,0,4.29,0,0,7,2,Low,30.32,0.5720754716981132,542.7,10.239622641509435,2610,0.0,12971,2.11,38.0,Business
T01507,R0056,10.78,72.47,104.66,2023-10-27,0,-0.3501773421154846,0.5691457656834115,0,4,10,1,0,0,0,0,0,0,0,0,0,0,0,0,1,4.6602263917361695,2.4664031782234406,8.512931340026183,-0.35112841821235347,0.5691457656834115,0.29430406050040747,0.26939632266978425,0.41640866873065013,0.3598168060533652,0,9.708719851576994,0,Zone_9,Meera Patel,40,Other,Hyderabad,2021-02-26,93,13,3.25,0,4,2,2,Low,66.22,0.7120430107526882,927.79,9.976236559139785,2011,0.13978494623655913,11037,1.83,56.1,Mixed
T01508,R0184,3.54,26.1,65.71,2024-03-18,0,-0.8057296682102019,-1.0578967536241324,0,0,3,0,0,0,1,0,0,0,1,0,0,0,0,0,0,4.200354866721424,1.5129270120532565,5.10881590977792,-0.8137172229377727,-1.0578967536241324,-0.9947681795130342,0.16590498458922306,0.13622291021671826,0.12898247710075667,0,18.562146892655367,0,Zone_3,Meera Nair,29,Female,Surat,2020-03-04,285,27,3.97,0,2,3,0,Medium,69.16,0.24266666666666664,1212.72,4.2551578947368425,2370,0.09473684210526316,12971,2.11,38.0,Business
T01509,R0105,10.97,105.64,136.12,2023-05-25,0,0.017773265816217725,0.6118443953337478,0,3,5,0,1,0,0,0,0,0,0,1,0,0,0,0,0,4.92085645484947,2.482403519569882,10.278132126023678,0.022505568864968628,0.6118443953337478,1.2164202175253345,0.35298650228504624,0.4237616099071208,0.5249402628434887,0,12.408386508659982,0,Zone_4,Diya Das,31,Female,Jaipur,2020-09-28,346,9,3.69,0,0,9,0,High,95.2,0.27514450867052026,1301.12,3.7604624277456646,2162,0.02601156069364162,4038,2.46,48.2,Business
T01510,R0265,14.2,82.55,193.31,2024-04-26,0,0.6866574129113878,1.3377210993894613,0,4,4,0,1,0,0,0,0,1,0,0,0,0,0,0,0,5.269454821862936,2.7212954278522306,9.085703054799886,0.7017213260471696,1.3377210993894613,0.5745250693280005,0.5049420767350409,0.5487616099071208,0.40999601752289927,0,13.61338028169014,0,Zone_2,Kavya Das,39,Female,Bengaluru,2020-11-26,176,24,3.26,0,3,11,0,Medium,44.879999999999995,0.25499999999999995,607.71,3.4528977272727275,2103,0.13636363636363635,6371,0.91,58.4,Residential
T01511,R0057,12.98,84.12,253.63,2023-06-26,0,1.392149487623412,1.0635509511083558,0,0,6,0,0,1,0,0,0,0,0,0,0,0,0,0,1,5.53981151107484,2.637627736805664,9.171695590238482,1.4181104582945967,1.0635509511083558,0.6181706034410286,0.6652141566585185,0.5015479876160991,0.4178116288331342,0,19.540061633281972,0,Zone_9,Aadhya Reddy,39,Male,Bengaluru,2023-06-04,407,11,3.66,0,6,6,1,High,100.32,0.24648648648648647,1584.1100000000001,3.8921621621621623,1183,0.02702702702702703,11037,1.83,56.1,Mixed
T01512,R0056,8.79,59.17,88.55,2024-02-08,0,-0.5385970590188451,0.1219338025035754,0,3,2,0,0,0,1,0,0,0,1,0,0,0,0,0,0,4.494797128506721,2.281361456542419,7.692203845452875,-0.5424584732605308,0.1219338025035754,-0.07543199281377781,0.22659156127112337,0.33939628482972134,0.2936081242532856,0,10.073947667804324,0,Zone_3,Meera Patel,40,Other,Hyderabad,2021-02-26,93,13,3.25,0,4,2,2,Low,66.22,0.7120430107526882,927.79,9.976236559139785,2011,0.13978494623655913,12971,2.11,38.0,Business
T01513,R0273,12.17,66.97,127.47,2023-04-23,0,-0.08339560762972081,0.8815199510200808,0,6,4,0,1,0,0,0,0,0,0,0,0,1,0,0,0,4.8556954140435185,2.5779415157551897,8.183520025025906,-0.08022596286481005,0.8815199510200808,0.1414056925885263,0.33000318843660326,0.4702012383900929,0.3324372759856631,0,10.474116680361545,0,Zone_6,Aadhya Nair,43,Male,Delhi,2022-09-17,289,48,3.76,0,5,9,1,Medium,74.85,0.2589965397923875,957.47,3.313044982698962,1443,0.16608996539792387,14627,0.54,37.6,Mixed
T01514,R0259,3.2800000000000002,22.09,57.41,2023-09-23,0,-0.9028050034242237,-1.1163264573561713,0,5,9,0,1,0,0,0,0,0,0,0,0,0,0,0,1,4.067487108052218,1.4539530095937054,4.7,-0.9122919874877337,-1.1163264573561713,-1.106244989572424,0.14385163141672863,0.12616099071207432,0.10902031063321387,0,17.503048780487802,0,Zone_9,Aadhya Das,32,Male,Jaipur,2019-06-25,150,27,3.52,0,1,6,1,Low,79.74000000000001,0.5316000000000001,1283.08,8.553866666666666,2623,0.18,11037,1.83,56.1,Mixed
T01515,R0172,7.66,40.65,129.04,2023-09-15,0,-0.06503316470369506,-0.13201067910105485,0,4,9,0,0,0,1,0,0,0,0,1,0,0,0,0,0,4.867842095435704,2.1587147225743437,6.375735251718032,-0.061579892943913896,-0.13201067910105485,-0.5902824971279669,0.3341747263258582,0.29566563467492263,0.2014137793707686,0,16.845953002610965,0,Zone_4,Reyansh Reddy,31,Other,Pune,2019-12-24,168,14,3.72,0,1,12,2,Medium,84.85,0.5050595238095238,1488.61,8.86077380952381,2441,0.08333333333333333,4038,2.46,48.2,Business
T01516,R0132,15.6,100.6,233.07,2023-04-17,0,1.1516833560571118,1.6523425810235166,0,0,4,0,0,1,0,0,1,0,0,0,0,0,0,0,0,5.455620215921813,2.8094026953624978,10.029955134495866,1.1739300776744526,1.6523425810235166,1.0763097131115378,0.6105856095227973,0.6029411764705882,0.49985065710872156,0,14.940384615384616,0,Zone_10,Aadhya Iyer,23,Male,Surat,2022-12-09,484,25,3.32,0,4,12,1,High,69.39999999999999,0.1433884297520661,1091.99,2.2561776859504135,1360,0.05165289256198347,2440,1.54,35.4,Industrial
T01517,R0255,4.05,20.31,62.76,2023-06-01,0,-0.8402323475934987,-0.9432846424574408,0,3,6,1,0,0,0,0,0,0,0,0,0,1,0,0,0,4.15512603448196,1.6193882432872684,4.5066617356975,-0.8487528320248071,-0.9432846424574408,-1.1557284613693601,0.15806674460622808,0.15595975232198142,0.10015929908403026,0,15.496296296296297,0,Zone_6,Reyansh Sharma,37,Female,Bengaluru,2021-07-06,475,42,3.12,0,1,7,0,High,72.02,0.15162105263157893,1262.22,2.6573052631578946,1881,0.08842105263157894,14627,0.54,37.6,Mixed
T01518,R0229,8.99,70.24,196.93,2023-01-17,0,0.7289962940529251,0.16687972845129784,0,1,1,0,0,1,0,0,0,0,0,0,0,1,0,0,0,5.287913432832644,2.301584592660462,8.380930735902785,0.7447141751641406,0.16687972845129784,0.2323107222379537,0.5145605271548518,0.34713622291021673,0.34871565113500597,0,21.905450500556174,0,Zone_6,Reyansh Ghosh,22,Female,Mumbai,2020-11-23,146,16,4.43,0,0,11,0,Low,38.68,0.26493150684931505,688.5,4.715753424657534,2106,0.1095890410958904,14627,0.54,37.6,Mixed
T01519,R0235,6.15,42.15,104.59,2023-06-25,0,-0.3509960497618678,-0.47135242000635746,0,6,6,0,1,0,0,1,0,0,0,0,0,0,0,0,0,4.659563669818423,1.9671123567059163,6.492303135251773,-0.3519597716483169,-0.47135242000635746,-0.5485829422429084,0.26921033053459453,0.23722910216718268,0.20888092393468735,0,17.00650406504065,0,Zone_1,Aarav Ghosh,34,Other,Delhi,2021-02-15,284,8,4.06,0,0,2,2,Medium,55.65,0.1959507042253521,846.06,2.9790845070422534,2022,0.028169014084507043,4921,2.43,30.9,Residential
T01520,R0280,7.02,51.41,88.54,2024-08-21,0,-0.5387140172540427,-0.27583764213376605,0,2,8,1,0,0,0,1,0,0,0,0,0,0,0,0,0,4.49468545281282,2.081938421878423,7.170076708097341,-0.5425772380370968,-0.27583764213376605,-0.29115769008581394,0.2265649909660963,0.2708978328173375,0.2549780963759458,0,12.612535612535615,0,Zone_1,Saanvi Gupta,26,Other,Chennai,2023-05-31,172,23,4.43,0,2,5,2,Medium,50.769999999999996,0.29517441860465116,735.3,4.2749999999999995,1187,0.13372093023255813,4921,2.43,30.9,Residential
T01521,R0249,10.03,59.01,94.66,2024-07-04,0,-0.46713557731310135,0.4005985433794531,0,3,7,0,0,1,0,0,0,0,0,0,1,0,0,0,0,4.560800238252151,2.400618833265411,7.681796664843453,-0.4698931947785715,0.4005985433794531,-0.07987994533485082,0.24282601764268252,0.38738390092879255,0.2928116288331342,0,9.437686939182452,0,Zone_5,Diya Nair,20,Male,Mumbai,2023-03-24,396,48,4.49,0,4,3,1,High,64.71,0.1634090909090909,1080.53,2.728611111111111,1255,0.12121212121212122,2590,1.31,43.9,Business
T01522,R0223,6.65,62.7,102.34,2024-07-18,0,-0.3773116526813316,-0.35898760513705197,0,3,7,0,1,0,0,0,0,1,0,0,0,0,0,0,0,4.638024522859038,2.0347056478384444,7.918333157931662,-0.37868184637571595,-0.35898760513705197,0.02270095968239322,0.26323201190349665,0.2565789473684211,0.3111808044603744,0,15.389473684210525,0,Zone_2,Meera Ghosh,30,Female,Surat,2019-11-29,158,10,4.04,0,4,11,0,Low,56.4,0.3569620253164557,987.21,6.248164556962026,2466,0.06329113924050633,6371,0.91,58.4,Residential
T01523,R0036,7.98,74.21,176.1,2023-09-09,0,0.4853722901362893,-0.060097197584699266,0,5,9,0,0,1,0,0,0,0,0,0,1,0,0,0,0,5.176714544788788,2.194999882314108,8.614522621712709,0.49732714557670826,-0.060097197584699266,0.3426755441670752,0.45921458178339886,0.3080495356037152,0.3684786937475109,0,22.06766917293233,0,Zone_5,Aadhya Das,30,Female,Surat,2022-03-16,177,15,4.9,0,2,3,0,Medium,65.17,0.36819209039548023,1041.52,5.884293785310734,1628,0.0847457627118644,2590,1.31,43.9,Business
T01524,R0159,5.48,51.6,115.03,2023-06-05,0,-0.22889165221555602,-0.6219212719312268,0,0,6,1,0,0,0,0,0,0,0,0,1,0,0,0,0,4.753848778359454,1.8687205103641833,7.183313998427188,-0.22796934491318527,-0.6219212719312268,-0.2858757464670397,0.29694972898288874,0.21130030959752324,0.25592393468737556,0,20.990875912408757,0,Zone_5,Ishaan Singh,43,Female,Bengaluru,2020-05-21,79,2,4.9,0,3,5,0,Low,23.97,0.3034177215189873,424.89,5.378354430379747,2292,0.02531645569620253,2590,1.31,43.9,Business
T01525,R0232,1.13,7.14,20.27,2023-11-03,0,-1.3371878889481723,-1.599495161294185,0,4,11,0,0,0,1,0,0,0,0,0,0,0,0,0,1,3.0572976292121457,0.7561219797213337,2.6720778431774774,-1.3533843676546675,-1.599495161294185,-1.5218505532601736,0.04516951854607291,0.04295665634674922,0.03459776981282358,0,17.938053097345133,0,Zone_9,Meera Das,38,Male,Jaipur,2022-12-08,172,15,3.94,0,3,12,1,Medium,93.19999999999999,0.541860465116279,1490.84,8.667674418604651,1361,0.0872093023255814,11037,1.83,56.1,Mixed
T01526,R0175,8.97,88.29,94.91,2023-07-04,0,-0.4642116214331609,0.16238513585652573,0,1,7,1,0,0,0,0,0,0,0,0,0,0,1,0,0,4.563410251739859,2.299580583973747,9.396275858019495,-0.46692407536441605,0.16238513585652573,0.7340953660214913,0.24349027526836003,0.34636222910216724,0.4385702907208284,0,10.580824972129319,0,Zone_7,Diya Patel,35,Male,Chennai,2022-08-18,98,8,3.48,0,3,8,1,Low,70.26,0.7169387755102041,1267.03,12.928877551020408,1473,0.08163265306122448,11070,0.64,45.2,Industrial
T01527,R0023,10.2,85.72,225.65,2023-11-21,0,1.0649003455404804,0.438802580435017,0,1,11,0,1,0,0,0,0,0,0,1,0,0,0,0,0,5.4234069773868585,2.4159137783010487,9.258509599282165,1.0858066134623188,0.438802580435017,0.6626501286517575,0.5908704431926879,0.3939628482972136,0.42577658303464755,0,22.122549019607845,0,Zone_4,Meera Iyer,24,Other,Jaipur,2019-10-09,176,32,3.21,0,2,10,2,Medium,64.91,0.36880681818181815,1195.62,6.793295454545454,2517,0.18181818181818182,4038,2.46,48.2,Business
T01528,R0154,14.91,77.99,138.83,2024-07-12,0,0.04946894755477195,1.4972791365038751,0,4,7,0,0,0,1,0,0,0,0,0,0,0,0,1,0,4.940427399052759,2.7669478423496954,8.831194709664146,0.054690823314413814,1.4972791365038751,0.44775842247742265,0.36018705494739084,0.5762383900928792,0.3872958980485862,0,9.31120053655265,0,Zone_8,Kavya Patel,18,Other,Kolkata,2019-03-25,466,79,4.68,0,0,3,2,High,138.62,0.2974678111587983,2059.52,4.419570815450644,2715,0.16952789699570817,4516,1.93,31.0,Business
T01529,R0189,7.34,44.32,151.32,2023-07-27,0,0.19554978331659503,-0.20392416061741045,0,3,7,0,1,0,0,0,0,0,0,0,0,0,1,0,0,5.025983571043055,2.1210632163706555,6.6573267908372955,0.2030280292456199,-0.20392416061741045,-0.48825758617585696,0.3933733659262408,0.28328173374613,0.21968339307048984,0,20.615803814713896,0,Zone_7,Reyansh Gupta,29,Female,Delhi,2019-09-16,238,42,3.28,0,0,9,0,Medium,72.03,0.30264705882352944,1480.7,6.2214285714285715,2540,0.17647058823529413,11070,0.64,45.2,Industrial
T01530,R0012,1.03,7.86,15.99,2023-12-10,0,-1.3872460136127522,-1.6219681242680462,0,6,12,0,0,1,0,0,0,0,0,0,0,0,1,0,0,2.8326249356838407,0.708035793053696,2.8035691537752374,-1.4042156920250088,-1.6219681242680462,-1.5018347669153456,0.03379742799447338,0.03908668730650155,0.03818199920350458,0,15.524271844660195,0,Zone_7,Aarav Das,31,Female,Hyderabad,2022-01-19,248,11,3.31,0,2,1,0,Medium,29.11,0.11737903225806451,352.76,1.4224193548387096,1684,0.04435483870967742,11070,0.64,45.2,Industrial
T01531,R0085,4.23,29.06,84.56,2023-07-14,0,-0.5852633948626942,-0.9028333091044907,0,4,7,1,0,0,0,0,0,0,0,0,0,0,1,0,0,4.449217884214205,1.6544112780768316,5.390732788777422,-0.5898456191104516,-0.9028333091044907,-0.9124810578731856,0.2159900095653098,0.16292569659442727,0.14371764237355633,0,19.990543735224584,0,Zone_7,Aadhya Ghosh,29,Female,Chennai,2022-09-17,94,12,4.95,0,5,9,0,Low,43.99,0.46797872340425534,509.91,5.4245744680851065,1443,0.1276595744680851,11070,0.64,45.2,Industrial
T01532,R0289,10.7,70.59,209.12,2023-12-07,0,0.8715683827588199,0.5511673953043226,0,3,12,1,0,0,0,0,0,0,0,0,0,0,1,0,0,5.347678796085761,2.4595888418037104,8.401785524517988,0.8894884377983604,0.5511673953043226,0.24204061837780094,0.5469497289828887,0.413312693498452,0.350457984866587,0,19.543925233644863,0,Zone_7,Aarav Gupta,21,Other,Chennai,2021-09-30,322,14,4.17,0,3,9,2,Medium,66.13,0.2053726708074534,1234.48,3.8337888198757764,1795,0.043478260869565216,11070,0.64,45.2,Industrial
T01533,R0257,7.58,60.11,100.17,2023-04-19,0,-0.4026915897192145,-0.14998904948014377,0,2,4,1,0,0,0,1,0,0,0,0,0,0,0,0,0,4.616802270217799,2.149433913499871,7.753063910480811,-0.4044538028905853,-0.14998904948014377,-0.04930027175247455,0.25746625571261555,0.29256965944272445,0.29828753484667464,0,13.215039577836412,0,Zone_1,Arjun Reddy,36,Other,Delhi,2023-03-11,459,19,4.82,0,5,3,2,High,56.11,0.12224400871459695,822.23,1.7913507625272331,1268,0.04139433551198257,4921,2.43,30.9,Residential
T01534,R0047,9.4,64.38,220.61,2024-08-06,0,1.0059533950008817,0.2590188766441284,0,1,8,0,0,0,1,0,0,1,0,0,0,0,0,0,0,5.400919080208756,2.341805806147327,8.023714850367003,1.025949166072945,0.2590188766441284,0.06940446115365853,0.5774790094590286,0.3630030959752322,0.31954400637196334,0,23.469148936170214,0,Zone_2,Reyansh Iyer,51,Female,Bengaluru,2021-10-07,69,3,4.86,0,3,10,0,Low,62.230000000000004,0.9018840579710146,1144.87,16.592318840579708,1788,0.043478260869565216,6371,0.91,58.4,Residential
T01535,R0275,6.23,36.31,64.76,2024-01-04,0,-0.8168407005539753,-0.45337404962726857,0,3,1,0,0,0,1,0,1,0,0,0,0,0,0,0,0,4.186011750747925,1.9782390361706734,6.025777958073132,-0.8249998767115634,-0.45337404962726857,-0.7109332092620693,0.16338080561164842,0.24032507739938083,0.17980884109916367,0,10.39486356340289,0,Zone_10,Ishaan Das,21,Other,Jaipur,2022-10-04,247,17,3.07,0,1,10,2,Medium,33.85,0.13704453441295547,326.07000000000005,1.3201214574898787,1426,0.06882591093117409,2440,1.54,35.4,Industrial
T01536,R0086,17.35,136.11,255.38,2023-09-23,0,1.4126171787829949,2.0456194330660864,0,5,9,0,0,0,1,0,0,0,0,0,0,1,0,0,0,5.546660718883989,2.9096295745005794,11.666619047521866,1.4388942941936849,2.0456194330660864,2.0634771757571566,0.6698639600382612,0.6706656346749227,0.6766228594185584,0,14.719308357348702,0,Zone_6,Vivaan Patel,23,Male,Hyderabad,2019-11-08,337,17,4.56,0,4,11,1,High,64.68,0.19192878338278935,1129.82,3.352581602373887,2487,0.050445103857566766,14627,0.54,37.6,Mixed
T01537,R0255,16.64,113.01,328.23,2023-01-14,0,2.264657922197633,1.8860613959516723,0,5,1,1,0,0,0,1,0,0,0,0,0,0,0,0,0,5.796756594662978,2.8701690505786455,10.630616162763097,2.3040956914785835,1.8860613959516723,1.4213040305272553,0.8634286321606972,0.6431888544891642,0.5616288331342095,0,19.725360576923077,0,Zone_1,Reyansh Sharma,37,Female,Bengaluru,2021-07-06,475,42,3.12,0,1,7,0,High,72.02,0.15162105263157893,1262.22,2.6573052631578946,1881,0.08842105263157894,4921,2.43,30.9,Residential
T01538,R0271,3.34,25.65,41.92,2024-01-08,0,-1.083973309745332,-1.1028426795718547,0,0,1,0,0,0,1,0,0,0,0,1,0,0,0,0,0,3.759337917762498,1.4678743481123135,5.06458290484024,-1.0962586263888054,-1.1028426795718547,-1.0072780459785518,0.10269422892974812,0.1284829721362229,0.12674233373158103,0,12.550898203592816,0,Zone_4,Saanvi Iyer,22,Male,Bengaluru,2022-10-07,58,6,4.37,0,4,10,1,Low,65.02,1.1210344827586207,928.78,16.013448275862068,1423,0.10344827586206896,4038,2.46,48.2,Business
T01539,R0197,12.55,63.06,103.09,2023-07-12,0,-0.36853978504151036,0.9669172103207533,0,2,7,0,0,1,0,0,0,0,0,0,0,0,0,1,0,4.645255909527377,2.60638654732571,7.941032678436729,-0.3697744881332496,0.9669172103207533,0.03270885285480724,0.2652247847805293,0.4849071207430341,0.3129729191557149,0,8.214342629482072,0,Zone_8,Saanvi Das,29,Female,Bengaluru,2020-10-08,475,87,3.87,0,3,10,0,High,71.08,0.14964210526315788,973.0,2.048421052631579,2152,0.1831578947368421,4516,1.93,31.0,Business
T01540,R0270,9.52,67.56,111.55,2023-09-05,0,-0.2695931180643267,0.28598643221276154,0,1,9,0,1,0,0,0,0,0,0,0,0,0,0,0,1,4.723397567352741,2.3532782073095637,8.219489035213806,-0.2692994871582292,0.28598643221276154,0.15780751750998273,0.2877032628334573,0.36764705882352944,0.33537435284747114,0,11.717436974789916,0,Zone_9,Aadhya Reddy,35,Male,Hyderabad,2022-01-02,455,64,3.08,0,6,1,1,High,59.04,0.12975824175824174,1101.53,2.420945054945055,1701,0.14065934065934066,11037,1.83,56.1,Mixed
T01541,R0227,8.07,74.65,178.6,2023-06-06,0,0.5146118489356935,-0.039871530908224304,0,1,6,0,1,0,0,1,0,0,0,0,0,0,0,0,0,5.190732155868099,2.2049722641270453,8.64002314811714,0.5270183397182627,-0.039871530908224304,0.354907413600026,0.4658571580401743,0.3115325077399381,0.37066905615292717,0,22.131350681536553,0,Zone_1,Arjun Nair,25,Other,Pune,2020-07-11,320,23,4.12,0,5,7,2,Medium,28.32,0.0885,508.21,1.58815625,2241,0.071875,4921,2.43,30.9,Residential
T01542,R0107,3.7,31.32,83.84,2024-03-13,0,-0.5936843877969226,-1.0219400128659546,0,2,3,0,0,1,0,0,0,0,0,0,0,0,0,0,1,4.440767129696482,1.547562508716013,5.596427431853289,-0.5983966830232194,-1.0219400128659546,-0.8496537285130307,0.2140769476033585,0.14241486068111456,0.15496814018319394,0,22.65945945945946,0,Zone_9,Reyansh Gupta,33,Male,Hyderabad,2020-01-11,179,14,3.66,0,5,1,1,Medium,32.57,0.18195530726256984,627.9300000000001,3.5079888268156427,2423,0.0782122905027933,11037,1.83,56.1,Mixed
T01543,R0175,16.11,146.94,379.63,2024-04-26,0,3.0351787756795323,1.7669546921902084,0,4,4,0,0,0,1,0,0,0,0,0,0,1,0,0,0,5.94182777466688,2.839663087904102,12.121881042148532,2.9145466430289444,1.7669546921902084,2.3645479620272787,0.9999999999999999,0.6226780185758514,0.7305356431700518,0,23.564866542520175,0,Zone_6,Diya Patel,35,Male,Chennai,2022-08-18,98,8,3.48,0,3,8,1,Low,70.26,0.7169387755102041,1267.03,12.928877551020408,1473,0.08163265306122448,14627,0.54,37.6,Mixed
T01544,R0028,13.83,77.81,299.74,2023-02-21,0,1.9314439101196228,1.2545711363861753,0,1,2,1,0,0,0,0,0,0,0,0,0,1,0,0,0,5.706246104094174,2.696652156149841,8.820997676000147,1.9657348430414283,1.2545711363861753,0.4427544758912158,0.7877298331384844,0.5344427244582044,0.386399840700916,0,21.673174258857557,0,Zone_6,Reyansh Sharma,20,Female,Surat,2023-11-11,249,21,3.79,0,5,11,0,Medium,84.88,0.34088353413654615,1499.51,6.022128514056225,1023,0.08433734939759036,14627,0.54,37.6,Mixed
T01545,R0234,0.71,5.6,17.31,2023-04-29,1,-1.3718075265666667,-1.6938816057844017,0,5,4,0,0,0,1,1,0,0,0,0,0,0,0,0,0,2.907447358686419,0.5364933705145685,2.3664319132398464,-1.388538741518268,-1.6938816057844017,-1.5646620962755002,0.0373047082580508,0.02670278637770898,0.026931501393866984,0,24.380281690140844,1,Zone_1,Saanvi Nair,32,Other,Pune,2022-12-01,183,31,3.98,0,3,12,2,Medium,63.46,0.34677595628415303,1138.75,6.222677595628415,1368,0.16939890710382513,4921,2.43,30.9,Residential
T01546,R0291,14.92,128.69,236.53,2023-08-17,0,1.1921509054354873,1.4995264328012612,0,3,8,0,0,1,0,0,0,0,1,0,0,0,0,0,0,5.470293931287002,2.767576180416237,11.344161493913951,1.215022690366364,1.4995264328012612,1.8572033775924002,0.6197789350621745,0.576625386996904,0.6396853843090402,0,15.853217158176944,0,Zone_3,Arjun Ghosh,23,Other,Pune,2021-04-19,499,94,3.46,0,0,4,2,High,46.45,0.09308617234468938,795.59,1.59436873747495,1959,0.18837675350701402,12971,2.11,38.0,Business
T01547,R0005,7.8100000000000005,67.95,163.28,2023-07-13,0,0.33543183261294474,-0.09830123464026312,0,3,7,0,0,1,0,1,0,0,0,0,0,0,0,0,0,5.101572289088358,2.175887439948088,8.243178998420452,0.3450707020188168,-0.09830123464026312,0.16864940178009796,0.42515145073865446,0.30147058823529416,0.33731581043409004,0,20.90653008962868,0,Zone_1,Diya Reddy,27,Male,Ahmedabad,2021-05-31,294,30,3.53,0,0,5,1,Medium,51.260000000000005,0.17435374149659866,926.45,3.1511904761904765,1917,0.10204081632653061,4921,2.43,30.9,Residential
T01548,R0152,5.01,32.28,108.17,2024-01-26,0,-0.3091250015611211,-0.7275441979083742,0,4,1,0,1,0,0,0,0,0,0,0,0,0,1,0,0,4.6929063002921785,1.7934247485471162,5.681549084536717,-0.30944198163761083,-0.7275441979083742,-0.8229660133865931,0.27872249973429697,0.19311145510835914,0.15974711270410194,0,21.590818363273453,0,Zone_7,Arjun Patel,34,Female,Bengaluru,2021-05-04,143,24,3.91,0,1,5,0,Low,48.53,0.3393706293706294,914.56,6.395524475524475,1944,0.16783216783216784,11070,0.64,45.2,Industrial
T01549,R0081,3.12,21.16,54.75,2023-01-07,0,-0.9339158939867896,-1.152283198114349,0,5,1,0,0,1,0,0,0,0,0,0,0,1,0,0,0,4.020877410340228,1.415853163361435,4.6,-0.9438834180543477,-1.152283198114349,-1.1320987136011602,0.1367839302795196,0.11996904024767803,0.10439068100358423,0,17.548076923076923,0,Zone_6,Diya Reddy,42,Other,Mumbai,2022-01-31,114,2,3.9,0,0,1,2,Low,52.92,0.46421052631578946,812.0699999999999,7.123421052631579,1672,0.017543859649122806,14627,0.54,37.6,Mixed
T01550,R0207,12.72,118.88,224.62,2024-04-12,0,1.0528536473151258,1.0051212473763171,0,4,4,0,1,0,0,0,0,0,0,0,0,1,0,0,0,5.418852168176774,2.6188546222977394,10.903210536351208,1.0735738414759983,1.0051212473763171,1.5844882886441174,0.5881337017748964,0.4914860681114552,0.5908502588610115,0,17.65880503144654,0,Zone_6,Ishaan Iyer,31,Male,Mumbai,2023-12-06,47,3,3.93,0,2,12,1,Low,63.47,1.3504255319148937,1231.46,26.20127659574468,998,0.06382978723404255,14627,0.54,37.6,Mixed
T01551,R0087,10.0,87.94,105.72,2023-04-04,0,-0.3377797691845372,0.39385665448729495,0,1,4,0,1,0,0,0,0,1,0,0,0,0,0,0,0,4.670208582167313,2.3978952727983707,9.377632963600142,-0.3385393518963343,0.39385665448729495,0.7243654698816441,0.272212775002657,0.3862229102167183,0.4368279569892473,0,10.572,0,Zone_2,Saanvi Das,26,Female,Jaipur,2021-05-11,362,33,3.57,0,1,5,0,High,26.57,0.07339779005524862,373.55,1.0319060773480664,1937,0.09116022099447514,6371,0.91,58.4,Residential
T01552,R0283,3.63,21.99,45.85,2024-01-10,0,-1.0380087233126687,-1.0376710869476575,0,2,1,0,0,1,0,0,1,0,0,0,0,0,0,0,0,3.846951008684431,1.5325568680981427,4.689349635077342,-1.0495840691982818,-1.0376710869476575,-1.1090249598980944,0.11313635880539909,0.13970588235294118,0.10852250099561928,0,12.630853994490359,0,Zone_10,Diya Nair,19,Male,Surat,2023-06-15,245,45,3.55,0,3,6,1,Medium,55.97,0.22844897959183674,1013.23,4.135632653061225,1172,0.1836734693877551,2440,1.54,35.4,Industrial
T01553,R0050,3.94,39.26,92.05,2023-04-26,0,-0.4976616766996793,-0.968004901728688,0,2,4,0,0,1,0,0,0,0,0,0,0,0,1,0,0,4.5331369830882595,1.597365331199831,6.265780079128216,-0.5008908014623544,-0.968004901728688,-0.6289240846547877,0.23589116803060897,0.15170278637770898,0.19449422540820388,0,23.36294416243655,0,Zone_7,Diya Das,49,Male,Ahmedabad,2022-10-06,330,41,3.42,0,3,10,1,High,60.099999999999994,0.1821212121212121,915.81,2.775181818181818,1424,0.12424242424242424,11070,0.64,45.2,Industrial
T01554,R0204,6.06,36.68,106.89,2024-01-04,0,-0.324095655666416,-0.49157808668283265,0,3,1,1,0,0,0,0,0,0,0,0,0,0,0,0,1,4.681112189563248,1.9544450515051506,6.056401571890688,-0.3246438730380868,-0.49157808668283265,-0.7006473190570883,0.27532150069082795,0.23374613003095973,0.18165073675826363,0,17.63861386138614,0,Zone_9,Aarav Kumar,37,Female,Hyderabad,2019-01-01,438,5,3.73,0,1,1,0,High,67.81,0.15481735159817353,901.35,2.0578767123287673,2798,0.01141552511415525,11037,1.83,56.1,Mixed
T01555,R0232,5.44,32.77,109.34,2024-02-02,0,-0.2954408880429999,-0.6309104571207713,0,4,2,0,0,0,1,0,0,0,0,0,0,0,1,0,0,4.703566507844284,1.8625285401162623,5.724508712544685,-0.29554650277936334,-0.6309104571207713,-0.8093441587908073,0.28183122542246786,0.20975232198142418,0.16218637992831542,0,20.09926470588235,0,Zone_7,Meera Das,38,Male,Jaipur,2022-12-08,172,15,3.94,0,3,12,1,Medium,93.19999999999999,0.541860465116279,1490.84,8.667674418604651,1361,0.0872093023255814,11070,0.64,45.2,Industrial
T01556,R0211,10.64,80.28,261.71,2023-09-08,1,1.486651741663086,0.5376836175200062,0,4,9,0,0,0,1,0,0,0,0,0,1,0,0,0,0,5.571050762202242,2.454447442303292,8.959910713840847,1.5140723977601007,0.5376836175200062,0.5114197429352788,0.6866829631204165,0.41099071207430343,0.3986957387495022,0,24.596804511278194,1,Zone_5,Arjun Reddy,36,Female,Mumbai,2021-04-04,435,17,3.63,0,6,4,0,High,46.08,0.10593103448275862,645.88,1.4847816091954023,1974,0.03908045977011494,2590,1.31,43.9,Business
T01557,R0066,9.89,74.88,163.41,2023-04-10,0,0.3369522896705137,0.36913639521604785,0,0,4,0,1,0,0,0,0,0,0,0,0,0,0,0,1,5.1023633080227855,2.387844936944869,8.653323061113573,0.3466146441141776,0.36913639521604785,0.36130134534906805,0.42549686470400677,0.38196594427244585,0.37181401831939465,0,16.522750252780586,0,Zone_9,Arjun Patel,38,Female,Bengaluru,2022-06-03,167,28,4.72,0,4,6,0,Medium,42.47,0.25431137724550895,576.14,3.449940119760479,1549,0.16766467065868262,11037,1.83,56.1,Mixed
T01558,R0228,4.82,32.43,85.61,2023-09-06,0,-0.5729827801669445,-0.7702428275587102,0,2,9,0,1,0,0,0,0,1,0,0,0,0,0,0,0,4.461415282342953,1.7613002617433464,5.694734409961539,-0.5773753175709988,-0.7702428275587102,-0.8187960578980874,0.21877989159315547,0.18575851393188855,0.16049382716049382,0,17.761410788381742,0,Zone_2,Kavya Ghosh,21,Female,Pune,2020-05-18,10,0,4.84,0,0,5,0,Low,38.44,3.844,675.22,67.522,2295,0.0,6371,0.91,58.4,Residential
T01559,R0027,0.29,1.82,5.8100000000000005,2023-05-24,0,-1.506309497043926,-1.7882680502746182,0,2,5,0,1,0,0,1,0,0,0,0,0,0,0,0,0,1.9183921201614211,0.2546422183735807,1.3490737563232043,-1.5251182345694188,-1.7882680502746182,-1.6697449745858477,0.006748857476883837,0.01044891640866873,0.008114297092791717,0,20.034482758620694,0,Zone_1,Ishaan Iyer,39,Male,Jaipur,2019-10-05,403,61,3.98,0,5,10,1,High,57.83,0.14349875930521092,827.28,2.052803970223325,2521,0.1513647642679901,4921,2.43,30.9,Residential
T01560,R0091,1.33,10.62,28.23,2024-03-28,0,-1.2440891337308693,-1.5545492353464627,0,3,3,0,0,1,0,0,0,0,0,0,0,1,0,0,0,3.3751955791231545,0.8458682675776092,3.2588341473600644,-1.2588476055079578,-1.5545492353464627,-1.425107585926838,0.06631948134764587,0.050696594427244585,0.05192154520111509,0,21.225563909774436,0,Zone_6,Meera Das,41,Other,Surat,2022-04-16,334,43,3.4,0,5,4,2,High,49.879999999999995,0.14934131736526945,903.61,2.7054191616766468,1597,0.12874251497005987,14627,0.54,37.6,Mixed
T01561,R0282,12.35,77.23,146.48,2023-05-12,0,0.1389419974809485,0.9219712843730308,0,4,5,0,1,0,0,0,0,1,0,0,0,0,0,0,0,4.993692573365943,2.5915163848462583,8.788060081724522,0.14554587738757035,0.9219712843730308,0.4266306480023266,0.38051333829312356,0.4771671826625387,0.3835125448028674,0,11.860728744939271,0,Zone_2,Reyansh Kumar,22,Other,Bengaluru,2022-05-02,319,3,4.47,0,0,5,2,Medium,92.87,0.29112852664576805,1399.75,4.387931034482759,1581,0.009404388714733543,6371,0.91,58.4,Residential
T01562,R0012,3.03,17.39,48.23,2024-07-14,0,-1.0101726633356358,-1.1725088647908242,0,6,7,0,0,0,1,0,0,0,0,0,0,0,0,0,1,3.8965031937701093,1.3937663759585914,4.170131892398609,-1.0213180523755219,-1.1725088647908242,-1.2369035948789406,0.11946009140184928,0.11648606811145511,0.08562325766626842,0,15.917491749174918,0,Zone_9,Aarav Das,31,Female,Hyderabad,2022-01-19,248,11,3.31,0,2,1,0,Medium,29.11,0.11737903225806451,352.76,1.4224193548387096,1684,0.04435483870967742,11037,1.83,56.1,Mixed
T01563,R0178,8.56,58.56,117.82,2023-07-22,0,-0.19626030459542104,0.07024598766369516,0,5,7,0,1,0,0,0,0,0,1,0,0,0,0,0,0,4.777609742927595,2.25758772706331,7.652450587883597,-0.19483397225121052,0.07024598766369516,-0.09238981180036825,0.30436284408545006,0.33049535603715174,0.2905714854639586,0,13.764018691588783,0,Zone_3,Saanvi Ghosh,27,Male,Delhi,2021-05-15,56,7,3.13,0,5,5,1,Low,63.260000000000005,1.1296428571428572,1040.54,18.581071428571427,1933,0.125,12971,2.11,38.0,Business
T01564,R0215,0.8200000000000001,6.74,9.85,2024-04-25,0,-1.459058370024089,-1.6691613465131543,0,3,4,0,0,0,1,0,0,0,0,0,0,0,0,1,0,2.3841650799864684,0.598836501088704,2.596150997149434,-1.4771372648366667,-1.6691613465131543,-1.5329704345628559,0.017483260707832925,0.03095975232198143,0.03260653126244525,0,12.012195121951217,0,Zone_8,Saanvi Gupta,26,Female,Hyderabad,2020-02-28,438,48,3.24,0,4,2,0,High,18.15,0.04143835616438356,372.1,0.8495433789954339,2375,0.1095890410958904,4516,1.93,31.0,Business
T01565,R0222,9.99,64.69,244.98,2023-04-22,1,1.2909806141774733,0.3916093581899089,0,5,4,0,0,1,0,0,0,0,0,0,0,0,0,0,1,5.505250231814264,2.39698576841553,8.043009387039158,1.3153789265648181,0.3916093581899089,0.07802236916323735,0.6422308428100755,0.3858359133126935,0.32108721624850656,0,24.52252252252252,1,Zone_9,Aarav Singh,27,Male,Surat,2022-08-28,475,12,3.44,0,6,8,1,High,79.05,0.16642105263157894,1325.63,2.7908000000000004,1463,0.02526315789473684,11037,1.83,56.1,Mixed
T01566,R0090,17.6,102.42,255.79,2023-06-01,0,1.417412466426097,2.1018018405007393,0,3,6,0,0,1,0,0,0,0,0,0,0,0,1,0,0,5.5482586302476244,2.9231615807191558,10.1202766760598,1.4437636500328999,2.1018018405007393,1.1269051730387423,0.6709533425443723,0.6803405572755419,0.508910792512943,0,14.533522727272725,0,Zone_7,Kavya Iyer,33,Female,Mumbai,2021-01-31,152,25,4.51,0,6,1,0,Low,108.13000000000001,0.7113815789473685,1919.8799999999999,12.63078947368421,2037,0.16447368421052633,11070,0.64,45.2,Industrial
T01567,R0299,1.3599999999999999,7.68,12.48,2023-12-07,0,-1.4282983541671155,-1.5478073464543045,0,3,12,0,1,0,0,0,0,0,0,0,0,0,0,0,1,2.601207105484161,0.8586616190375187,2.7712812921102037,-1.4459021285997513,-1.5478073464543045,-1.5068387135015526,0.024471250929960678,0.05185758513931888,0.03728594185583433,0,9.176470588235295,0,Zone_9,Ishaan Gupta,33,Other,Kolkata,2020-09-04,457,0,3.92,0,4,9,2,High,29.89,0.06540481400437637,461.2,1.0091903719912472,2186,0.0,11037,1.83,56.1,Mixed
T01568,R0130,10.75,89.22,200.09,2023-12-16,0,0.765955096375372,0.5624038767912533,0,5,12,0,0,1,0,0,0,0,0,0,0,0,1,0,0,5.303752569037976,2.463853240590168,9.445633912025174,0.7822438445590655,0.5624038767912533,0.7599490900502274,0.5229567435434159,0.41524767801857587,0.44319992035045797,0,18.613023255813953,0,Zone_7,Diya Ghosh,27,Female,Pune,2019-02-16,316,62,3.62,0,5,2,0,Medium,50.9,0.1610759493670886,896.33,2.836487341772152,2752,0.1962025316455696,11070,0.64,45.2,Industrial
T01569,R0068,9.36,91.8,126.46,2024-05-03,0,-0.09520838938468017,0.25002969145458376,0,4,5,1,0,0,0,1,0,0,0,0,0,0,0,0,0,4.847802589886148,2.337952236831337,9.581231653602787,-0.09222120529799813,0.25002969145458376,0.8316723244525279,0.3273195876288659,0.36145510835913314,0.45604340900039825,0,13.510683760683762,0,Zone_1,Meera Singh,30,Female,Ahmedabad,2022-08-31,456,70,4.97,0,2,8,0,High,71.8,0.15745614035087718,1100.63,2.4136622807017547,1460,0.15350877192982457,4921,2.43,30.9,Residential
T01570,R0061,12.59,96.34,128.88,2023-06-14,0,-0.0669044964668569,0.9759063955102976,0,2,6,0,0,1,0,0,0,1,0,0,0,0,0,0,0,4.866610947234645,2.6093342281630525,9.815294188153507,-0.06348012936897335,0.9759063955102976,0.9578829772379718,0.3337496014454246,0.48645510835913314,0.4786439665471924,0,10.236695790309769,0,Zone_2,Meera Reddy,25,Male,Mumbai,2020-08-20,168,25,3.69,0,3,8,1,Medium,34.47,0.20517857142857143,596.74,3.5520238095238095,2201,0.1488095238095238,6371,0.91,58.4,Residential
T01571,R0212,7.34,55.6,96.83,2023-04-11,0,-0.4417556402752185,-0.20392416061741045,0,1,4,1,0,0,0,0,0,0,0,0,0,1,0,0,0,4.583231278469338,2.1210632163706555,7.4565407529228995,-0.44412123826370214,-0.20392416061741045,-0.17467693344021704,0.24859177383356357,0.28328173374613,0.27583632019115895,0,13.192098092643052,0,Zone_6,Aadhya Iyer,36,Female,Ahmedabad,2023-09-11,73,12,3.22,0,0,9,0,Low,58.58,0.8024657534246575,1128.49,15.458767123287672,1084,0.1643835616438356,14627,0.54,37.6,Mixed
T01572,R0043,9.36,48.82,81.25,2023-05-07,0,-0.6239765707131053,0.25002969145458376,0,6,5,0,1,0,0,0,0,0,0,0,0,0,0,1,0,4.409763389645481,2.337952236831337,6.987131027825369,-0.6291567601538699,0.25002969145458376,-0.36315892152068147,0.20719523860133912,0.36145510835913314,0.2420848267622461,0,8.680555555555555,0,Zone_8,Diya Kumar,28,Male,Ahmedabad,2021-12-10,85,16,4.68,0,4,12,1,Low,67.16,0.7901176470588235,862.5,10.147058823529411,1724,0.18823529411764706,4516,1.93,31.0,Business
T01573,R0025,8.91,70.45,184.89,2023-03-10,0,0.5881785788749944,0.14890135807220894,0,4,3,0,0,1,0,0,0,0,1,0,0,0,0,0,0,5.225155100919053,2.2935443483418965,8.393449827097319,0.6017213841784138,0.14890135807220894,0.23814865992186213,0.4825698799022212,0.3440402476780186,0.34976105137395463,0,20.750841750841747,0,Zone_3,Meera Das,21,Female,Mumbai,2021-10-22,42,3,4.01,0,4,10,0,Low,47.25,1.125,719.4300000000001,17.129285714285714,1773,0.07142857142857142,12971,2.11,38.0,Business
T01574,R0101,10.86,82.01,152.51,2023-11-23,0,0.20946781330511138,0.5871241360625004,0,3,11,1,0,0,0,0,0,0,0,0,0,0,0,1,0,5.03376571148511,2.4731713935695794,9.055937278934744,0.21716103765699984,0.5871241360625004,0.5595132295693797,0.3965352322244659,0.4195046439628483,0.4073078454798885,0,14.043278084714549,0,Zone_8,Aarav Singh,37,Female,Delhi,2020-11-01,228,29,3.03,0,6,11,0,Medium,45.29,0.19864035087719298,671.3599999999999,2.9445614035087715,2128,0.12719298245614036,4516,1.93,31.0,Business
T01575,R0132,3.8,32.8,64.5,2023-11-27,0,-0.8198816146691134,-0.9994670498920936,0,0,11,1,0,0,0,1,0,0,0,0,0,0,0,0,0,4.182050142641207,1.5686159179138452,5.727128425310541,-0.8280877609022851,-0.9994670498920936,-0.8085101676931064,0.16268997768094376,0.14628482972136223,0.16233572281959377,0,16.973684210526315,0,Zone_1,Aadhya Iyer,23,Male,Surat,2022-12-09,484,25,3.32,0,4,12,1,High,69.39999999999999,0.1433884297520661,1091.99,2.2561776859504135,1360,0.05165289256198347,4921,2.43,30.9,Residential
T01576,R0270,8.96,74.87,181.1,2024-07-29,0,0.5438514077350977,0.16013783955913966,0,0,7,0,1,0,0,0,0,0,1,0,0,0,0,0,0,5.2045559867335625,2.298577071596507,8.652745229116595,0.5567095338598173,0.16013783955913966,0.36102334831650124,0.4724997342969497,0.34597523219814247,0.37176423735563524,0,20.21205357142857,0,Zone_3,Aadhya Reddy,35,Male,Hyderabad,2022-01-02,455,64,3.08,0,6,1,1,High,59.04,0.12975824175824174,1101.53,2.420945054945055,1701,0.14065934065934066,12971,2.11,38.0,Business
T01577,R0006,12.05,93.58,277.76,2023-03-19,0,1.674369709155261,0.8545523954514478,0,6,3,0,0,1,0,0,1,0,0,0,0,0,0,0,0,5.630351196570318,2.5687881337687024,9.673675619949224,1.7046898641488808,0.8545523954514478,0.881155796249464,0.7293283026889148,0.4655572755417957,0.46490442054958186,0,23.050622406639,0,Zone_10,Aarav Das,45,Female,Jaipur,2023-06-30,248,13,4.64,0,4,6,0,Medium,63.24,0.255,1095.43,4.417056451612903,1157,0.05241935483870968,2440,1.54,35.4,Industrial
T01578,R0089,13.84,106.35,168.79,2023-05-09,0,0.39987582020683143,1.2568184326835614,0,1,5,0,0,0,1,0,0,0,1,0,0,0,0,0,0,5.13456237932792,2.6973262377392344,10.312613635737547,0.4105100939068028,1.2568184326835614,1.2361580068375952,0.4397916888085875,0.5348297213622292,0.5284747112704101,0,12.195809248554912,0,Zone_3,Saanvi Reddy,48,Other,Surat,2022-09-21,308,6,3.91,0,2,9,2,Medium,89.83,0.29165584415584417,1415.55,4.595941558441559,1439,0.01948051948051948,12971,2.11,38.0,Business
T01579,R0179,10.48,79.57,163.52,2023-08-10,0,0.33823883025768764,0.5017268767618284,0,3,8,0,0,0,1,0,0,0,0,0,0,0,0,0,1,5.103032143362223,2.4406063908914204,8.920201791439473,0.34792105665640616,0.5017268767618284,0.49168195362301753,0.42578913805930496,0.40479876160990713,0.3951612903225806,0,15.603053435114504,0,Zone_9,Meera Patel,28,Male,Kolkata,2022-04-11,274,14,4.64,0,0,4,1,Medium,25.53,0.09317518248175183,459.20000000000005,1.6759124087591242,1602,0.051094890510948905,11037,1.83,56.1,Mixed
T01580,R0048,2.34,12.14,46.18,2023-05-04,0,-1.0341491015511473,-1.3275723093104657,0,3,5,0,0,1,0,0,0,0,0,0,0,0,0,1,0,3.853970073979529,1.205970806988609,3.4842502780368694,-1.0456648315715964,-1.3275723093104657,-1.3828520369766453,0.11401317887129345,0.08978328173374614,0.05948825169255277,0,19.735042735042736,0,Zone_8,Kavya Sharma,35,Male,Hyderabad,2019-05-31,207,1,3.02,0,4,5,1,Medium,29.13,0.14072463768115942,506.28000000000003,2.4457971014492754,2648,0.004830917874396135,4516,1.93,31.0,Business
T01581,R0027,0.23,1.98,3.27,2023-12-31,0,-1.546309213481511,-1.8017518280589349,0,6,12,1,0,0,0,0,1,0,0,0,0,0,0,0,0,1.451613827240533,0.20701416938432615,1.407124727947029,-1.555284487817238,-1.8017518280589349,-1.665297022064775,0.0,0.008126934984520124,0.00891079251294305,0,14.217391304347826,0,Zone_10,Ishaan Iyer,39,Male,Jaipur,2019-10-05,403,61,3.98,0,5,10,1,High,57.83,0.14349875930521092,827.28,2.052803970223325,2521,0.1513647642679901,2440,1.54,35.4,Industrial
T01582,R0170,10.04,91.04,140.22,2023-07-17,0,0.06572614224724052,0.4028458396768392,0,0,7,1,0,0,0,0,0,0,1,0,0,0,0,0,0,4.950318958088201,2.401525040848949,9.54148835350125,0.07119912725711797,0.4028458396768392,0.8105445499774319,0.36388032734615794,0.3877708978328173,0.4522600557546795,0,13.966135458167331,0,Zone_3,Saanvi Kumar,29,Other,Bengaluru,2020-05-20,28,3,3.68,0,2,5,2,Low,53.51,1.9110714285714285,943.71,33.70392857142857,2293,0.10714285714285714,12971,2.11,38.0,Business
T01583,R0268,2.94,21.9,39.9,2023-08-06,0,-1.1075988732552504,-1.192734531467299,0,6,8,0,1,0,0,0,1,0,0,0,0,0,0,0,0,3.711130063048756,1.3711807233098425,4.679743582719036,-1.1202491112551813,-1.192734531467299,-1.111526933191198,0.09732702731427356,0.11300309597523221,0.10807447232178415,0,13.571428571428571,0,Zone_10,Ishaan Kumar,34,Male,Chennai,2022-10-16,10,0,4.6,0,6,10,1,Low,42.519999999999996,4.252,726.0799999999999,72.60799999999999,1414,0.0,2440,1.54,35.4,Industrial
T01584,R0056,12.22,110.73,221.25,2024-05-30,0,1.013438722053529,0.8927564325070116,0,3,5,0,1,0,0,0,0,0,0,1,0,0,0,0,0,5.403802874394014,2.5817308344235403,10.522832318344715,1.033550111773183,0.8927564325070116,1.3579207071019663,0.5791795089807631,0.4721362229102168,0.550278773397053,0,18.105564648117838,0,Zone_4,Meera Patel,40,Other,Hyderabad,2021-02-26,93,13,3.25,0,4,2,2,Low,66.22,0.7120430107526882,927.79,9.976236559139785,2011,0.13978494623655913,4038,2.46,48.2,Business
T01585,R0048,6.5600000000000005,35.87,154.83,2023-07-26,0,0.23660212387095872,-0.37921327181352693,0,2,7,0,0,1,0,0,0,0,0,0,0,1,0,0,0,5.048765669457524,2.0228711901914416,5.989156868875618,0.2447144658203627,-0.37921327181352693,-0.7231650786950199,0.40269954299075356,0.2530959752321982,0.17761847869374747,0,23.602134146341463,0,Zone_6,Kavya Sharma,35,Male,Hyderabad,2019-05-31,207,1,3.02,0,4,5,1,Medium,29.13,0.14072463768115942,506.28000000000003,2.4457971014492754,2648,0.004830917874396135,14627,0.54,37.6,Mixed
T01586,R0174,13.06,77.42,136.89,2023-10-12,0,0.026779049926433998,1.0815293214874449,0,3,10,0,1,0,0,0,0,1,0,0,0,0,0,0,0,4.92645626585365,2.643333886382519,8.798863562983575,0.031650456660567206,1.0815293214874449,0.43191259162110057,0.355032415772133,0.5046439628482973,0.38445838311429714,0,10.481623277182234,0,Zone_2,Aadhya Patel,32,Male,Kolkata,2019-02-07,320,7,3.8,0,3,2,1,Medium,62.14,0.1941875,921.79,2.88059375,2761,0.021875,6371,0.91,58.4,Residential
T01587,R0003,18.63,94.05,275.09,2023-09-24,0,1.6431418603574972,2.3332733591315082,0,6,9,0,0,1,0,0,0,0,0,0,1,0,0,0,0,5.620726899518875,2.9770590082883697,9.697937925146768,1.6729796688057004,2.3332733591315082,0.8942216567801157,0.7222340312466786,0.7202012383900929,0.4672441258462764,0,14.765968867418142,0,Zone_5,Kavya Reddy,34,Male,Pune,2023-05-04,45,9,3.76,0,3,5,1,Low,67.68,1.5040000000000002,971.71,21.593555555555557,1214,0.2,2590,1.31,43.9,Business
T01588,R0191,7.69,41.24,78.94,2023-01-05,0,-0.6509939230437548,-0.12526879020889647,0,3,1,0,0,1,0,0,1,0,0,0,0,0,0,0,0,4.3812763532831775,2.162172939277301,6.421837743200929,-0.6565914235406662,-0.12526879020889647,-0.5738806722065104,0.20105749814007864,0.29682662538699695,0.20435085623257665,0,10.265279583875161,0,Zone_10,Meera Gupta,33,Other,Surat,2020-08-14,87,6,4.56,0,4,8,2,Low,83.17,0.9559770114942528,1326.52,15.24735632183908,2207,0.06896551724137931,2440,1.54,35.4,Industrial
T01589,R0136,7.42,40.44,76.22,2023-11-09,0,-0.6828065630175065,-0.18594579023832156,0,3,11,0,0,0,1,0,0,0,0,0,0,1,0,0,0,4.346658490836091,2.130609828254235,6.359245238233858,-0.6888954427666776,-0.18594579023832156,-0.596120434811875,0.19383037517270696,0.2863777089783282,0.20036837913181996,0,10.272237196765499,0,Zone_6,Diya Ghosh,34,Male,Hyderabad,2019-01-19,339,11,3.82,0,5,1,1,High,26.86,0.0792330383480826,342.78999999999996,1.0111799410029498,2780,0.032448377581120944,14627,0.54,37.6,Mixed
T01590,R0289,13.07,82.78,293.03,2023-05-30,0,1.8529649343020216,1.083776617784831,0,1,5,0,1,0,0,0,0,0,0,0,0,1,0,0,0,5.683681802949198,2.644044871126298,9.098351499035417,1.8860436779654957,1.083776617784831,0.580919001077043,0.769901158465299,0.505030959752322,0.4111409796893668,0,22.420045906656462,0,Zone_6,Aarav Gupta,21,Other,Chennai,2021-09-30,322,14,4.17,0,3,9,2,Medium,66.13,0.2053726708074534,1234.48,3.8337888198757764,1795,0.043478260869565216,14627,0.54,37.6,Mixed
T01591,R0081,13.32,85.06,120.07,2023-06-08,0,-0.16994470167595727,1.1399590252194838,0,3,6,0,1,0,0,0,0,0,0,0,0,0,0,0,1,4.7963688907196484,2.6616571615324998,9.222797840135064,-0.16811189752381148,1.1399590252194838,0.6443023245023319,0.31034116271654794,0.5147058823529412,0.42249103942652333,0,9.014264264264263,0,Zone_9,Diya Reddy,42,Other,Mumbai,2022-01-31,114,2,3.9,0,0,1,2,Low,52.92,0.46421052631578946,812.0699999999999,7.123421052631579,1672,0.017543859649122806,11037,1.83,56.1,Mixed
T01592,R0167,16.51,157.13,247.42,2024-03-16,0,1.3195184235656918,1.8568465440856532,0,5,3,1,0,0,0,0,0,0,1,0,0,0,0,0,0,5.5151208621160475,2.8627721462977607,12.535150577476124,1.3443575320469754,1.8568465440856532,2.647826938213109,0.6487139972366882,0.6381578947368423,0.7812624452409398,0,14.986069049061173,0,Zone_3,Kavya Nair,44,Male,Hyderabad,2022-08-25,117,5,4.75,0,3,8,1,Low,64.31,0.5496581196581197,1075.55,9.192735042735043,1466,0.042735042735042736,12971,2.11,38.0,Business
T01593,R0241,8.98,88.78,113.68,2024-01-04,0,-0.2446810139672342,0.16463243215391177,0,3,1,1,0,0,0,0,1,0,0,0,0,0,0,0,0,4.742145641015169,2.300583090323373,9.422313940853382,-0.24400258974962463,0.16463243215391177,0.747717220617277,0.29336273780423,0.34674922600619196,0.4410095579450418,0,12.659242761692651,0,Zone_10,Kavya Gupta,34,Female,Chennai,2020-01-13,165,3,3.28,0,0,1,0,Medium,45.72,0.2770909090909091,762.15,4.619090909090909,2421,0.01818181818181818,2440,1.54,35.4,Industrial
T01594,R0169,4.84,45.31,84.76,2023-07-19,0,-0.5829242301587418,-0.7657482349639381,0,2,7,0,0,0,1,0,0,0,0,0,0,0,1,0,0,4.451552697322492,1.7647307968401356,6.731270311018568,-0.5874703235791272,-0.7657482349639381,-0.46073587995171833,0.21652141566585184,0.18653250773993807,0.22461170848267623,0,17.51239669421488,0,Zone_7,Reyansh Kumar,32,Male,Delhi,2023-02-21,497,81,4.19,0,1,2,1,High,70.41,0.14167002012072433,1412.41,2.841871227364185,1286,0.16297786720321933,11070,0.64,45.2,Industrial
T01595,R0154,8.04,58.45,149.87,2023-02-05,0,0.17859083921294072,-0.04661341980038289,0,6,2,0,1,0,0,0,0,0,0,0,0,0,0,1,0,5.016418538851983,2.201659174404085,7.6452599694189605,0.18580713664351844,-0.04661341980038289,-0.09544777915860586,0.3895206716973111,0.31037151702786375,0.29002389486260455,0,18.640547263681594,0,Zone_8,Kavya Patel,18,Other,Kolkata,2019-03-25,466,79,4.68,0,0,3,2,High,138.62,0.2974678111587983,2059.52,4.419570815450644,2715,0.16952789699570817,4516,1.93,31.0,Business
T01596,R0236,4.88,46.24,119.52,2024-02-01,1,-0.17637740461182616,-0.7567590497743936,0,3,2,0,1,0,0,0,0,0,0,0,1,0,0,0,0,4.791815714262101,1.7715567619105355,6.8,-0.17464396023495343,-0.7567590497743936,-0.43488215592298207,0.3088797959400574,0.18808049535603716,0.22924133811230585,0,24.491803278688526,1,Zone_5,Arjun Gupta,28,Male,Ahmedabad,2020-08-10,61,1,3.36,0,0,8,1,Low,50.01,0.8198360655737704,768.54,12.599016393442623,2211,0.01639344262295082,2590,1.31,43.9,Business
T01597,R0214,9.2,49.69,74.11,2023-12-30,0,-0.7074847506442037,0.21407295069640594,0,5,12,0,1,0,0,0,0,0,0,0,1,0,0,0,0,4.31895370569792,2.322387720290225,7.049113419430843,-0.7139548106221495,0.21407295069640594,-0.33897317968734764,0.1882240408119885,0.35526315789473684,0.24641577060931896,0,8.055434782608696,0,Zone_5,Aarav Kumar,20,Female,Kolkata,2022-09-14,210,2,4.53,0,2,9,0,Medium,40.76,0.1940952380952381,681.69,3.2461428571428574,1446,0.009523809523809525,2590,1.31,43.9,Business
T01598,R0277,3.66,20.35,51.93,2023-04-27,0,-0.9668981163125175,-1.030929198055499,0,3,4,1,0,0,0,0,0,0,1,0,0,0,0,0,0,3.9689702858698963,1.5390154481375546,4.511097427455985,-0.9773750850460211,-1.030929198055499,-1.1546164732390918,0.12929110426187693,0.1408668730650155,0.1003584229390681,0,14.188524590163933,0,Zone_3,Kavya Gupta,42,Female,Jaipur,2021-01-22,433,16,3.06,0,4,1,0,High,86.92999999999999,0.20076212471131638,1402.8,3.2397228637413393,2046,0.03695150115473441,12971,2.11,38.0,Business
T01599,R0196,12.51,69.51,154.55,2023-01-05,0,0.23332729328542545,0.9579280251312086,0,3,1,0,1,0,0,1,0,0,0,0,0,0,0,0,0,5.046967223343646,2.6034301519721073,8.337265738837884,0.24138905207650857,0.9579280251312086,0.21201693886055886,0.4019555744499947,0.483359133126935,0.3450816407805655,0,12.354116706634693,0,Zone_1,Vivaan Das,18,Male,Hyderabad,2019-06-24,51,9,4.93,0,0,6,1,Low,95.95,1.8813725490196078,1623.43,31.831960784313726,2624,0.17647058823529413,4921,2.43,30.9,Residential
T01600,R0005,11.49,98.56,280.91,2023-10-25,1,1.7112115532425107,0.7287038027978254,0,2,10,1,0,0,0,0,1,0,0,0,0,0,0,0,0,5.641587871063083,2.5249283241374862,9.927738916792686,1.74210076876724,0.7287038027978254,1.0195983184678583,0.737697948772452,0.4438854489164087,0.48969534050179214,0,24.44821583986075,1,Zone_10,Diya Reddy,27,Male,Ahmedabad,2021-05-31,294,30,3.53,0,0,5,1,Medium,51.260000000000005,0.17435374149659866,926.45,3.1511904761904765,1917,0.10204081632653061,2440,1.54,35.4,Industrial
T01601,R0083,8.7,83.36,191.83,2024-03-06,0,0.6693475941021406,0.10170813582710043,0,2,3,0,0,0,1,0,0,1,0,0,0,0,0,0,0,5.261808971731513,2.272125885509337,9.130169768410662,0.6841441391153694,0.10170813582710043,0.5970428289659322,0.5010096715910299,0.33591331269349844,0.4140282755874154,0,22.049425287356325,0,Zone_2,Kavya Patel,45,Female,Mumbai,2021-12-31,475,39,4.4,0,4,12,0,High,92.62,0.19498947368421055,1415.3300000000002,2.9796421052631583,1703,0.08210526315789474,6371,0.91,58.4,Residential
T01602,R0251,8.13,40.91,139.73,2024-03-22,0,0.05999518872255719,-0.026387753123907527,0,4,3,0,0,0,1,0,0,0,0,0,0,0,1,0,0,4.946843161008476,2.211565694606877,6.396092557178953,0.06537965320537317,-0.026387753123907527,-0.5830545742812234,0.3625783823998299,0.31385448916408676,0.2027080844285145,0,17.186961869618692,0,Zone_7,Vivaan Iyer,46,Female,Mumbai,2020-01-13,213,26,4.48,0,0,1,0,Medium,38.41,0.18032863849765257,762.5799999999999,3.5801877934272297,2421,0.12206572769953052,11070,0.64,45.2,Industrial
T01603,R0264,7.02,57.96,96.68,2024-07-23,0,-0.44351001380318267,-0.27583764213376605,0,1,7,0,0,0,1,0,0,0,0,0,1,0,0,0,0,4.581696829802449,2.081938421878423,7.6131465242697125,-0.4459027099121953,-0.27583764213376605,-0.10906963375439169,0.24819321925815707,0.2708978328173375,0.2875846276383911,0,13.772079772079774,0,Zone_5,Aadhya Das,27,Other,Delhi,2019-02-06,401,54,3.59,0,2,2,2,High,12.44,0.031022443890274313,190.11,0.47408977556109727,2762,0.13466334164588528,2590,1.31,43.9,Business
T01604,R0253,14.56,124.59,132.54,2024-01-10,0,-0.024097782384529212,1.4186237660953613,0,2,1,0,0,0,1,0,1,0,0,0,0,0,0,0,0,4.894401058429723,2.7447035187502458,11.161989070053778,-0.02001222114573758,1.4186237660953613,1.743224594239907,0.3434743330853438,0.5626934984520124,0.6192751891676623,0,9.103021978021976,0,Zone_10,Ishaan Gupta,26,Male,Surat,2021-08-19,173,24,3.16,0,3,8,1,Medium,49.82,0.28797687861271676,744.61,4.304104046242775,1837,0.13872832369942195,2440,1.54,35.4,Industrial
T01605,R0077,13.94,83.86,238.65,2024-05-17,0,1.2169460512973822,1.2792913956574223,0,4,5,1,0,0,0,1,0,0,0,0,0,0,0,0,0,5.47917952560564,2.7040421797046714,9.157510578754469,1.2402008229984023,1.2792913956574223,0.610942680594285,0.6254118397279201,0.5386996904024768,0.4165173237753883,0,17.119799139167863,0,Zone_1,Reyansh Das,28,Male,Mumbai,2019-09-07,406,72,3.79,0,5,9,1,High,146.85999999999999,0.3617241379310345,2343.82,5.7729556650246305,2549,0.17733990147783252,4921,2.43,30.9,Residential
T01606,R0179,8.73,82.07,177.84,2024-05-20,0,0.5057230230606747,0.10845002471925902,0,0,5,0,0,0,1,0,0,0,0,0,0,0,0,0,1,5.18649155136578,2.2752138961979136,9.059249417032296,0.5179922166992303,0.10845002471925902,0.5611812117647818,0.4638378148581146,0.33707430340557276,0.4076065312624452,0,20.371134020618555,0,Zone_9,Meera Patel,28,Male,Kolkata,2022-04-11,274,14,4.64,0,0,4,1,Medium,25.53,0.09317518248175183,459.20000000000005,1.6759124087591242,1602,0.051094890510948905,11037,1.83,56.1,Mixed
T01607,R0279,3.7199999999999998,18.65,52.72,2023-04-28,0,-0.9576584157319059,-1.0174454202711825,0,4,4,0,0,1,0,0,0,0,0,0,0,0,0,0,1,3.9837853716550367,1.5518087995974639,4.318564576337836,-0.96799266769729,-1.0174454202711825,-1.2018759687754914,0.13139015835901796,0.14318885448916407,0.09189565909996017,0,14.172043010752688,0,Zone_9,Diya Singh,25,Other,Pune,2022-04-21,454,84,3.73,0,3,4,2,High,41.55,0.09151982378854624,699.0699999999999,1.5398017621145372,1592,0.18502202643171806,11037,1.83,56.1,Mixed
T01608,R0257,2.12,16.02,18.57,2024-05-05,0,-1.357070788931767,-1.37701282785296,0,6,5,1,0,0,0,0,0,0,0,1,0,0,0,0,0,2.9739977814079848,1.1378330018213911,4.0024992192379,-1.3735743796709246,-1.37701282785296,-1.2749891883406272,0.04065256669146562,0.08126934984520125,0.07880326563122263,0,8.75943396226415,0,Zone_4,Arjun Reddy,36,Other,Delhi,2023-03-11,459,19,4.82,0,5,3,2,High,56.11,0.12224400871459695,822.23,1.7913507625272331,1268,0.04139433551198257,4038,2.46,48.2,Business
T01609,R0040,9.44,53.61,232.99,2024-06-09,1,1.1507476901755311,0.26800806183367265,0,6,6,0,0,1,0,0,0,0,1,0,0,0,0,0,0,5.455278379401799,2.3456445824544927,7.321885003194191,1.1729799594619228,0.26800806183367265,-0.22999834292106136,0.6103730470825806,0.36455108359133126,0.2659299084030267,0,24.681144067796613,1,Zone_3,Aarav Gupta,34,Other,Surat,2023-05-05,485,36,4.41,0,4,5,2,High,80.45,0.1658762886597938,1140.75,2.352061855670103,1213,0.07422680412371134,12971,2.11,38.0,Business
T01610,R0186,4.8100000000000005,32.34,69.28,2023-03-13,0,-0.7639755782446526,-0.7724901238560963,0,0,3,0,0,1,0,0,1,0,0,0,0,0,0,0,0,4.252487263318897,1.75958057086382,5.686826883245173,-0.7713181977036329,-0.7724901238560963,-0.8212980311911908,0.17539058348389838,0.1853715170278638,0.1600457984866587,0,14.403326403326401,0,Zone_10,Ishaan Sharma,18,Other,Hyderabad,2020-12-11,373,19,3.26,0,4,12,2,High,68.58,0.18386058981233244,938.8199999999999,2.5169436997319035,2088,0.05093833780160858,2440,1.54,35.4,Industrial
T01611,R0104,10.38,81.05,102.76,2024-03-23,0,-0.3723994068030317,0.47925391378796733,0,5,3,0,0,1,0,0,0,1,0,0,0,0,0,0,0,4.642080540008188,2.431857428698185,9.002777349240622,-0.37369372575993476,0.47925391378796733,0.532825514442942,0.26434796471463495,0.4009287925696595,0.4025288729589805,0,9.89980732177264,0,Zone_2,Diya Gupta,52,Male,Kolkata,2021-05-27,328,1,3.7,0,3,5,1,High,46.690000000000005,0.14234756097560977,765.39,2.3335060975609756,1921,0.003048780487804878,6371,0.91,58.4,Residential
T01612,R0271,6.07,60.67,117.3,2023-09-24,0,-0.20234213282569705,-0.4893307903854464,0,6,9,0,0,0,1,0,0,0,0,1,0,0,0,0,0,4.773223770984341,1.9558604799084813,7.789094941005662,-0.2010097406326538,-0.4893307903854464,-0.033732437928719314,0.3029811882240408,0.23413312693498453,0.3010752688172043,0,19.32454695222405,0,Zone_4,Saanvi Iyer,22,Male,Bengaluru,2022-10-07,58,6,4.37,0,4,10,1,Low,65.02,1.1210344827586207,928.78,16.013448275862068,1423,0.10344827586206896,4038,2.46,48.2,Business
T01613,R0025,11.87,88.44,159.39,2023-09-08,0,0.28993507912107164,0.8141010620984974,0,4,9,1,0,0,0,0,0,0,0,1,0,0,0,0,0,5.077608349349287,2.554899021608035,9.404254356406998,0.2988712039345578,0.8141010620984974,0.7382653215099969,0.41481560208311186,0.4585913312693498,0.4393170051772202,0,13.427969671440607,0,Zone_4,Meera Das,21,Female,Mumbai,2021-10-22,42,3,4.01,0,4,10,0,Low,47.25,1.125,719.4300000000001,17.129285714285714,1773,0.07142857142857142,4038,2.46,48.2,Business
T01614,R0100,9.04,72.33,200.2,2023-06-11,0,0.7672416369625455,0.17811620993822816,0,6,6,1,0,0,0,0,0,1,0,0,0,0,0,0,0,5.304299438225584,2.306577114263583,8.504704580407246,0.7835502571012937,0.17811620993822816,0.29041210204446866,0.523249016898714,0.34907120743034054,0.3591198725607328,0,22.146017699115045,0,Zone_2,Ishaan Gupta,28,Male,Delhi,2021-05-24,383,60,3.79,0,0,5,1,High,101.45,0.26488250652741513,1657.49,4.327650130548303,1924,0.1566579634464752,6371,0.91,58.4,Residential
T01615,R0101,12.99,106.71,165.87,2023-07-26,0,0.36572401552912753,1.065798247405742,0,2,7,0,1,0,0,0,0,0,0,0,0,0,0,0,1,5.117215066158812,2.63834278867739,10.330053242844395,0.37583077914946733,1.065798247405742,1.2461659000100094,0.4320331597406738,0.5019349845201239,0.5302668259657507,0,12.76905311778291,0,Zone_9,Aarav Singh,37,Female,Delhi,2020-11-01,228,29,3.03,0,6,11,0,Medium,45.29,0.19864035087719298,671.3599999999999,2.9445614035087715,2128,0.12719298245614036,11037,1.83,56.1,Mixed
T01616,R0295,3.17,26.19,63.07,2023-05-12,0,-0.8366066423023727,-1.1410467166274185,0,4,5,0,1,0,0,0,0,0,0,0,0,1,0,0,0,4.15997623565093,1.4279160358107101,5.117616632769594,-0.8450711239512544,-1.1410467166274185,-0.9922662062199306,0.15889042406206821,0.12190402476780186,0.12943050577459178,0,19.895899053627762,0,Zone_6,Kavya Gupta,18,Female,Delhi,2019-05-29,98,18,3.59,0,2,5,0,Low,44.769999999999996,0.45683673469387753,524.04,5.34734693877551,2650,0.1836734693877551,14627,0.54,37.6,Mixed
T01617,R0015,6.86,36.69,158.93,2024-07-15,0,0.2845550003019815,-0.31179438289194367,0,0,7,0,1,0,0,0,0,0,0,0,0,0,0,0,1,5.074736219502779,2.061786606441115,6.057227088363123,0.293408024212512,-0.31179438289194367,-0.7003693220245213,0.41359336805186525,0.2647058823529412,0.18170051772202309,0,23.167638483965014,0,Zone_9,Saanvi Patel,28,Other,Chennai,2022-12-19,46,1,3.87,0,0,12,2,Low,30.0,0.6521739130434783,597.85,12.996739130434783,1350,0.021739130434782608,11037,1.83,56.1,Mixed
T01618,R0212,19.08,127.16,379.63,2024-05-12,0,3.4837136076623914,2.434401692513883,0,6,5,1,0,0,0,0,0,0,0,0,0,0,0,1,0,5.94182777466688,2.9997242948235283,11.276524287208359,2.9145466430289444,2.434401692513883,1.8146698316096403,0.9999999999999999,0.7376160990712074,0.632068896853843,0,19.896750524109017,0,Zone_8,Aadhya Iyer,36,Female,Ahmedabad,2023-09-11,73,12,3.22,0,0,9,0,Low,58.58,0.8024657534246575,1128.49,15.458767123287672,1084,0.1643835616438356,4516,1.93,31.0,Business
T01619,R0049,4.52,32.2,63.01,2023-09-04,0,-0.8373083917135584,-0.8376617164802936,0,0,9,1,0,0,0,0,1,0,0,0,0,0,0,0,0,4.159039321153912,1.7083778602890038,5.674504383644443,-0.8457837126106517,-0.8376617164802936,-0.8251899896471295,0.15873100223190562,0.1741486068111455,0.15934886499402628,0,13.940265486725664,0,Zone_10,Meera Iyer,39,Male,Mumbai,2020-05-19,375,55,4.4,0,1,5,1,High,58.370000000000005,0.15565333333333334,980.4,2.6144,2294,0.14666666666666667,2440,1.54,35.4,Industrial
T01620,R0059,12.21,89.57,237.49,2023-04-23,0,1.2033788960144587,0.8905091362096256,0,6,4,0,0,1,0,0,0,1,0,0,0,0,0,0,0,5.474327380728188,2.580974118534234,9.464142856064674,1.226424108916721,0.8905091362096256,0.7696789861900742,0.6223296843447763,0.471749226006192,0.444942254082039,0,19.45045045045045,0,Zone_2,Aarav Sharma,43,Male,Delhi,2021-08-02,357,11,3.27,0,0,8,1,High,35.0,0.09803921568627451,534.78,1.4979831932773109,1854,0.03081232492997199,6371,0.91,58.4,Residential
T01621,R0062,10.09,66.64,113.63,2023-03-10,0,-0.2452658051432224,0.4140823211637699,0,4,3,0,1,0,0,0,0,0,0,0,0,1,0,0,0,4.741709550126918,2.4060438013622756,8.16333265278342,-0.24459641363245588,0.4140823211637699,0.13223179051381348,0.29322988627909446,0.3897058823529412,0.33079450418160095,0,11.261645193260653,0,Zone_6,Kavya Sharma,38,Male,Jaipur,2019-05-13,57,3,3.58,0,0,5,1,Low,66.05,1.1587719298245613,889.51,15.605438596491227,2666,0.05263157894736842,14627,0.54,37.6,Mixed
T01622,R0031,14.43,83.28,128.31,2023-11-02,0,-0.07357111587312097,1.3894089142293418,0,3,11,0,1,0,0,0,1,0,0,0,0,0,0,0,0,4.86221262230776,2.7363136663750693,9.125787637239867,-0.07024972163324769,1.3894089142293418,0.5948188527053958,0.3322350940588798,0.5576625386996904,0.4136300278773397,0,8.891891891891893,0,Zone_10,Reyansh Nair,29,Female,Hyderabad,2023-04-27,230,21,4.62,0,3,4,0,Medium,27.05,0.11760869565217391,390.80999999999995,1.699173913043478,1221,0.09130434782608696,2440,1.54,35.4,Industrial
T01623,R0130,7.13,63.26,131.57,2024-04-03,0,-0.03544273119869802,-0.2511173828625188,0,2,4,0,0,1,0,0,0,0,0,0,0,1,0,0,0,4.887110807810759,2.0955609235597192,7.9536155300592695,-0.031532404472660716,-0.2511173828625188,0.03826879350614826,0.34089701349771495,0.2751547987616099,0.31396853843090405,0,18.453015427769984,0,Zone_6,Diya Ghosh,27,Female,Pune,2019-02-16,316,62,3.62,0,5,2,0,Medium,50.9,0.1610759493670886,896.33,2.836487341772152,2752,0.1962025316455696,14627,0.54,37.6,Mixed
T01624,R0267,13.95,100.44,191.44,2023-01-24,0,0.6647862229294335,1.2815386919548084,0,1,1,0,1,0,0,0,0,0,1,0,0,0,0,0,0,5.259784416831253,2.7047112998366956,10.02197585309404,0.6795123128292868,1.2815386919548084,1.071861760590465,0.49997342969497294,0.5390866873065016,0.4990541616885703,0,13.723297491039427,0,Zone_3,Arjun Iyer,37,Other,Jaipur,2021-01-01,131,11,4.5,0,4,1,2,Low,47.19,0.3602290076335878,681.69,5.203740458015267,2067,0.08396946564885496,12971,2.11,38.0,Business
T01625,R0204,14.08,86.32,142.21,2024-05-19,0,0.08900083105156635,1.310753543820828,0,6,5,0,0,0,1,0,0,0,0,1,0,0,0,0,0,4.9643120844906115,2.71336936257981,9.290855719469548,0.09483331779379546,1.310753543820828,0.6793299506057808,0.3691678180465512,0.5441176470588236,0.428763440860215,0,10.100142045454547,0,Zone_4,Aarav Kumar,37,Female,Hyderabad,2019-01-01,438,5,3.73,0,1,1,0,High,67.81,0.15481735159817353,901.35,2.0578767123287673,2798,0.01141552511415525,4038,2.46,48.2,Business
T01626,R0266,8.98,63.43,121.26,2023-10-15,0,-0.15602667168744075,0.16463243215391177,0,6,10,0,0,0,1,0,1,0,0,0,0,0,0,0,0,4.80614992460058,2.300583090323373,7.964295323504773,-0.15397888911243138,0.16463243215391177,0.042994743059788273,0.3135030290147731,0.34674922600619196,0.3148148148148148,0,13.503340757238307,0,Zone_10,Diya Reddy,29,Other,Chennai,2020-09-25,98,13,3.9,0,4,9,2,Low,72.97,0.7445918367346939,1247.45,12.729081632653061,2165,0.1326530612244898,2440,1.54,35.4,Industrial
T01627,R0138,2.18,11.6,40.84,2024-07-29,0,-1.0966047991466745,-1.3635290500686434,0,0,7,0,0,0,1,0,0,0,0,0,0,0,1,0,0,3.7338528197566676,1.1568811967920856,3.40587727318528,-1.109085222257957,-1.3635290500686434,-1.3978638767352662,0.09982463598682115,0.08359133126934987,0.056800079649542014,0,18.73394495412844,0,Zone_7,Ishaan Das,46,Male,Kolkata,2022-07-28,13,0,3.53,0,3,7,1,Low,31.25,2.4038461538461537,521.48,40.113846153846154,1494,0.0,11070,0.64,45.2,Industrial
T01628,R0063,12.57,66.91,195.23,2024-06-19,0,0.70911339406933,0.9714118029155254,0,2,6,0,0,1,0,0,0,0,0,0,0,1,0,0,0,5.279287440641231,2.6078614738467776,8.179853299418028,0.7245241631478834,0.9714118029155254,0.1397377103931239,0.5100435753002444,0.48568111455108365,0.3321385902031063,0,15.531424025457436,0,Zone_6,Diya Iyer,34,Male,Surat,2023-04-21,329,33,4.83,0,4,4,1,High,67.55,0.2053191489361702,1244.56,3.7828571428571425,1227,0.10030395136778116,14627,0.54,37.6,Mixed
T01629,R0260,3.13,28.76,62.82,2024-05-10,0,-0.839530598182313,-1.150035901816963,0,4,5,0,0,1,0,0,0,1,0,0,0,0,0,0,0,4.156066620850098,1.4182774069729414,5.362835071116769,-0.8480402433654098,-1.150035901816963,-0.9208209688501972,0.15822616643639068,0.1203560371517028,0.1422242134607726,0,20.070287539936103,0,Zone_2,Reyansh Das,55,Other,Mumbai,2019-07-17,63,3,4.24,0,2,7,2,Low,37.79,0.5998412698412698,689.26,10.94063492063492,2601,0.047619047619047616,6371,0.91,58.4,Residential
T01630,R0067,7.31,39.41,165.12,2023-04-01,0,0.35695214788930624,-0.21066604950956885,0,5,4,0,0,1,0,0,0,0,0,0,1,0,0,0,0,5.1127104187625525,2.1174596088673567,6.2777384462878025,0.366923420907001,-0.21066604950956885,-0.6247541291662819,0.4300403868636412,0.2821207430340557,0.19524093986459576,0,22.58823529411765,0,Zone_5,Saanvi Iyer,32,Male,Pune,2022-07-24,348,9,3.38,0,6,7,1,High,113.07,0.32491379310344826,1846.81,5.3069252873563215,1498,0.02586206896551724,2590,1.31,43.9,Business
T01631,R0177,12.73,110.74,235.51,2024-07-15,0,1.1802211654453303,1.0073685436737032,0,0,7,0,1,0,0,1,0,0,0,0,0,0,0,0,0,5.465990490336171,2.6195832197798796,10.523307464861036,1.2029086831566096,1.0073685436737032,1.3581987041345331,0.6170687639494101,0.4918730650154799,0.5503285543608124,0,18.500392772977218,0,Zone_1,Ishaan Reddy,34,Other,Bengaluru,2023-02-15,489,63,4.48,0,2,2,2,High,115.74,0.23668711656441715,1866.76,3.8175051124744375,1292,0.12883435582822086,4921,2.43,30.9,Residential
T01632,R0007,13.46,95.47,174.21,2023-04-26,0,0.4632671836839399,1.1714211733828894,0,2,4,0,1,0,0,0,0,0,0,0,0,0,0,1,0,5.165985254498996,2.671386216730619,9.770875088752286,0.4748806028056932,1.1714211733828894,0.9336972354046378,0.4541927941332767,0.5201238390092879,0.4743130227001195,0,12.942793462109956,0,Zone_8,Ishaan Ghosh,18,Female,Mumbai,2021-03-26,458,82,4.03,0,4,3,0,High,39.620000000000005,0.08650655021834062,596.9200000000001,1.3033187772925765,1983,0.17903930131004367,4516,1.93,31.0,Business
T01633,R0232,6.26,62.59,81.29,2023-04-09,0,-0.6235087377723149,-0.4466321607351104,0,6,4,0,1,0,0,0,0,0,0,0,0,1,0,0,0,4.410249593617622,1.9823798288367047,7.911384202527394,-0.6286817010476049,-0.4466321607351104,0.019642992324155614,0.20730151982144757,0.24148606811145512,0.3106332138590203,0,12.98562300319489,0,Zone_6,Meera Das,38,Male,Jaipur,2022-12-08,172,15,3.94,0,3,12,1,Medium,93.19999999999999,0.541860465116279,1490.84,8.667674418604651,1361,0.0872093023255814,14627,0.54,37.6,Mixed
T01634,R0066,11.13,81.26,140.6,2023-12-09,0,0.0701705551847499,0.6478011360919256,0,5,12,1,0,0,0,0,0,0,0,1,0,0,0,0,0,4.953006181259619,2.495681722955959,9.01443287178955,0.07571218876663419,0.6478011360919256,0.5386634521268504,0.36488999893718777,0.4299535603715171,0.40357427319792916,0,12.632524707996405,0,Zone_4,Arjun Patel,38,Female,Bengaluru,2022-06-03,167,28,4.72,0,4,6,0,Medium,42.47,0.25431137724550895,576.14,3.449940119760479,1549,0.16766467065868262,4038,2.46,48.2,Business
T01635,R0291,0.29,2.87,4.66,2023-08-03,0,-1.519759694091652,-1.7882680502746182,0,3,8,0,0,0,1,0,0,0,0,0,0,0,0,0,1,1.7334238922150915,0.2546422183735807,1.6941074346097416,-1.538776183874534,-1.7882680502746182,-1.6405552861663069,0.0036932723987671383,0.01044891640866873,0.013341298287534846,0,16.06896551724138,0,Zone_9,Arjun Ghosh,23,Other,Pune,2021-04-19,499,94,3.46,0,0,4,2,High,46.45,0.09308617234468938,795.59,1.59436873747495,1959,0.18837675350701402,11037,1.83,56.1,Mixed
T01636,R0009,5.64,36.01,62.56,2024-05-28,0,-0.842571512297451,-0.5859645311730493,0,1,5,0,0,0,1,0,0,1,0,0,0,0,0,0,0,4.151984341668515,1.8931119634883424,6.000833275470999,-0.8511281275561313,-0.5859645311730493,-0.7192731202390811,0.15753533850568605,0.2174922600619195,0.17831541218637992,0,11.092198581560284,0,Zone_2,Diya Patel,42,Female,Ahmedabad,2019-12-15,172,21,4.11,0,6,12,0,Medium,64.88,0.37720930232558136,916.39,5.327848837209302,2450,0.12209302325581395,6371,0.91,58.4,Residential
T01637,R0044,15.34,123.22,134.21,2023-04-05,0,-0.004565757106527032,1.593912877291478,0,2,4,0,1,0,0,0,0,0,0,0,0,0,1,0,0,4.906829125370667,2.7936160894318567,11.10045044131093,-0.0001785034591789768,1.593912877291478,1.70513900077822,0.34791157402486983,0.5928792569659443,0.6124551971326165,0,8.749022164276402,0,Zone_7,Arjun Gupta,36,Female,Hyderabad,2020-08-01,271,5,3.21,0,5,8,0,Medium,102.26,0.37734317343173435,1660.52,6.127380073800738,2220,0.01845018450184502,11070,0.64,45.2,Industrial
T01638,R0002,14.72,101.63,148.43,2023-02-08,0,0.16174885334448394,1.4545805068535391,0,2,2,1,0,0,0,0,0,0,0,0,0,0,0,1,0,5.006828055753302,2.7549337870010606,10.081170566953025,0.16870500881798306,1.4545805068535391,1.1049434074659445,0.38569454777340845,0.5688854489164087,0.5049780963759458,0,10.083559782608695,0,Zone_8,Ishaan Nair,39,Female,Mumbai,2019-11-23,70,5,4.12,0,5,11,0,Low,75.69,1.0812857142857142,1175.6100000000001,16.794428571428572,2472,0.07142857142857142,4516,1.93,31.0,Business
T01639,R0292,11.35,79.85,93.29,2023-12-11,0,-0.48315885553517474,0.6972416546344198,0,0,12,0,0,0,1,0,0,0,0,0,0,0,1,0,0,4.546375139477586,2.513656063073986,8.935882720806042,-0.48616396916814325,0.6972416546344198,0.49946587053489516,0.2391858858539696,0.43846749226006193,0.39655515730784546,0,8.219383259911895,0,Zone_7,Diya Patel,37,Female,Jaipur,2020-06-28,141,19,4.39,0,6,6,0,Low,79.36,0.5628368794326241,1137.89,8.070141843971632,2254,0.1347517730496454,11070,0.64,45.2,Industrial
T01640,R0124,7.29,37.66,85.71,2024-06-29,0,-0.5718131978149683,-0.21516064210434097,0,5,6,0,0,1,0,0,0,0,0,0,0,0,1,0,0,4.462569217389069,2.1150499691472033,6.136774397026503,-0.5761876698053366,-0.21516064210434097,-0.6734036098655168,0.2190455946434265,0.2813467492260062,0.18652927120669052,0,11.757201646090534,0,Zone_7,Aadhya Das,37,Other,Hyderabad,2022-06-09,419,25,3.59,0,3,6,2,High,42.58,0.10162291169451074,643.35,1.5354415274463007,1543,0.059665871121718374,11070,0.64,45.2,Industrial
T01641,R0250,12.24,92.52,209.81,2023-08-07,0,0.8796385009874554,0.8972510251017838,0,0,8,1,0,0,0,0,0,0,1,0,0,0,0,0,0,5.350957253872216,2.5832425505088623,9.618731725128837,0.8976832073814294,0.8972510251017838,0.851688110797356,0.5487830800297587,0.4729102167182663,0.45962763839107923,0,17.141339869281044,0,Zone_3,Aadhya Iyer,34,Female,Jaipur,2021-02-01,163,31,4.63,0,0,2,0,Low,75.32,0.46208588957055213,1127.31,6.91601226993865,2036,0.1901840490797546,12971,2.11,38.0,Business
T01642,R0271,7.88,75.96,74.58,2023-05-11,0,-0.7019877135899157,-0.0825701605585605,0,3,5,0,0,1,0,0,0,0,0,0,0,0,0,1,0,4.325191697921343,2.1838015570040787,8.71550342780037,-0.7083728661235373,-0.0825701605585605,0.3913250248663101,0.1894728451482623,0.3041795665634675,0.37719036240541615,0,9.464467005076141,0,Zone_8,Saanvi Iyer,22,Male,Bengaluru,2022-10-07,58,6,4.37,0,4,10,1,Low,65.02,1.1210344827586207,928.78,16.013448275862068,1423,0.10344827586206896,4516,1.93,31.0,Business
T01643,R0271,8.84,69.96,205.88,2023-10-03,0,0.833673914554792,0.1331702839905061,0,1,10,0,1,0,0,0,0,0,0,0,1,0,0,0,0,5.332138915023547,2.286455711064162,8.364209466530593,0.8510086501909057,0.1331702839905061,0.2245268053260761,0.5383409501541078,0.3413312693498452,0.34732178414974113,0,23.289592760180994,0,Zone_5,Saanvi Iyer,22,Male,Bengaluru,2022-10-07,58,6,4.37,0,4,10,1,Low,65.02,1.1210344827586207,928.78,16.013448275862068,1423,0.10344827586206896,2590,1.31,43.9,Business
T01644,R0155,8.44,46.57,105.78,2023-08-26,0,-0.3370780197733515,0.04327843209506161,0,5,8,0,0,0,1,0,1,0,0,0,0,0,0,0,0,4.67077064307204,2.244955980157409,6.824221567329126,-0.33782676323693694,0.04327843209506161,-0.4257082538482692,0.27237219683281966,0.3258513931888545,0.23088410991636796,0,12.533175355450238,0,Zone_10,Meera Reddy,23,Male,Hyderabad,2019-02-10,353,8,3.14,0,6,2,1,High,60.91,0.17254957507082153,931.71,2.639405099150142,2758,0.0226628895184136,2440,1.54,35.4,Industrial
T01645,R0018,4.12,37.56,46.6,2023-05-07,0,-1.0292368556728475,-0.927553568375738,0,6,5,0,1,0,0,0,0,0,0,0,0,0,1,0,0,3.8628327612373745,1.6331544390514163,6.128621378417825,-1.0406767109558155,-0.927553568375738,-0.6761835801911872,0.11512913168243172,0.1586687306501548,0.18603146156909597,0,11.310679611650485,0,Zone_7,Aarav Reddy,49,Female,Delhi,2023-01-09,446,86,3.29,0,0,1,0,High,54.19,0.12150224215246637,1044.33,2.3415470852017934,1329,0.19282511210762332,11070,0.64,45.2,Industrial
T01646,R0157,11.63,91.2,170.93,2024-01-24,0,0.4249048825391216,0.7601659509612311,0,2,1,0,0,0,1,0,0,0,1,0,0,0,0,0,0,5.147087417231756,2.5360749363624,9.549869109050658,0.4359257560919737,0.7601659509612311,0.8149925024985047,0.4454777340843873,0.4493034055727555,0.4530565511748308,0,14.697334479793637,0,Zone_3,Kavya Nair,36,Female,Hyderabad,2021-11-23,319,27,4.65,0,1,11,0,Medium,113.9,0.3570532915360502,1875.93,5.880658307210031,1741,0.08463949843260188,12971,2.11,38.0,Business
T01647,R0026,2.65,18.2,25.4,2023-09-29,0,-1.2771883142917948,-1.2579061240914962,0,4,9,1,0,0,0,0,1,0,0,0,0,0,0,0,0,3.2733640101522705,1.2947271675944,4.266145801540309,-1.2924580372761976,-1.2579061240914962,-1.214385835241009,0.05880008502497609,0.10178018575851394,0.08965551573078455,0,9.584905660377359,0,Zone_10,Aarav Kumar,26,Female,Surat,2020-04-17,44,5,3.17,0,4,4,0,Low,79.29,1.8020454545454547,973.19,22.11795454545455,2326,0.11363636363636363,2440,1.54,35.4,Industrial
T01648,R0196,11.88,114.22,118.56,2024-06-05,0,-0.18760539519079727,0.8163483583958839,0,2,6,0,1,0,0,0,0,0,1,0,0,0,0,0,0,4.783818337415737,2.5556757206762075,10.687375730271674,-0.1860453787853103,0.8163483583958839,1.454941671467869,0.30632904665745564,0.4589783281733747,0.567652329749104,0,9.97979797979798,0,Zone_3,Vivaan Das,18,Male,Hyderabad,2019-06-24,51,9,4.93,0,0,6,1,Low,95.95,1.8813725490196078,1623.43,31.831960784313726,2624,0.17647058823529413,12971,2.11,38.0,Business
T01649,R0253,3.2,28.3,49.71,2023-06-28,0,-0.9928628445263884,-1.13430482773526,0,2,6,0,0,1,0,0,0,0,0,1,0,0,0,0,0,3.926123129806928,1.4350845252893227,5.319774431308154,-1.0037408654437214,-1.13430482773526,-0.9336088323482816,0.12339249654586036,0.12306501547987618,0.1399342891278375,0,15.534374999999999,0,Zone_4,Ishaan Gupta,26,Male,Surat,2021-08-19,173,24,3.16,0,3,8,1,Medium,49.82,0.28797687861271676,744.61,4.304104046242775,1837,0.13872832369942195,4038,2.46,48.2,Business
T01650,R0261,4.39,23.72,49.3,2024-03-29,0,-0.9976581321694908,-0.8668765683463131,0,4,3,1,0,0,0,0,0,1,0,0,0,0,0,0,0,3.9180050771056933,1.6845453849209058,4.870318264754368,-1.0086102212829366,-0.8668765683463131,-1.0609314732639938,0.12230311403974918,0.1691176470588235,0.11713460772600558,0,11.230068337129842,0,Zone_2,Aarav Kumar,31,Male,Pune,2022-08-26,477,83,4.24,0,4,8,1,High,49.17,0.10308176100628931,649.73,1.3621174004192873,1465,0.1740041928721174,6371,0.91,58.4,Residential
T01651,R0097,6.2,61.2,102.4,2024-01-23,0,-0.3766099032701459,-0.46011593851942695,0,1,1,0,0,1,0,0,0,1,0,0,0,0,0,0,0,4.638604962074329,1.9740810260220096,7.8230428862431785,-0.3779692577163186,-0.46011593851942695,-0.018998595202665277,0.26339143373365925,0.23916408668730652,0.3037136598964556,0,16.516129032258064,0,Zone_2,Aarav Iyer,23,Other,Bengaluru,2021-01-25,478,5,3.28,0,0,1,2,High,69.43,0.1452510460251046,1117.1,2.3370292887029285,2043,0.010460251046025104,6371,0.91,58.4,Residential
T01652,R0214,7.22,57.99,164.58,2024-05-16,0,0.35063640318863504,-0.23089171618604382,0,3,5,0,0,0,1,0,1,0,0,0,0,0,0,0,0,5.10945446171066,2.1065702090680882,7.61511654539837,0.3605101229724253,-0.23089171618604382,-0.10823564265669049,0.4286055903921777,0.2786377708978328,0.2877339705296695,0,22.795013850415515,0,Zone_10,Aarav Kumar,20,Female,Kolkata,2022-09-14,210,2,4.53,0,2,9,0,Medium,40.76,0.1940952380952381,681.69,3.2461428571428574,1446,0.009523809523809525,2440,1.54,35.4,Industrial
T01653,R0250,8.95,64.68,119.38,2024-06-18,0,-0.1780148199045928,0.1578905432617532,0,1,6,0,0,1,0,0,0,0,0,0,1,0,0,0,0,4.790653406119625,2.2975725511705014,8.04238770515324,-0.17630666710688048,0.1578905432617532,0.07774437213067055,0.30850781166967794,0.34558823529411764,0.32103743528474715,0,13.33854748603352,0,Zone_5,Aadhya Iyer,34,Female,Jaipur,2021-02-01,163,31,4.63,0,0,2,0,Low,75.32,0.46208588957055213,1127.31,6.91601226993865,2036,0.1901840490797546,2590,1.31,43.9,Business
T01654,R0125,12.14,94.46,296.53,2023-06-03,1,1.8939003166211874,0.8747780621279228,0,5,6,0,0,1,0,1,0,0,0,0,0,0,0,0,0,5.695515060237774,2.5756610130564646,9.719053451854249,1.927611349763672,0.8747780621279228,0.9056195351153649,0.7792007652247847,0.4690402476780186,0.46928514536041416,0,24.42586490939044,1,Zone_1,Saanvi Ghosh,44,Male,Ahmedabad,2023-04-22,99,19,3.89,0,5,4,1,Low,55.769999999999996,0.5633333333333332,1116.76,11.28040404040404,1226,0.1919191919191919,4921,2.43,30.9,Residential
T01655,R0196,14.55,91.15,168.41,2024-05-10,0,0.3954314072693221,1.4163764697979753,0,4,5,1,0,0,0,0,0,0,0,0,0,1,0,0,0,5.132321812352855,2.744060638625243,9.547250913221042,0.40599703239728663,1.4163764697979753,0.8136025173356695,0.43878201721755766,0.5623065015479877,0.4528076463560335,0,11.574570446735395,0,Zone_6,Vivaan Das,18,Male,Hyderabad,2019-06-24,51,9,4.93,0,0,6,1,Low,95.95,1.8813725490196078,1623.43,31.831960784313726,2624,0.17647058823529413,14627,0.54,37.6,Mixed
T01656,R0185,0.55,5.47,9.49,2023-06-10,0,-1.463268866491203,-1.7298383465425795,0,5,6,0,0,0,1,0,1,0,0,0,0,0,0,0,0,2.3504224224082058,0.4382549309311553,2.3388031127052997,-1.4814127967930506,-1.7298383465425795,-1.5682760576988721,0.016526729726857266,0.020510835913312698,0.026284348864994023,0,17.254545454545454,0,Zone_10,Vivaan Sharma,27,Male,Delhi,2021-08-27,201,12,4.05,0,4,8,1,Medium,43.730000000000004,0.21756218905472638,744.08,3.7018905472636816,1829,0.05970149253731343,2440,1.54,35.4,Industrial
T01657,R0246,12.92,108.63,201.25,2023-08-16,0,0.7795222516582955,1.0500671733240392,0,2,8,1,0,0,0,0,0,0,1,0,0,0,0,0,0,5.309504555938601,2.6333266549062735,10.422571659624126,0.7960205586407467,1.0500671733240392,1.2995413302628842,0.5260388989265596,0.49922600619195046,0.5398247710075667,0,15.576625386996904,0,Zone_3,Vivaan Das,29,Other,Mumbai,2021-03-31,240,34,4.79,0,2,3,2,Medium,83.74,0.34891666666666665,1550.55,6.460624999999999,1978,0.14166666666666666,12971,2.11,38.0,Business
T01658,R0184,5.68,33.74,133.83,2024-03-30,0,-0.009010170044036415,-0.5769753459835049,0,5,3,0,0,1,0,1,0,0,0,0,0,0,0,0,0,4.904014725645983,1.8991179875485542,5.808614292583043,-0.004691564968695209,-0.5769753459835049,-0.7823784466318029,0.34690190243383995,0.21904024767801858,0.16701513341298288,0,23.561619718309863,0,Zone_1,Meera Nair,29,Female,Surat,2020-03-04,285,27,3.97,0,2,3,0,Medium,69.16,0.24266666666666664,1212.72,4.2551578947368425,2370,0.09473684210526316,4921,2.43,30.9,Residential
T01659,R0086,7.64,68.83,107.37,2023-07-01,0,-0.3184816603769304,-0.13650527169582719,0,5,7,0,0,1,0,0,0,0,0,0,0,0,0,1,0,4.685551297934904,2.1564025828159643,8.296384754819414,-0.31894316376290827,-0.13650527169582719,0.19311314064599883,0.2765968753321288,0.2948916408668731,0.34169653524492233,0,14.05366492146597,0,Zone_8,Vivaan Patel,23,Male,Hyderabad,2019-11-08,337,17,4.56,0,4,11,1,High,64.68,0.19192878338278935,1129.82,3.352581602373887,2487,0.050445103857566766,4516,1.93,31.0,Business
T01660,R0095,7.47,54.57,181.06,2023-03-09,1,0.5433835747943073,-0.17470930875139104,0,3,3,0,0,1,0,1,0,0,0,0,0,0,0,0,0,5.204336303077143,2.136530508663963,7.387151006985034,0.5562344747535525,-0.17470930875139104,-0.20331062779462392,0.47239345307684133,0.288312693498452,0.2707088809239347,0,24.238286479250334,1,Zone_1,Kavya Iyer,29,Female,Chennai,2020-10-07,481,77,4.26,0,2,10,0,High,114.75,0.23856548856548856,1879.6100000000001,3.907713097713098,2153,0.1600831600831601,4921,2.43,30.9,Residential
T01661,R0173,5.75,37.23,46.87,2023-11-15,0,-1.0260789833225117,-0.561244271901802,0,2,11,0,0,1,0,0,0,0,0,0,1,0,0,0,0,3.8684890034044175,1.9095425048844386,6.10163912403872,-1.0374700619885275,-0.561244271901802,-0.6853574822659002,0.11584652991816345,0.22174922600619196,0.18438868976503384,0,8.151304347826086,0,Zone_5,Saanvi Ghosh,26,Other,Mumbai,2020-01-15,389,55,4.28,0,2,1,2,High,50.04,0.1286375321336761,861.47,2.2145758354755785,2419,0.14138817480719795,2590,1.31,43.9,Business
T01662,R0149,3.55,31.84,59.18,2024-05-27,0,-0.8821033957942453,-1.0556494573267463,0,0,5,0,1,0,0,0,0,0,0,1,0,0,0,0,0,4.0973400712018995,1.5151272329628591,5.642694391866354,-0.891270622035513,-1.0556494573267463,-0.8351978828195437,0.14855457540652567,0.13660990712074303,0.15755675029868577,0,16.67042253521127,0,Zone_4,Diya Reddy,30,Male,Jaipur,2019-09-14,89,8,4.57,0,5,9,1,Low,42.42,0.4766292134831461,661.12,7.428314606741573,2542,0.0898876404494382,4038,2.46,48.2,Business
T01663,R0294,9.4,87.11,128.34,2023-09-18,0,-0.07322024116752811,0.2590188766441284,0,0,9,1,0,0,0,0,0,0,0,1,0,0,0,0,0,4.862444596018447,2.341805806147327,9.333273809334,-0.06989342730354903,0.2590188766441284,0.7012917161785784,0.3323148049739611,0.3630030959752322,0.43269613699721227,0,13.653191489361703,0,Zone_4,Arjun Reddy,24,Male,Surat,2021-04-02,41,7,3.2,0,4,4,1,Low,56.68,1.3824390243902438,835.4,20.37560975609756,1976,0.17073170731707318,4038,2.46,48.2,Business
T01664,R0283,12.06,77.85,274.76,2024-03-08,0,1.639282238595976,0.8567996917488339,0,4,3,0,0,0,1,0,0,0,0,0,1,0,0,0,0,5.61953092220861,2.569554123848285,8.823264701911645,1.6690604311790154,0.8567996917488339,0.44386646402148383,0.7213572111807843,0.4659442724458205,0.3865989645559538,0,22.782752902155885,0,Zone_5,Diya Nair,19,Male,Surat,2023-06-15,245,45,3.55,0,3,6,1,Medium,55.97,0.22844897959183674,1013.23,4.135632653061225,1172,0.1836734693877551,2590,1.31,43.9,Business
T01665,R0293,1.7000000000000002,9.4,23.4,2023-02-13,0,-1.300579961331318,-1.4713992723431766,0,0,2,0,0,0,1,1,0,0,0,0,0,0,0,0,0,3.1945831322991562,0.9932517730102834,3.0659419433511785,-1.3162109925894412,-1.4713992723431766,-1.459023223900019,0.053486024019555746,0.065015479876161,0.04584826762246118,0,13.764705882352938,0,Zone_1,Arjun Kumar,39,Female,Delhi,2019-10-01,248,44,3.2,0,1,10,0,Medium,22.42,0.09040322580645162,401.42,1.6186290322580645,2525,0.1774193548387097,4921,2.43,30.9,Residential
T01666,R0247,7.9,54.08,140.92,2024-05-03,0,0.07391321871107355,-0.07807556796378816,0,4,5,0,0,0,1,0,0,0,0,0,0,0,0,0,1,4.955263518561269,2.186051276738094,7.353910524340094,0.07951266161675309,-0.07807556796378816,-0.21693248239040974,0.365740248698055,0.30495356037151705,0.26826961369972124,0,17.837974683544303,0,Zone_9,Aadhya Das,37,Male,Bengaluru,2021-05-11,249,47,4.92,0,1,5,1,Medium,133.48,0.5360642570281124,2367.44,9.507791164658634,1937,0.18875502008032127,11037,1.83,56.1,Mixed
T01667,R0112,4.85,26.32,50.99,2024-08-21,0,-0.9778921904210934,-0.763500938666552,0,2,8,0,0,0,1,0,0,0,0,0,0,1,0,0,0,3.9510513923956245,1.766441661243765,5.130302135352264,-0.9885389740432455,-0.763500938666552,-0.988652244796559,0.12679349558932937,0.18691950464396284,0.13007765830346474,0,10.513402061855672,0,Zone_6,Meera Nair,41,Female,Delhi,2020-11-13,311,11,3.24,0,4,11,0,Medium,89.53,0.28787781350482317,1150.27,3.6986173633440513,2116,0.03536977491961415,14627,0.54,37.6,Mixed
T01668,R0012,13.48,88.12,180.67,2023-09-08,0,0.5388222036216,1.1759157659776616,0,4,9,0,1,0,0,0,0,0,0,0,0,0,0,0,1,5.202191854450653,2.6727683869575705,9.387225362161068,0.5516026484674699,1.1759157659776616,0.7293694164678513,0.47135721118078433,0.5208978328173375,0.4377240143369176,0,13.402818991097922,0,Zone_9,Aarav Das,31,Female,Hyderabad,2022-01-19,248,11,3.31,0,2,1,0,Medium,29.11,0.11737903225806451,352.76,1.4224193548387096,1684,0.04435483870967742,11037,1.83,56.1,Mixed
T01669,R0018,10.47,104.34,254.12,2023-02-11,1,1.3978804411480952,0.4994795804644423,0,5,2,0,1,0,0,0,0,0,0,0,0,0,0,0,1,5.541734022701802,2.4397349311412793,10.214695296483395,1.4239299323463417,0.4994795804644423,1.180280603291617,0.6665161016048464,0.4044117647058824,0.5184687375547591,0,24.271251193887295,1,Zone_9,Aarav Reddy,49,Female,Delhi,2023-01-09,446,86,3.29,0,0,1,0,High,54.19,0.12150224215246637,1044.33,2.3415470852017934,1329,0.19282511210762332,11037,1.83,56.1,Mixed
T01670,R0027,15.54,102.56,248.87,2023-05-12,0,1.3364773676693464,1.6388588032392,0,4,5,0,0,0,1,0,0,0,0,0,0,0,0,0,1,5.520940782615359,2.805781689595545,10.12719112093773,1.3615784246490772,1.6388588032392,1.130797131494681,0.6525666914656181,0.6006191950464397,0.5096077260055755,0,16.014800514800516,0,Zone_9,Ishaan Iyer,39,Male,Jaipur,2019-10-05,403,61,3.98,0,5,10,1,High,57.83,0.14349875930521092,827.28,2.052803970223325,2521,0.1513647642679901,11037,1.83,56.1,Mixed
T01671,R0132,0.26,2.04,3.27,2023-12-06,0,-1.5390578028992588,-1.7950099391667766,0,2,12,0,0,0,1,0,0,0,0,0,0,0,0,0,1,1.451613827240533,0.23111172096338664,1.42828568570857,-1.555284487817238,-1.7950099391667766,-1.6636290398693725,0.0,0.009287925696594429,0.0092094782954998,0,12.576923076923077,0,Zone_9,Aadhya Iyer,23,Male,Surat,2022-12-09,484,25,3.32,0,4,12,1,High,69.39999999999999,0.1433884297520661,1091.99,2.2561776859504135,1360,0.05165289256198347,11037,1.83,56.1,Mixed
T01672,R0263,13.17,85.57,307.13,2024-03-08,0,2.0178760459306613,1.1062495807586918,0,4,3,0,0,0,1,0,1,0,0,0,0,0,0,0,0,5.730521771845822,2.6511270537025893,9.250405396521819,2.0535020129238633,1.1062495807586918,0.6584801731632516,0.8073652885535125,0.5089009287925697,0.42502986857825564,0,23.320425208807897,0,Zone_10,Ishaan Das,31,Other,Chennai,2020-12-30,297,21,3.84,0,2,12,2,Medium,104.61999999999999,0.3522558922558922,1547.67,5.2110101010101015,2069,0.0707070707070707,2440,1.54,35.4,Industrial
T01673,R0065,8.81,81.96,76.13,2023-12-21,0,-0.6838591871342852,0.1264283950983479,0,3,12,1,0,0,0,0,0,0,0,0,0,0,0,0,1,4.345492309945908,2.2834022735772717,9.053176238205019,-0.6899643257557735,0.1264283950983479,0.558123244406544,0.19359124242746303,0.34017027863777094,0.40705894066109116,0,8.641316685584561,0,Zone_9,Meera Nair,43,Other,Mumbai,2023-06-28,180,32,4.52,0,2,6,2,Medium,24.520000000000003,0.13622222222222224,426.71,2.370611111111111,1159,0.17777777777777778,11037,1.83,56.1,Mixed
T01674,R0195,4.37,36.96,84.07,2023-05-31,0,-0.5909943483873775,-0.8713711609410852,0,2,5,1,0,0,0,0,1,0,0,0,0,0,0,0,0,4.443474446987793,1.6808279085207734,6.079473661428265,-0.5956650931621964,-0.8713711609410852,-0.6928634021452107,0.2146880646189818,0.168343653250774,0.18304460374352846,0,19.23798627002288,0,Zone_10,Aadhya Reddy,33,Male,Kolkata,2021-05-27,72,10,4.97,0,3,5,1,Low,70.32000000000001,0.9766666666666668,1044.17,14.502361111111112,1921,0.1388888888888889,2440,1.54,35.4,Industrial
T01675,R0138,10.45,53.5,170.59,2024-03-12,0,0.4209283025424026,0.49498498786966977,0,1,3,0,0,0,1,1,0,0,0,0,0,0,0,0,0,5.14510791029753,2.4379897300002487,7.314369419163897,0.43188775368872223,0.49498498786966977,-0.233056310279299,0.4445743437134658,0.4036377708978328,0.26538231780167265,0,16.3244019138756,0,Zone_1,Ishaan Das,46,Male,Kolkata,2022-07-28,13,0,3.53,0,3,7,1,Low,31.25,2.4038461538461537,521.48,40.113846153846154,1494,0.0,4921,2.43,30.9,Residential
T01676,R0213,15.83,84.55,300.77,2024-06-26,0,1.943490608344977,1.7040303958633973,0,2,6,0,0,1,0,1,0,0,0,0,0,0,0,0,0,5.709665137814357,2.8231630082027146,9.195107394696377,1.9779676150277485,1.7040303958633973,0.6301244758414118,0.7904665745562759,0.611842105263158,0.4199522102747909,0,19.0,0,Zone_1,Kavya Ghosh,29,Female,Chennai,2019-06-04,456,26,3.74,0,1,6,0,High,61.089999999999996,0.13396929824561402,1064.3999999999999,2.3342105263157893,2644,0.05701754385964912,4921,2.43,30.9,Residential
T01677,R0089,16.02,96.02,276.89,2023-08-11,0,1.6641943426930683,1.7467290255137333,0,4,8,0,0,1,0,0,1,0,0,0,0,0,0,0,0,5.627225351934046,2.834389123145228,9.798979538707078,1.69435732858762,1.7467290255137333,0.9489870721958258,0.727016686151557,0.6191950464396285,0.4770509757068897,0,17.28401997503121,0,Zone_10,Saanvi Reddy,48,Other,Surat,2022-09-21,308,6,3.91,0,2,9,2,Medium,89.83,0.29165584415584417,1415.55,4.595941558441559,1439,0.01948051948051948,2440,1.54,35.4,Industrial
T01678,R0147,12.11,103.45,251.23,2024-06-18,0,1.3640795111759838,0.8680361732357641,0,1,6,1,0,0,0,0,0,0,0,0,0,0,0,0,1,5.530341369668184,2.5733752977756086,10.171037311896953,1.3896069119187044,0.8680361732357641,1.155538867393149,0.658837283452014,0.4678792569659443,0.5140382317801673,0,20.745664739884393,0,Zone_9,Saanvi Nair,35,Other,Mumbai,2022-08-29,239,21,3.91,0,0,8,2,Medium,63.55,0.26589958158995813,1021.8,4.27531380753138,1462,0.08786610878661087,11037,1.83,56.1,Mixed
T01679,R0204,3.04,18.36,46.52,2024-06-18,0,-1.0301725215544282,-1.1702615684934379,0,1,6,0,0,1,0,0,1,0,0,0,0,0,0,0,0,3.8611506750543896,1.3962446919730587,4.28485705712571,-1.041626829168345,-1.1702615684934379,-1.209937882719936,0.11491656924221491,0.1168730650154799,0.09045201115093589,0,15.30263157894737,0,Zone_10,Aarav Kumar,37,Female,Hyderabad,2019-01-01,438,5,3.73,0,1,1,0,High,67.81,0.15481735159817353,901.35,2.0578767123287673,2798,0.01141552511415525,2440,1.54,35.4,Industrial
T01680,R0067,9.55,70.55,139.31,2023-12-03,0,0.05508294284425744,0.29272832110492014,0,6,12,0,1,0,0,0,0,1,0,0,0,0,0,0,0,4.943854260405905,2.3561258599220753,8.399404740813482,0.06039153258959216,0.29272832110492014,0.24092863024753253,0.3614624295886917,0.36880804953560375,0.3502588610115492,0,14.587434554973822,0,Zone_2,Saanvi Iyer,32,Male,Pune,2022-07-24,348,9,3.38,0,6,7,1,High,113.07,0.32491379310344826,1846.81,5.3069252873563215,1498,0.02586206896551724,6371,0.91,58.4,Residential
T01681,R0090,9.71,84.65,212.98,2023-03-28,0,0.9167142615450997,0.3286850618630979,0,1,3,1,0,0,0,0,0,0,0,1,0,0,0,0,0,5.3658825527104606,2.3711778844596574,9.200543462209176,0.9353316415529204,0.3286850618630979,0.6329044461670826,0.5572058667233499,0.37500000000000006,0.42045001991238556,0,21.934088568486093,0,Zone_4,Kavya Iyer,33,Female,Mumbai,2021-01-31,152,25,4.51,0,6,1,0,Low,108.13000000000001,0.7113815789473685,1919.8799999999999,12.63078947368421,2037,0.16447368421052633,4038,2.46,48.2,Business
T01682,R0162,14.21,105.79,305.85,2023-05-26,0,2.002905391825367,1.3399683956868476,0,4,5,0,1,0,0,0,0,0,0,0,1,0,0,0,0,5.726359028835106,2.7219531062712017,10.285426583277916,2.038300121523388,1.3399683956868476,1.2205901730138404,0.8039642895100436,0.5491486068111455,0.5256869772998806,0,21.52357494722027,0,Zone_5,Meera Patel,30,Male,Hyderabad,2023-08-14,394,38,4.28,0,0,8,1,High,53.13,0.13484771573604062,936.9000000000001,2.3779187817258887,1112,0.09644670050761421,2590,1.31,43.9,Business
T01683,R0225,7.18,36.97,138.49,2023-08-13,0,0.04549236755805294,-0.23988090137558826,0,6,8,0,0,0,1,0,1,0,0,0,0,0,0,0,0,4.937992914104144,2.1016921506146558,6.080296045424104,0.05065282091116236,-0.23988090137558826,-0.6925854051126437,0.3592836645764694,0.2770897832817337,0.18309438470728792,0,19.2883008356546,0,Zone_10,Ishaan Sharma,39,Female,Delhi,2020-06-15,465,9,4.08,0,0,6,0,High,48.33,0.10393548387096774,672.9200000000001,1.4471397849462366,2267,0.01935483870967742,2440,1.54,35.4,Industrial
T01684,R0100,8.08,75.65,66.07,2023-05-28,0,-0.8015191717430876,-0.03762423461083824,0,6,5,0,0,1,0,0,1,0,0,0,0,0,0,0,0,4.205736850111646,2.206074192613202,8.697700845625814,-0.809441690981389,-0.03762423461083824,0.38270711685673164,0.1668615155701987,0.31191950464396284,0.375647152528873,0,8.176980198019802,0,Zone_10,Ishaan Gupta,28,Male,Delhi,2021-05-24,383,60,3.79,0,0,5,1,High,101.45,0.26488250652741513,1657.49,4.327650130548303,1924,0.1566579634464752,2440,1.54,35.4,Industrial
T01685,R0134,4.73,44.0,114.72,2024-07-02,1,-0.23251735750668215,-0.7904684942351852,0,1,7,0,1,0,0,0,1,0,0,0,0,0,0,0,0,4.751173480107934,1.7457155307266483,6.6332495807108,-0.23165105298673805,-0.7904684942351852,-0.4971534912180028,0.2961260495270486,0.18227554179566566,0.21809040223018716,0,24.253699788583507,1,Zone_10,Aadhya Singh,34,Male,Jaipur,2022-07-30,410,29,4.59,0,5,7,1,High,55.82,0.13614634146341464,1084.4,2.644878048780488,1492,0.07073170731707316,2440,1.54,35.4,Industrial
T01686,R0209,11.34,91.7,149.77,2024-05-15,0,0.17742125686096463,0.6949943583370337,0,2,5,0,1,0,0,0,0,0,1,0,0,0,0,0,0,5.0157554967908276,2.5128460184772416,9.57601169589929,0.18461948887785634,0.6949943583370337,0.8288923541268576,0.38925496864704007,0.43808049535603716,0.4555455993628037,0,13.207231040564375,0,Zone_3,Vivaan Sharma,31,Other,Surat,2020-06-11,109,20,3.77,0,3,6,2,Low,58.52,0.5368807339449542,735.09,6.743944954128441,2271,0.1834862385321101,12971,2.11,38.0,Business
T01687,R0262,6.92,58.18,118.05,2024-02-17,0,-0.1935702651858758,-0.2983106051076271,0,5,2,0,0,1,0,1,0,0,0,0,0,0,0,0,0,4.779543572932872,2.0693912058263346,7.6275815302099526,-0.19210238239018748,-0.2983106051076271,-0.10295369903791647,0.30497396110107344,0.2670278637770898,0.2886798088410992,0,17.059248554913296,0,Zone_1,Meera Singh,30,Male,Ahmedabad,2019-04-21,6,0,3.35,0,6,4,1,Low,59.620000000000005,9.936666666666667,967.3599999999999,161.22666666666666,2688,0.0,4921,2.43,30.9,Residential
T01688,R0244,8.93,75.16,210.43,2024-02-20,0,0.8868899115697076,0.15339595066698106,0,1,2,1,0,0,0,0,0,0,0,0,0,0,0,0,1,5.353893974436778,2.295560478057081,8.669486720677297,0.9050466235285349,0.15339595066698106,0.3690852622609456,0.5504304389414391,0.3448142414860681,0.3732078853046595,0,23.564389697648377,0,Zone_9,Aadhya Iyer,24,Female,Kolkata,2019-04-22,27,1,3.13,0,0,4,0,Low,35.31,1.307777777777778,648.21,24.00777777777778,2687,0.037037037037037035,11037,1.83,56.1,Mixed
T01689,R0140,5.65,44.27,75.01,2024-04-26,0,-0.6969585094764181,-0.583717234875663,0,4,4,1,0,0,0,0,0,0,0,1,0,0,0,0,0,4.330864910577949,1.8946168546677629,6.653570470055908,-0.7032659807311898,-0.583717234875663,-0.4896475713386922,0.19061536826442768,0.2178792569659443,0.21943448825169257,0,13.276106194690266,0,Zone_4,Aadhya Nair,29,Female,Delhi,2020-04-17,499,45,4.92,0,4,4,0,High,34.81,0.06975951903807616,618.11,1.2386973947895792,2326,0.09018036072144289,4038,2.46,48.2,Business
T01690,R0108,8.24,47.99,153.95,2023-06-04,0,0.22630979917356817,-0.00166749385266044,0,6,6,0,1,0,0,0,0,1,0,0,0,0,0,0,0,5.043102484233757,2.2235418856535927,6.927481504847198,0.23426316548253523,-0.00166749385266044,-0.38623267522374716,0.40036135614836854,0.31811145510835914,0.23795300677021106,0,18.683252427184463,0,Zone_2,Reyansh Gupta,18,Male,Pune,2019-05-31,184,32,4.88,0,4,5,1,Medium,43.6,0.23695652173913045,874.89,4.754836956521739,2648,0.17391304347826086,6371,0.91,58.4,Residential
T01691,R0091,2.6,23.78,35.54,2023-11-27,0,-1.1585926638014115,-1.269142605578427,0,0,11,0,1,0,0,0,0,0,0,0,0,0,1,0,0,3.5984075509498608,1.2809338454620642,4.876474136094644,-1.1720305538380527,-1.269142605578427,-1.0592634910685914,0.08574237432245722,0.09984520123839011,0.11743329350856234,0,13.669230769230769,0,Zone_7,Meera Das,41,Other,Surat,2022-04-16,334,43,3.4,0,5,4,2,High,49.879999999999995,0.14934131736526945,903.61,2.7054191616766468,1597,0.12874251497005987,11070,0.64,45.2,Industrial
T01692,R0144,8.8,66.55,137.95,2023-02-07,0,0.0391766228573814,0.12418109880096186,0,1,2,0,0,0,1,0,0,0,1,0,0,0,0,0,0,4.934114156188513,2.2823823856765264,8.15781833580523,0.04423952297658634,0.12418109880096186,0.12972981722070986,0.3578488681050058,0.33978328173374617,0.33034647550776586,0,15.676136363636362,0,Zone_3,Ishaan Kumar,34,Other,Pune,2021-01-31,194,10,3.52,0,6,1,2,Medium,84.47,0.4354123711340206,1552.4499999999998,8.002319587628865,2037,0.05154639175257732,12971,2.11,38.0,Business
T01693,R0092,4.99,38.39,47.48,2024-06-18,0,-1.0189445309754572,-0.7320387905031464,0,1,6,1,0,0,0,0,0,1,0,0,0,0,0,0,0,3.881151341761059,1.7900914121273581,6.1959664298638675,-1.0302254106179882,-0.7320387905031464,-0.6531098264881215,0.11746731852481666,0.1923374613003096,0.19016328156113102,0,9.515030060120239,0,Zone_2,Aarav Nair,21,Male,Surat,2019-07-18,252,23,4.51,0,3,7,1,Medium,57.190000000000005,0.22694444444444448,860.6700000000001,3.415357142857143,2600,0.09126984126984126,6371,0.91,58.4,Residential
T01694,R0288,11.5,81.69,222.26,2024-02-27,0,1.0252515038084882,0.7309510990952115,0,1,2,0,1,0,0,0,0,1,0,0,0,0,0,0,0,5.408337011586586,2.5257286443082556,9.038252043398657,1.0455453542063706,0.7309510990952115,0.5506173245272337,0.5818631097885003,0.44427244582043346,0.40571485463958584,0,19.32695652173913,0,Zone_2,Diya Ghosh,42,Male,Ahmedabad,2021-08-30,43,5,4.56,0,0,8,1,Low,52.08,1.2111627906976743,795.6,18.50232558139535,1826,0.11627906976744186,6371,0.91,58.4,Residential
T01695,R0028,17.24,165.21,379.63,2024-02-16,0,3.438918603581705,2.0208991737948385,0,4,2,0,0,1,0,0,0,0,0,0,0,1,0,0,0,5.94182777466688,2.9036169846461855,12.853404218338424,2.9145466430289444,2.0208991737948385,2.8724485405272913,0.9999999999999999,0.6664086687306501,0.8214854639585822,0,22.02030162412993,0,Zone_6,Reyansh Sharma,20,Female,Surat,2023-11-11,249,21,3.79,0,5,11,0,Medium,84.88,0.34088353413654615,1499.51,6.022128514056225,1023,0.08433734939759036,14627,0.54,37.6,Mixed
T01696,R0063,12.23,64.78,266.78,2023-11-26,0,1.5459495669082777,0.8950037288043977,0,6,11,1,0,0,0,0,0,0,0,0,0,1,0,0,0,5.590165747869233,2.5824869781268642,8.048602363143553,1.5742861394791732,0.8950037288043977,0.08052434245634096,0.7001541077691571,0.4725232198142415,0.3215352449223417,0,21.813573180703187,0,Zone_6,Diya Iyer,34,Male,Surat,2023-04-21,329,33,4.83,0,4,4,1,High,67.55,0.2053191489361702,1244.56,3.7828571428571425,1227,0.10030395136778116,14627,0.54,37.6,Mixed
T01697,R0075,2.4,16.38,23.94,2023-08-14,0,-1.2942642166306468,-1.3140885315261488,0,0,8,0,0,1,0,0,1,0,0,0,0,0,0,0,0,3.2164729402518906,1.2237754316221157,4.047221268969612,-1.3097976946548655,-1.3140885315261488,-1.2649812951682131,0.05492082049101925,0.09210526315789475,0.08059538032656312,0,9.975000000000001,0,Zone_10,Diya Reddy,18,Female,Mumbai,2021-04-30,108,7,4.83,0,4,4,0,Low,47.15,0.43657407407407406,704.8100000000001,6.526018518518519,1948,0.06481481481481481,2440,1.54,35.4,Industrial
T01698,R0096,6.2,61.65,93.59,2023-01-25,0,-0.4796501084792463,-0.46011593851942695,0,2,1,0,0,1,0,0,0,0,1,0,0,0,0,0,0,4.549551762225079,1.9740810260220096,7.85175139698144,-0.4826010258711567,-0.46011593851942695,-0.006488728737147845,0.23998299500478265,0.23916408668730652,0.3059538032656312,0,15.095161290322581,0,Zone_3,Reyansh Das,40,Female,Kolkata,2019-12-28,121,3,4.46,0,5,12,0,Low,27.41,0.2265289256198347,354.95,2.933471074380165,2437,0.024793388429752067,12971,2.11,38.0,Business
T01699,R0119,0.05,0.48,3.27,2023-08-19,1,-1.5659581969947105,-1.8422031614118848,0,5,8,0,0,0,1,0,0,1,0,0,0,0,0,0,0,1.451613827240533,0.048790164169432,0.6928203230275509,-1.555284487817238,-1.8422031614118848,-1.7069965769498334,0.0,0.0011609907120743036,0.001443647949024293,0,65.39999999999999,1,Zone_2,Saanvi Iyer,47,Male,Hyderabad,2023-05-05,30,1,4.39,0,4,5,1,Low,29.23,0.9743333333333334,405.5,13.516666666666667,1213,0.03333333333333333,6371,0.91,58.4,Residential
T01700,R0237,8.07,47.69,107.17,2023-01-08,0,-0.3208208250808828,-0.039871530908224304,0,6,1,0,0,1,0,0,0,0,0,0,0,0,0,0,1,4.683704063642198,2.2049722641270453,6.905794668247818,-0.32131845929423264,-0.039871530908224304,-0.39457258620075897,0.27606546923158676,0.3115325077399381,0.2364595778574273,0,13.280049566294919,0,Zone_9,Aadhya Nair,40,Male,Chennai,2022-12-13,36,3,3.71,0,1,12,1,Low,97.37,2.7047222222222222,1759.7,48.88055555555556,1356,0.08333333333333333,11037,1.83,56.1,Mixed
T01701,R0224,0.87,7.64,14.27,2023-10-22,0,-1.4073628300667422,-1.657924865026224,0,6,10,0,1,0,0,0,0,0,0,0,0,0,0,1,0,2.725890119230541,0.6259384308664953,2.7640549922170505,-1.4246432335943984,-1.657924865026224,-1.5079507016318208,0.029227335529811882,0.03289473684210526,0.037086818000796495,0,16.402298850574713,0,Zone_8,Ishaan Sharma,29,Female,Ahmedabad,2020-08-04,200,1,4.31,0,1,8,0,Medium,41.71,0.20855,514.14,2.5707,2217,0.005,4516,1.93,31.0,Business
T01702,R0242,1.99,10.0,42.27,2023-05-11,0,-1.0798797715134152,-1.4062276797189794,0,3,5,0,0,1,0,1,0,0,0,0,0,0,0,0,0,3.7674595542367935,1.095273387402595,3.1622776601683795,-1.0921018592089877,-1.4062276797189794,-1.4423434019459955,0.10362418960569668,0.07623839009287926,0.04883512544802868,0,21.241206030150757,0,Zone_1,Kavya Iyer,34,Male,Ahmedabad,2022-06-05,445,8,4.54,0,6,6,1,High,26.27,0.05903370786516854,328.19,0.7375056179775281,1547,0.017977528089887642,4921,2.43,30.9,Residential
T01703,R0246,13.48,88.14,273.92,2023-02-19,0,1.6294577468393765,1.1759157659776616,0,6,2,0,0,0,1,0,0,0,1,0,0,0,0,0,0,5.616480146253404,2.6727683869575705,9.38829057922687,1.6590841899474535,1.1759157659776616,0.7299254105329853,0.7191253055585078,0.5208978328173375,0.4378235762644365,0,20.320474777448073,0,Zone_3,Vivaan Das,29,Other,Mumbai,2021-03-31,240,34,4.79,0,2,3,2,Medium,83.74,0.34891666666666665,1550.55,6.460624999999999,1978,0.14166666666666666,12971,2.11,38.0,Business
T01704,R0282,12.31,113.54,272.04,2024-07-15,0,1.6074695986222245,0.9129820991834866,0,0,7,0,0,0,1,0,0,0,0,0,1,0,0,0,0,5.609618304598452,2.58851563240702,10.655515003977987,1.6367564119530045,0.9129820991834866,1.4360378732533094,0.7141300882134127,0.4756191950464397,0.5642672242134608,0,22.09910641754671,0,Zone_5,Reyansh Kumar,22,Other,Bengaluru,2022-05-02,319,3,4.47,0,0,5,2,Medium,92.87,0.29112852664576805,1399.75,4.387931034482759,1581,0.009404388714733543,2590,1.31,43.9,Business
T01705,R0288,0.4,3.68,4.43,2023-11-12,0,-1.522449733501197,-1.763547791003371,0,6,11,0,0,1,0,0,0,0,0,0,0,0,1,0,0,1.691939133945844,0.33647223662121295,1.9183326093250879,-1.5415077737355567,-1.763547791003371,-1.6180375265283753,0.0030821553831437993,0.014705882352941178,0.017373556352050977,0,11.075,0,Zone_7,Diya Ghosh,42,Male,Ahmedabad,2021-08-30,43,5,4.56,0,0,8,1,Low,52.08,1.2111627906976743,795.6,18.50232558139535,1826,0.11627906976744186,11070,0.64,45.2,Industrial
T01706,R0164,5.76,42.24,86.96,2023-01-26,0,-0.5571934184152663,-0.558996975604416,0,3,1,0,0,1,0,0,0,0,0,0,0,1,0,0,0,4.47688216568656,1.9110228900548727,6.499230723708768,-0.5613420727345594,-0.558996975604416,-0.5460809689498047,0.22236688277181418,0.22213622291021673,0.2093289526085225,0,15.097222222222221,0,Zone_6,Aadhya Ghosh,37,Other,Ahmedabad,2022-07-06,249,23,4.02,0,2,7,2,Medium,100.28,0.40273092369477914,1758.49,7.062208835341366,1516,0.09236947791164658,14627,0.54,37.6,Mixed
T01707,R0266,10.32,54.32,189.21,2023-09-07,0,0.638704536480365,0.4657701360036505,0,3,9,0,0,1,0,0,0,0,0,0,0,0,0,1,0,5.24812872496475,2.4265710727750367,7.370210309075311,0.6530277676550202,0.4657701360036505,-0.21026055360880033,0.4940482516739292,0.3986068111455109,0.26946435682994824,0,18.334302325581394,0,Zone_8,Diya Reddy,29,Other,Chennai,2020-09-25,98,13,3.9,0,4,9,2,Low,72.97,0.7445918367346939,1247.45,12.729081632653061,2165,0.1326530612244898,4516,1.93,31.0,Business
T01708,R0080,9.96,61.44,140.62,2024-08-03,0,0.07040447165514525,0.3848674692977507,0,5,8,0,0,1,0,0,0,0,0,0,0,0,0,1,0,4.953147414223628,2.3942522815198695,7.83836717690617,0.07594971831976675,0.3848674692977507,-0.01232666642105606,0.364943139547242,0.38467492260061925,0.3049084030266826,0,14.118473895582328,0,Zone_8,Reyansh Kumar,19,Female,Mumbai,2021-05-15,34,6,4.6,0,5,5,0,Low,55.11,1.6208823529411764,843.6800000000001,24.814117647058826,1933,0.17647058823529413,4516,1.93,31.0,Business
T01709,R0285,0.14,0.74,3.27,2023-10-24,0,-1.5605781181756202,-1.8219774947354097,0,1,10,0,0,0,1,0,0,0,0,0,0,0,0,1,0,1.451613827240533,0.13102826240640408,0.8602325267042626,-1.555284487817238,-1.8219774947354097,-1.6997686541030899,0.0,0.004643962848297214,0.002737953006770211,0,23.357142857142854,0,Zone_8,Diya Iyer,29,Female,Chennai,2019-01-10,244,16,4.97,0,3,1,0,Medium,62.89,0.25774590163934424,1105.3799999999999,4.5302459016393435,2789,0.06557377049180328,4516,1.93,31.0,Business
T01710,R0230,9.3,86.41,197.64,2023-12-14,0,0.7373003287519556,0.23654591367026737,0,3,12,0,0,1,0,0,1,0,0,0,0,0,0,0,0,5.2914941411999115,2.33214389523559,9.29569792968769,0.7531464743003419,0.23654591367026737,0.6818319238988844,0.5164470188117759,0.35913312693498456,0.42921146953405015,0,21.251612903225805,0,Zone_10,Kavya Gupta,32,Male,Chennai,2022-11-22,183,23,3.65,0,1,11,1,Medium,58.66,0.32054644808743166,908.22,4.962950819672131,1377,0.12568306010928962,2440,1.54,35.4,Industrial
T01711,R0037,4.96,33.86,69.47,2023-10-06,0,-0.7617533717758979,-0.7387806793953047,0,4,10,1,0,0,0,0,0,0,1,0,0,0,0,0,0,4.255187087338931,1.7850704810772584,5.818934610390462,-0.7690616669488747,-0.7387806793953047,-0.7790424822409983,0.17589541927941332,0.1911764705882353,0.16761250497809635,0,14.006048387096774,0,Zone_3,Aadhya Iyer,32,Other,Ahmedabad,2020-11-21,489,6,3.36,0,5,11,2,High,78.09,0.15969325153374234,1314.66,2.6884662576687117,2108,0.012269938650306749,12971,2.11,38.0,Business
T01712,R0141,13.99,128.6,165.65,2023-11-08,0,0.36315093435477996,1.2905278771443531,0,2,11,0,0,1,0,0,0,1,0,0,0,0,0,0,0,5.115895804753749,2.7073833121145063,11.34019400186787,0.3732179540650105,1.2905278771443531,1.8547014042992966,0.4314486130300776,0.5406346749226006,0.6392373556352051,0,11.84060042887777,0,Zone_2,Arjun Das,25,Other,Jaipur,2019-07-08,53,0,4.29,0,0,7,2,Low,30.32,0.5720754716981132,542.7,10.239622641509435,2610,0.0,6371,0.91,58.4,Residential
T01713,R0030,7.0,59.57,169.64,2024-03-26,1,0.4098172701986288,-0.2803322347285382,0,1,3,0,0,0,1,0,0,0,0,0,0,0,0,0,1,5.139556074163095,2.0794415416798357,7.718160402582988,0.4206050999149313,-0.2803322347285382,-0.06431211151109559,0.44205016473589115,0.27012383900928794,0.2955993628036639,0,24.23428571428571,1,Zone_9,Saanvi Patel,25,Other,Mumbai,2021-01-08,442,58,3.72,0,4,1,2,High,81.05,0.1833710407239819,1585.25,3.5865384615384617,2060,0.13122171945701358,11037,1.83,56.1,Mixed
T01714,R0246,9.8,51.41,202.66,2024-02-14,0,0.7960133628211594,0.3489107285395729,0,2,2,1,0,0,0,1,0,0,0,0,0,0,0,0,0,5.316451936743519,2.379546134130174,7.170076708097341,0.8127663921365834,0.3489107285395729,-0.29115769008581394,0.529785311935381,0.37848297213622295,0.2549780963759458,0,20.67959183673469,0,Zone_1,Vivaan Das,29,Other,Mumbai,2021-03-31,240,34,4.79,0,2,3,2,Medium,83.74,0.34891666666666665,1550.55,6.460624999999999,1978,0.14166666666666666,4921,2.43,30.9,Residential
T01715,R0199,7.45,63.51,105.16,2023-01-03,0,-0.34432943035560376,-0.17920390134616318,0,1,1,1,0,0,0,0,0,0,0,0,0,0,0,0,1,4.664947390023952,2.134166441369082,7.969316156358712,-0.34519017938404256,-0.17920390134616318,0.045218719320324674,0.2707248379211393,0.2875386996904025,0.3152130625248905,0,14.115436241610738,0,Zone_9,Aarav Das,29,Male,Ahmedabad,2021-08-03,344,27,3.91,0,1,8,1,High,85.15,0.24752906976744188,1600.5,4.652616279069767,1853,0.07848837209302326,11037,1.83,56.1,Mixed
T01716,R0178,11.33,112.89,208.08,2023-03-29,0,0.8594047262982678,0.6927470620396476,0,2,3,0,0,1,0,0,0,0,0,1,0,0,0,0,0,5.342716953844721,2.512035317176253,10.624970588194586,0.8771369010354738,0.6927470620396476,1.4179680661364504,0.5441864172600702,0.4376934984520124,0.561031461569096,0,18.36540158870256,0,Zone_4,Saanvi Ghosh,27,Male,Delhi,2021-05-15,56,7,3.13,0,5,5,1,Low,63.260000000000005,1.1296428571428572,1040.54,18.581071428571427,1933,0.125,4038,2.46,48.2,Business
T01717,R0048,4.16,32.72,51.0,2023-12-22,0,-0.977775232185896,-0.9185643831861935,0,4,12,0,0,0,1,1,0,0,0,0,0,0,0,0,0,3.9512437185814275,1.6409365794934714,5.720139858430037,-0.9884202092666794,-0.9185643831861935,-0.8107341439536427,0.12682006589435646,0.1602167182662539,0.16193747510951811,0,12.259615384615385,0,Zone_1,Kavya Sharma,35,Male,Hyderabad,2019-05-31,207,1,3.02,0,4,5,1,Medium,29.13,0.14072463768115942,506.28000000000003,2.4457971014492754,2648,0.004830917874396135,4921,2.43,30.9,Residential
T01718,R0087,11.34,62.28,219.31,2023-11-24,0,0.9907488244251913,0.6949943583370337,0,4,11,0,0,0,1,0,1,0,0,0,0,0,0,0,0,5.395035645424474,2.5128460184772416,7.891767862779544,1.0105097451193366,0.6949943583370337,0.011025084314576794,0.5740248698055054,0.43808049535603716,0.3090900039824771,0,19.339506172839506,0,Zone_10,Saanvi Das,26,Female,Jaipur,2021-05-11,362,33,3.57,0,1,5,0,High,26.57,0.07339779005524862,373.55,1.0319060773480664,1937,0.09116022099447514,2440,1.54,35.4,Industrial
T01719,R0146,14.04,90.79,208.19,2023-05-21,0,0.8606912668854414,1.3017643586312833,0,6,5,0,0,0,1,0,0,0,0,0,0,1,0,0,0,5.343242929901029,2.7107133185216936,9.528378665859162,0.878443313577702,1.3017643586312833,0.8035946241632554,0.5444786906153682,0.5425696594427245,0.45101553166069297,0,14.828347578347579,0,Zone_6,Kavya Gupta,30,Male,Surat,2020-04-15,80,11,3.89,0,2,4,1,Low,67.44,0.843,938.47,11.730875000000001,2328,0.1375,14627,0.54,37.6,Mixed
T01720,R0261,17.18,118.18,141.0,2023-08-22,0,0.07484888459265464,2.007415396010522,0,1,8,0,0,1,0,0,0,0,0,0,1,0,0,0,0,4.955827057601261,2.900322088749333,10.871062505569546,0.08046277982928299,2.007415396010522,1.5650284963644236,0.3659528111382719,0.6640866873065016,0.5873655913978495,0,8.20721769499418,0,Zone_5,Aarav Kumar,31,Male,Pune,2022-08-26,477,83,4.24,0,4,8,1,High,49.17,0.10308176100628931,649.73,1.3621174004192873,1465,0.1740041928721174,2590,1.31,43.9,Business
T01721,R0290,15.92,116.68,200.09,2023-06-22,0,0.765955096375372,1.7242560625398724,0,3,6,0,0,0,1,0,0,0,0,0,0,0,0,0,1,5.303752569037976,2.8284963541780774,10.80185169311262,0.7822438445590655,1.7242560625398724,1.5233289414793652,0.5229567435434159,0.6153250773993808,0.5798984468339308,0,12.568467336683417,0,Zone_9,Saanvi Kumar,34,Other,Chennai,2020-05-06,169,4,4.28,0,2,5,2,Medium,68.22,0.40366863905325445,1077.67,6.376745562130178,2307,0.023668639053254437,11037,1.83,56.1,Mixed
T01722,R0272,5.32,38.27,53.27,2023-09-12,0,-0.9512257127960368,-0.6578780126894047,0,1,9,0,1,0,0,0,0,0,0,0,1,0,0,0,0,3.9939715880753135,1.843719208158766,6.1862751312886175,-0.9614606049861478,-0.6578780126894047,-0.6564457908789262,0.13285152513550855,0.20510835913312694,0.18956590999601752,0,10.013157894736842,0,Zone_5,Kavya Ghosh,21,Male,Kolkata,2020-01-15,432,4,4.79,0,2,1,1,High,40.29,0.09326388888888888,691.76,1.6012962962962962,2419,0.009259259259259259,2590,1.31,43.9,Business
T01723,R0031,10.89,107.1,227.92,2023-09-24,0,1.0914498649303392,0.5938660249546589,0,6,9,0,1,0,0,0,0,0,0,0,0,1,0,0,0,5.4333725975409015,2.4756977107026903,10.348912986396204,1.1127662177428501,0.5938660249546589,1.2570077842801246,0.5969019024338399,0.42066563467492263,0.5322082835523696,0,20.929292929292927,0,Zone_6,Reyansh Nair,29,Female,Hyderabad,2023-04-27,230,21,4.62,0,3,4,0,Medium,27.05,0.11760869565217391,390.80999999999995,1.699173913043478,1221,0.09130434782608696,14627,0.54,37.6,Mixed
T01724,R0300,12.04,109.7,169.14,2024-04-27,0,0.403969358438748,0.8523050991540613,0,5,4,0,0,1,0,1,0,0,0,0,0,0,0,0,0,5.136621627547738,2.5680215564985067,10.47377677822093,0.41466686108662043,0.8523050991540613,1.3292870127475596,0.440721649484536,0.4651702786377709,0.5451513341298287,0,14.048172757475083,0,Zone_1,Saanvi Iyer,38,Female,Kolkata,2023-07-08,291,7,3.67,0,5,7,0,Medium,54.879999999999995,0.1885910652920962,996.77,3.4253264604810996,1149,0.024054982817869417,4921,2.43,30.9,Residential
T01725,R0103,10.95,103.94,253.26,2024-02-21,0,1.3878220329211,0.6073498027389753,0,2,2,0,0,1,0,0,0,0,0,0,0,1,0,0,0,5.538357365521977,2.4807312783775197,10.195096860746347,1.4137161615616467,0.6073498027389753,1.1691607219889348,0.6642310553725157,0.4229876160990712,0.5164774990043808,0,23.128767123287673,0,Zone_6,Ishaan Gupta,37,Other,Surat,2022-11-24,175,14,3.07,0,3,11,2,Medium,71.43,0.40817142857142863,1236.44,7.065371428571429,1375,0.08,14627,0.54,37.6,Mixed
T01726,R0057,11.77,69.51,128.9,2024-08-01,0,-0.06667057999646155,0.7916280991246364,0,3,8,0,0,1,0,0,0,0,0,0,0,0,0,1,0,4.866764923676554,2.547098670044448,8.337265738837884,-0.06324259981584078,0.7916280991246364,0.21201693886055886,0.33380274205547883,0.4547213622291022,0.3450816407805655,0,10.951571792693288,0,Zone_8,Aadhya Reddy,39,Male,Bengaluru,2023-06-04,407,11,3.66,0,6,6,1,High,100.32,0.24648648648648647,1584.1100000000001,3.8921621621621623,1183,0.02702702702702703,4516,1.93,31.0,Business
T01727,R0151,10.12,98.81,118.9,2023-07-18,0,-0.18362881519407828,0.42082421005592807,0,1,7,0,0,0,1,0,0,1,0,0,0,0,0,0,0,4.786658062033468,2.4087452888224363,9.940321926376429,-0.18200737638205883,0.42082421005592807,1.0265482442820348,0.3072324370283771,0.39086687306501544,0.4909398645957786,0,11.749011857707512,0,Zone_2,Meera Reddy,34,Male,Hyderabad,2023-02-25,394,56,5.0,0,5,2,1,High,62.91,0.15967005076142132,1114.0,2.8274111675126905,1282,0.14213197969543148,6371,0.91,58.4,Residential
T01728,R0140,5.27,31.51,112.62,2024-03-02,0,-0.2570785868981816,-0.6691144941763354,0,5,3,0,0,1,0,0,0,1,0,0,0,0,0,0,0,4.732859547128981,1.8357763546448294,5.613376880274475,-0.25659165606564377,-0.6691144941763354,-0.8443717848942566,0.2905462854713572,0.20317337461300308,0.15591397849462366,0,21.37001897533207,0,Zone_2,Aadhya Nair,29,Female,Delhi,2020-04-17,499,45,4.92,0,4,4,0,High,34.81,0.06975951903807616,618.11,1.2386973947895792,2326,0.09018036072144289,6371,0.91,58.4,Residential
T01729,R0255,9.04,70.88,187.66,2023-10-04,0,0.6205760100247343,0.17811620993822816,0,2,10,1,0,0,0,0,0,0,0,0,0,1,0,0,0,5.239946453221707,2.306577114263583,8.419026071939674,0.6346192272872564,0.17811620993822816,0.2501025323222454,0.4899298543947284,0.34907120743034054,0.3519016328156113,0,20.758849557522126,0,Zone_6,Reyansh Sharma,37,Female,Bengaluru,2021-07-06,475,42,3.12,0,1,7,0,High,72.02,0.15162105263157893,1262.22,2.6573052631578946,1881,0.08842105263157894,14627,0.54,37.6,Mixed
T01730,R0263,12.23,104.41,267.87,2023-10-03,0,1.5586980145448182,0.8950037288043977,0,1,10,1,0,0,0,0,0,1,0,0,0,0,0,0,0,5.594227991413127,2.5824869781268642,10.218121158021175,1.5872315001248913,0.8950037288043977,1.1822265825195863,0.7030502710171113,0.4725232198142415,0.5188172043010753,0,21.902698282910876,0,Zone_2,Ishaan Das,31,Other,Chennai,2020-12-30,297,21,3.84,0,2,12,2,Medium,104.61999999999999,0.3522558922558922,1547.67,5.2110101010101015,2069,0.0707070707070707,6371,0.91,58.4,Residential
T01731,R0277,10.31,77.1,246.97,2024-07-26,0,1.3142553029817992,0.46352283970626446,0,4,7,1,0,0,0,0,0,0,0,0,0,0,0,0,1,5.513307771105859,2.425687290128029,8.780660567406077,1.3390131171014956,0.46352283970626446,0.4230166865789546,0.6475183335104687,0.3982198142414861,0.3828653922739944,0,23.954413191076622,0,Zone_9,Kavya Gupta,42,Female,Jaipur,2021-01-22,433,16,3.06,0,4,1,0,High,86.92999999999999,0.20076212471131638,1402.8,3.2397228637413393,2046,0.03695150115473441,11037,1.83,56.1,Mixed
T01732,R0234,2.52,23.94,57.04,2023-11-11,0,-0.9071324581265355,-1.2871209759575157,0,5,11,0,0,1,0,0,0,0,0,1,0,0,0,0,0,4.061132428015987,1.2584609896100056,4.892851929090027,-0.9166862842206839,-1.2871209759575157,-1.0548155385475184,0.1428685301307259,0.09674922600619196,0.11822978892871366,0,22.634920634920633,0,Zone_4,Saanvi Nair,32,Other,Pune,2022-12-01,183,31,3.98,0,3,12,2,Medium,63.46,0.34677595628415303,1138.75,6.222677595628415,1368,0.16939890710382513,4038,2.46,48.2,Business
T01733,R0193,3.61,27.51,31.75,2023-09-26,0,-1.2029198349413082,-1.0421656795424297,0,1,9,0,0,0,1,1,0,0,0,0,0,0,0,0,0,3.488902962081261,1.528227857008557,5.244997616777343,-1.2170424041566492,-1.0421656795424297,-0.9555705979210792,0.07567222871718568,0.13893188854489164,0.1360015929908403,0,8.795013850415513,0,Zone_1,Kavya Singh,33,Female,Chennai,2022-01-03,389,68,4.41,0,0,1,0,High,56.09,0.14419023136246786,1005.6400000000001,2.5851928020565555,1700,0.17480719794344474,4921,2.43,30.9,Residential
T01734,R0158,5.95,38.13,50.62,2024-03-21,0,-0.9822196451234053,-0.5162983459540798,0,3,3,0,1,0,0,0,1,0,0,0,0,0,0,0,0,3.943909194290468,1.9387416595767009,6.174949392505173,-0.9929332707761956,-0.5162983459540798,-0.660337749334865,0.12581039430332658,0.22948916408668732,0.1888689765033851,0,8.507563025210084,0,Zone_10,Aarav Iyer,27,Male,Ahmedabad,2020-07-26,441,60,3.57,0,6,7,1,High,25.46,0.057732426303854875,384.87,0.8727210884353742,2226,0.1360544217687075,2440,1.54,35.4,Industrial
T01735,R0262,6.98,51.86,154.48,2024-08-09,0,0.23250858563904186,-0.2848268273233103,0,4,8,0,0,0,1,1,0,0,0,0,0,0,0,0,0,5.046517105984022,2.0769384114617173,7.201388754955532,0.2405576986405448,-0.2848268273233103,-0.2786478236202963,0.4017695823148049,0.2693498452012384,0.2572182397451215,0,22.13180515759312,0,Zone_1,Meera Singh,30,Male,Ahmedabad,2019-04-21,6,0,3.35,0,6,4,1,Low,59.620000000000005,9.936666666666667,967.3599999999999,161.22666666666666,2688,0.0,4921,2.43,30.9,Residential
T01736,R0053,8.79,75.14,113.83,2024-02-22,0,-0.24292664043927004,0.1219338025035754,0,3,2,0,0,0,1,0,0,0,0,0,0,0,0,1,0,4.743452773788098,2.281361456542419,8.668333173107735,-0.24222111810113148,0.1219338025035754,0.36852926819581167,0.2937612923796365,0.33939628482972134,0.3731083233771406,0,12.949943117178613,0,Zone_8,Arjun Reddy,45,Female,Delhi,2019-09-16,63,7,4.85,0,0,9,0,Low,44.0,0.6984126984126984,713.04,11.318095238095237,2540,0.1111111111111111,4516,1.93,31.0,Business
T01737,R0117,3.11,20.42,42.78,2023-11-22,0,-1.073914901518337,-1.1545304944117352,0,2,11,0,1,0,0,0,0,0,0,0,0,1,0,0,0,3.779177092094717,1.413423028508143,4.518849411078001,-1.0860448556041107,-1.1545304944117352,-1.1526704940111223,0.10497927516207886,0.11958204334365326,0.10070688968538433,0,13.755627009646304,0,Zone_6,Aadhya Gupta,21,Female,Ahmedabad,2021-06-12,369,37,3.16,0,5,6,0,High,29.189999999999998,0.07910569105691057,491.48,1.3319241192411924,1905,0.1002710027100271,14627,0.54,37.6,Mixed
T01738,R0290,11.97,114.96,223.25,2023-07-14,0,1.0368303690930523,0.8365740250723589,0,4,7,0,0,0,1,0,1,0,0,0,0,0,0,0,0,5.412761500938905,2.5626389983283526,10.721940122944167,1.0573030670864265,0.8365740250723589,1.475513451877831,0.5844935699861834,0.4624613003095976,0.5713361210673038,0,18.65079365079365,0,Zone_10,Saanvi Kumar,34,Other,Chennai,2020-05-06,169,4,4.28,0,2,5,2,Medium,68.22,0.40366863905325445,1077.67,6.376745562130178,2307,0.023668639053254437,2440,1.54,35.4,Industrial
T01739,R0177,1.29,9.66,22.62,2024-08-14,0,-1.3097027036767321,-1.5635384205360072,0,2,8,0,0,1,0,1,0,0,0,0,0,0,0,0,0,3.1620938107692163,0.8285518175661483,3.1080540535840107,-1.3254746451616062,-1.5635384205360072,-1.4517953010532754,0.051413540227441816,0.049148606811145516,0.04714257268020709,0,17.53488372093023,0,Zone_1,Ishaan Reddy,34,Other,Bengaluru,2023-02-15,489,63,4.48,0,2,2,2,High,115.74,0.23668711656441715,1866.76,3.8175051124744375,1292,0.12883435582822086,4921,2.43,30.9,Residential
T01740,R0300,10.64,86.27,177.69,2024-04-21,0,0.5039686495327104,0.5376836175200062,0,6,4,0,0,0,1,0,0,1,0,0,0,0,0,0,0,5.18565246089057,2.454447442303292,9.288164511893617,0.5162107450507369,0.5376836175200062,0.6779399654429455,0.46343926028270804,0.41099071207430343,0.42851453604141776,0,16.700187969924812,0,Zone_2,Saanvi Iyer,38,Female,Kolkata,2023-07-08,291,7,3.67,0,5,7,0,Medium,54.879999999999995,0.1885910652920962,996.77,3.4253264604810996,1149,0.024054982817869417,6371,0.91,58.4,Residential
T01741,R0233,10.53,61.59,204.16,2023-05-18,0,0.8135570981008019,0.5129633582487586,0,3,5,0,0,0,1,0,1,0,0,0,0,0,0,0,0,5.3237901625210675,2.4449523342809676,7.847929663293371,0.8305811086215161,0.5129633582487586,-0.00815671093255005,0.5337708576894462,0.40673374613003094,0.3056551174830745,0,19.388414055080723,0,Zone_10,Ishaan Iyer,30,Other,Hyderabad,2023-11-23,469,41,4.37,0,3,11,2,High,89.27,0.1903411513859275,1583.23,3.3757569296375265,1011,0.08742004264392324,2440,1.54,35.4,Industrial
T01742,R0154,11.22,103.83,129.65,2023-11-07,0,-0.05789871235664029,0.6680268027684005,0,1,11,0,1,0,0,1,0,0,0,0,0,0,0,0,0,4.872521991966622,2.503073953743449,10.189700682551965,-0.05433524157337443,0.6680268027684005,1.166102754630697,0.3357955149325114,0.43343653250774,0.5159299084030267,0,11.555258467023172,0,Zone_1,Kavya Patel,18,Other,Kolkata,2019-03-25,466,79,4.68,0,0,3,2,High,138.62,0.2974678111587983,2059.52,4.419570815450644,2715,0.16952789699570817,4921,2.43,30.9,Residential
T01743,R0269,7.33,71.96,182.95,2023-06-27,1,0.5654886812466567,-0.20617145691479652,0,1,6,0,0,0,1,1,0,0,0,0,0,0,0,0,0,5.214663981550784,2.1198634561787513,8.482924024179399,0.5786810175245676,-0.20617145691479652,0.28012621183948744,0.4774152407269635,0.28289473684210525,0.3572779769016328,0,24.95907230559345,1,Zone_1,Aadhya Sharma,41,Male,Mumbai,2019-05-19,423,16,3.41,0,6,5,1,High,63.06,0.14907801418439717,1458.77,3.4486288416075648,2660,0.037825059101654845,4921,2.43,30.9,Residential
T01744,R0287,1.25,9.95,28.87,2023-12-10,0,-1.2366038066782217,-1.5725276057255517,0,6,12,0,1,0,0,0,0,0,0,0,0,1,0,0,0,3.3968546322280186,0.8109302162163288,3.1543620591175006,-1.2512466598077199,-1.5725276057255517,-1.443733387108831,0.06801998086938038,0.04760061919504644,0.04858622062923138,0,23.096,0,Zone_6,Saanvi Singh,18,Other,Delhi,2021-12-17,320,34,3.33,0,4,12,2,Medium,40.28,0.12587500000000001,741.3399999999999,2.3166874999999996,1717,0.10625,14627,0.54,37.6,Mixed
T01745,R0251,6.24,56.42,132.09,2023-08-11,0,-0.029360902968421834,-0.4511267533298825,0,4,8,0,0,1,0,0,1,0,0,0,0,0,0,0,0,4.891025591098464,1.979621206397625,7.511324783285569,-0.025356636091217258,-0.4511267533298825,-0.15188117676971838,0.34227866935912427,0.24071207430340558,0.27991835921943453,0,21.16826923076923,0,Zone_10,Vivaan Iyer,46,Female,Mumbai,2020-01-13,213,26,4.48,0,0,1,0,Medium,38.41,0.18032863849765257,762.5799999999999,3.5801877934272297,2421,0.12206572769953052,2440,1.54,35.4,Industrial
T01746,R0129,8.84,87.37,134.25,2023-12-06,0,-0.004097924165736659,0.1331702839905061,0,2,12,1,0,0,0,1,0,0,0,0,0,0,0,0,0,4.907124917726591,2.286455711064162,9.347192091746056,0.0002965556470858009,0.1331702839905061,0.708519639025322,0.3480178552449782,0.3413312693498452,0.43399044205495824,0,15.186651583710407,0,Zone_1,Vivaan Singh,35,Male,Hyderabad,2022-10-08,158,10,3.9,0,5,10,1,Low,89.88,0.5688607594936709,1508.3,9.54620253164557,1422,0.06329113924050633,4921,2.43,30.9,Residential
T01747,R0115,7.59,43.96,73.02,2023-08-07,0,-0.720233198280744,-0.1477417531827577,0,0,8,0,0,1,0,0,0,1,0,0,0,0,0,0,0,4.30433532695801,2.150598735996164,6.63023378170031,-0.7269001712678673,-0.1477417531827577,-0.49826547934827103,0.1853278775640344,0.2929566563467492,0.21789127837514932,0,9.620553359683795,0,Zone_2,Aarav Ghosh,40,Female,Bengaluru,2020-03-01,170,15,4.4,0,6,3,0,Medium,83.48,0.49105882352941177,1425.97,8.388058823529413,2373,0.08823529411764706,6371,0.91,58.4,Residential
T01748,R0149,3.93,21.52,60.37,2023-03-21,0,-0.868185365805729,-0.9702521980260741,0,1,3,1,0,0,0,0,0,0,0,0,0,1,0,0,0,4.116921116401006,1.5953389880545987,4.638965401897281,-0.8771376136241331,-0.9702521980260741,-1.122090820428746,0.15171644170475077,0.1513157894736842,0.10618279569892473,0,15.361323155216283,0,Zone_6,Diya Reddy,30,Male,Jaipur,2019-09-14,89,8,4.57,0,5,9,1,Low,42.42,0.4766292134831461,661.12,7.428314606741573,2542,0.0898876404494382,14627,0.54,37.6,Mixed
T01749,R0231,14.42,94.87,118.1,2023-06-18,0,-0.19298547400988775,1.3871616179319557,0,6,6,0,0,1,0,0,0,0,0,1,0,0,0,0,0,4.779963476361254,2.7356653681351832,9.740123202506219,-0.1915085585073564,1.3871616179319557,0.9170174134506145,0.3051068126262089,0.5572755417956656,0.47132616487455203,0,8.19001386962552,0,Zone_4,Ishaan Nair,19,Other,Mumbai,2019-08-26,328,22,4.81,0,0,8,2,High,59.290000000000006,0.18076219512195124,731.53,2.230274390243902,2561,0.06707317073170732,4038,2.46,48.2,Business
T01750,R0226,9.62,84.01,199.49,2023-04-27,0,0.758937602263515,0.3084593951866226,0,3,4,0,0,0,1,0,0,0,0,1,0,0,0,0,0,5.3007643701910885,2.362739015813793,9.165696918401787,0.7751179579650924,0.3084593951866226,0.615112636082791,0.5213625252417898,0.37151702786377705,0.4172640382317802,0,20.73700623700624,0,Zone_4,Aarav Iyer,20,Other,Surat,2021-07-30,266,2,3.25,0,4,7,2,Medium,53.21,0.2000375939849624,906.6800000000001,3.408571428571429,1857,0.007518796992481203,4038,2.46,48.2,Business
T01751,R0201,6.03,54.85,125.96,2024-08-12,0,-0.101056301144561,-0.49831997557499086,0,0,8,0,0,0,1,0,0,0,0,0,0,0,0,0,1,4.843872076218154,1.9501867058225735,7.406078584514209,-0.09815944412630903,-0.49831997557499086,-0.19552671088274629,0.32599107237751085,0.23258513931888547,0.2721027479091995,0,20.888888888888886,0,Zone_9,Meera Reddy,37,Female,Delhi,2021-04-06,183,15,3.84,0,1,4,0,Medium,67.68,0.3698360655737705,1071.8,5.856830601092896,1972,0.08196721311475409,11037,1.83,56.1,Mixed
T01752,R0236,3.06,19.37,66.63,2023-09-16,0,-0.794969510572021,-1.1657669758986655,0,5,9,0,0,1,0,0,0,0,0,0,0,0,0,0,1,4.214051671586849,1.4011829736136414,4.401136216933078,-0.8027908634936807,-1.1657669758986655,-1.1818601824306634,0.1683494526517164,0.11764705882352942,0.09547988849064118,0,21.774509803921568,0,Zone_9,Arjun Gupta,28,Male,Ahmedabad,2020-08-10,61,1,3.36,0,0,8,1,Low,50.01,0.8198360655737704,768.54,12.599016393442623,2211,0.01639344262295082,11037,1.83,56.1,Mixed
T01753,R0213,8.34,47.98,174.62,2023-06-15,0,0.46806247132704215,0.020805469121200584,0,3,6,0,0,0,1,0,0,0,0,0,0,0,1,0,0,5.168322569931849,2.234306252240751,6.926759704219571,0.4797499586449081,0.020805469121200584,-0.38651067225631436,0.4552821766393878,0.3219814241486068,0.2379032258064516,0,20.937649880095925,0,Zone_7,Kavya Ghosh,29,Female,Chennai,2019-06-04,456,26,3.74,0,1,6,0,High,61.089999999999996,0.13396929824561402,1064.3999999999999,2.3342105263157893,2644,0.05701754385964912,11070,0.64,45.2,Industrial
T01754,R0177,14.29,93.41,240.82,2023-11-24,0,1.2423259883352649,1.3579467660659361,0,4,11,0,1,0,0,0,0,0,0,0,0,1,0,0,0,5.488193647746101,2.727199019940971,9.664884893261792,1.2659727795132714,1.3579467660659361,0.876429846695824,0.6311775959188011,0.5522445820433437,0.46405814416567104,0,16.85234429671099,0,Zone_6,Ishaan Reddy,34,Other,Bengaluru,2023-02-15,489,63,4.48,0,2,2,2,High,115.74,0.23668711656441715,1866.76,3.8175051124744375,1292,0.12883435582822086,14627,0.54,37.6,Mixed
T01755,R0159,8.18,58.92,158.71,2023-05-03,0,0.281981919127634,-0.015151271636977215,0,2,5,0,1,0,0,0,0,0,0,0,0,0,0,1,0,5.073359670668218,2.217027204632399,7.675936424958196,0.29079519912805524,-0.015151271636977215,-0.08238191862795423,0.413008821341269,0.3157894736842105,0.29236360015929913,0,19.402200488997558,0,Zone_8,Ishaan Singh,43,Female,Bengaluru,2020-05-21,79,2,4.9,0,3,5,0,Low,23.97,0.3034177215189873,424.89,5.378354430379747,2292,0.02531645569620253,4516,1.93,31.0,Business
T01756,R0211,7.84,40.8,64.65,2023-05-23,0,-0.8181272411411491,-0.09155934574810494,0,1,5,0,0,0,1,0,0,0,0,0,0,1,0,0,0,4.184337600748806,2.179286876649552,6.387487769068525,-0.8263062892537917,-0.09155934574810494,-0.586112541639461,0.1630885322563503,0.3026315789473684,0.20216049382716048,0,8.246173469387756,0,Zone_6,Arjun Reddy,36,Female,Mumbai,2021-04-04,435,17,3.63,0,6,4,0,High,46.08,0.10593103448275862,645.88,1.4847816091954023,1974,0.03908045977011494,14627,0.54,37.6,Mixed
T01757,R0105,8.33,57.68,108.7,2023-05-24,0,-0.3029262150956474,0.01855817282381452,0,2,5,1,0,0,0,0,0,0,0,0,1,0,0,0,0,4.697749367281185,2.2332350148592526,7.59473501841901,-0.3031474484796013,0.01855817282381452,-0.1168535506662693,0.28013072590073335,0.32159442724458204,0.28619076065312626,0,13.04921968787515,0,Zone_5,Diya Das,31,Female,Jaipur,2020-09-28,346,9,3.69,0,0,9,0,High,95.2,0.27514450867052026,1301.12,3.7604624277456646,2162,0.02601156069364162,2590,1.31,43.9,Business
T01758,R0043,8.6,80.57,101.45,2023-04-07,0,-0.3877209356139195,0.0792351728532394,0,4,4,0,1,0,0,0,0,0,0,0,0,0,1,0,0,4.629374874684909,2.2617630984737906,8.976079322287655,-0.38925191149010935,0.0792351728532394,0.5194816568797233,0.2608672547560846,0.3320433436532508,0.40013938669852644,0,11.796511627906977,0,Zone_7,Diya Kumar,28,Male,Ahmedabad,2021-12-10,85,16,4.68,0,4,12,1,Low,67.16,0.7901176470588235,862.5,10.147058823529411,1724,0.18823529411764706,11070,0.64,45.2,Industrial
T01759,R0240,6.83,61.99,86.6,2023-12-08,0,-0.5614039148823805,-0.31853627178410204,0,4,12,1,0,0,0,0,0,0,0,0,1,0,0,0,0,4.472780997942346,2.057962510002712,7.873372847769881,-0.5656176046909432,-0.31853627178410204,0.0029631703701321756,0.22141035179083854,0.26354489164086686,0.3076463560334528,0,12.67935578330893,0,Zone_5,Aarav Iyer,30,Male,Delhi,2020-05-18,174,2,4.07,0,0,5,1,Medium,92.12,0.5294252873563219,1221.47,7.0199425287356325,2295,0.011494252873563218,2590,1.31,43.9,Business
T01760,R0020,3.14,26.9,37.59,2023-01-11,0,-1.1346162255859,-1.1477886055195767,0,2,1,0,0,1,0,1,0,0,0,0,0,0,0,0,0,3.6529931755495273,1.420695787837223,5.186520991955976,-1.147683774641978,-1.1477886055195767,-0.9725284169076698,0.09118928685301309,0.12074303405572757,0.13296495420151333,0,11.971337579617835,0,Zone_1,Diya Das,35,Female,Chennai,2019-09-17,274,21,4.03,0,1,9,0,Medium,53.85,0.19653284671532847,746.06,2.722846715328467,2539,0.07664233576642336,4921,2.43,30.9,Residential
T01761,R0093,15.65,104.48,316.31,2023-09-08,0,2.1252437058420734,1.6635790625104474,0,4,9,0,0,1,0,0,0,0,0,0,0,0,0,0,1,5.7598792140080715,2.8124102164264526,10.22154587134451,2.162528077811652,1.6635790625104474,1.184172561747556,0.831756828568392,0.6048761609907122,0.5191656710473915,0,20.21150159744409,0,Zone_9,Diya Patel,33,Other,Surat,2019-05-30,119,18,3.77,0,3,5,2,Low,71.55000000000001,0.6012605042016808,1189.8899999999999,9.999075630252099,2649,0.15126050420168066,11037,1.83,56.1,Mixed
T01762,R0205,11.19,73.68,108.27,2023-08-14,0,-0.307955419209145,0.661284913876242,0,0,8,0,0,1,0,0,0,0,0,1,0,0,0,0,0,4.693821883582654,2.5006159434931803,8.583705493549974,-0.3082543338719487,0.661284913876242,0.3279417014410215,0.27898820278456793,0.43227554179566563,0.36584030266825973,0,9.675603217158177,0,Zone_4,Diya Singh,31,Other,Surat,2019-05-12,100,14,4.66,0,6,5,2,Low,25.549999999999997,0.25549999999999995,265.9,2.659,2667,0.14,4038,2.46,48.2,Business
T01763,R0247,18.59,135.95,379.63,2023-01-10,0,3.0982192644510476,2.324284173941964,0,1,1,0,0,1,0,0,0,1,0,0,0,0,0,0,0,5.94182777466688,2.9750192319564492,11.65975986030587,2.9145466430289444,2.324284173941964,2.059029223236083,0.9999999999999999,0.7186532507739939,0.675826363998407,0,20.42119419042496,0,Zone_2,Aadhya Das,37,Male,Bengaluru,2021-05-11,249,47,4.92,0,1,5,1,Medium,133.48,0.5360642570281124,2367.44,9.507791164658634,1937,0.18875502008032127,6371,0.91,58.4,Residential
T01764,R0195,10.49,74.13,100.92,2023-05-23,0,-0.3939197220793932,0.5039741730592144,0,1,5,1,0,0,0,0,0,0,0,0,0,0,1,0,0,4.624188191823853,2.4414770918606643,8.609878047916823,-0.39554644464811894,0.5039741730592144,0.3404515679065388,0.2594590285896482,0.4051857585139319,0.3680804460374353,0,9.620591039084843,0,Zone_7,Aadhya Reddy,33,Male,Kolkata,2021-05-27,72,10,4.97,0,3,5,1,Low,70.32000000000001,0.9766666666666668,1044.17,14.502361111111112,1921,0.1388888888888889,11070,0.64,45.2,Industrial
T01765,R0199,6.84,52.93,123.67,2023-02-06,0,-0.12783973700481513,-0.316288975486716,0,0,2,1,0,0,0,0,0,0,0,0,1,0,0,0,0,4.825670246356884,2.0592388343623163,7.275300681071539,-0.12535657795997288,-0.316288975486716,-0.24890214113562123,0.3199064725263046,0.26393188854489164,0.2625448028673835,0,18.08040935672515,0,Zone_5,Aarav Das,29,Male,Ahmedabad,2021-08-03,344,27,3.91,0,1,8,1,High,85.15,0.24752906976744188,1600.5,4.652616279069767,1853,0.07848837209302326,2590,1.31,43.9,Business
T01766,R0105,3.27,27.01,51.97,2023-09-07,0,-0.9664302833717272,-1.1185737536535574,0,3,9,0,0,1,0,0,0,0,0,0,0,0,0,0,1,3.9697257155564354,1.451613827240533,5.197114584074513,-0.9769000259397563,-1.1185737536535574,-0.9694704495494321,0.12939738548198532,0.12577399380804954,0.13351254480286737,0,15.892966360856269,0,Zone_9,Diya Das,31,Female,Jaipur,2020-09-28,346,9,3.69,0,0,9,0,High,95.2,0.27514450867052026,1301.12,3.7604624277456646,2162,0.02601156069364162,11037,1.83,56.1,Mixed
T01767,R0095,6.35,36.97,71.23,2023-12-03,0,-0.7411687223811173,-0.42640649405863545,0,6,12,1,0,0,0,0,0,0,0,0,0,1,0,0,0,4.2798554720627555,1.9947003132247452,6.080296045424104,-0.7481590662732203,-0.42640649405863545,-0.6925854051126437,0.18057179296418324,0.24496904024767802,0.18309438470728792,0,11.217322834645671,0,Zone_6,Kavya Iyer,29,Female,Chennai,2020-10-07,481,77,4.26,0,2,10,0,High,114.75,0.23856548856548856,1879.6100000000001,3.907713097713098,2153,0.1600831600831601,14627,0.54,37.6,Mixed
T01768,R0208,2.24,22.2,29.35,2023-07-20,0,-1.2309898113887363,-1.3500452722843268,0,3,7,0,0,0,1,1,0,0,0,0,0,0,0,0,0,3.4127965175055075,1.1755733298042381,4.711687595755898,-1.2455459505325415,-1.3500452722843268,-1.1031870222141864,0.06929535551068126,0.08591331269349847,0.1095679012345679,0,13.102678571428571,0,Zone_1,Aadhya Iyer,24,Other,Chennai,2020-01-08,356,53,4.75,0,2,1,2,High,49.42,0.13882022471910113,602.13,1.691376404494382,2426,0.14887640449438203,4921,2.43,30.9,Residential
T01769,R0057,18.49,177.45,379.63,2023-10-04,0,3.100558429154999,2.3018112109681024,0,2,10,0,0,0,1,0,1,0,0,0,0,0,0,0,0,5.94182777466688,2.9699015135194693,13.321035995747478,2.9145466430289444,2.3018112109681024,3.212716908389368,0.9999999999999999,0.7147832817337461,0.8824173636001592,0,20.531638723634398,0,Zone_10,Aadhya Reddy,39,Male,Bengaluru,2023-06-04,407,11,3.66,0,6,6,1,High,100.32,0.24648648648648647,1584.1100000000001,3.8921621621621623,1183,0.02702702702702703,2440,1.54,35.4,Industrial
T01770,R0295,7.91,47.55,76.49,2023-12-07,0,-0.6796486906671709,-0.0758282716664021,0,3,12,0,1,0,0,0,0,0,1,0,0,0,0,0,0,4.350148895775859,2.187174241482718,6.895650803223725,-0.6856887937993897,-0.0758282716664021,-0.3984645446566978,0.1945477734084387,0.3053405572755418,0.23576264436479488,0,9.670037926675095,0,Zone_3,Kavya Gupta,18,Female,Delhi,2019-05-29,98,18,3.59,0,2,5,0,Low,44.769999999999996,0.45683673469387753,524.04,5.34734693877551,2650,0.1836734693877551,12971,2.11,38.0,Business
T01771,R0023,11.93,97.65,269.07,2023-01-14,0,1.572733002768532,0.8275848398828142,0,5,1,0,1,0,0,0,0,0,0,0,1,0,0,0,0,5.59868118465576,2.559550192783766,9.881801455200362,1.6014832733128375,0.8275848398828142,0.9943005885042563,0.7062387076203634,0.46091331269349844,0.48516527279968147,0,22.55406538139145,0,Zone_5,Meera Iyer,24,Other,Jaipur,2019-10-09,176,32,3.21,0,2,10,2,Medium,64.91,0.36880681818181815,1195.62,6.793295454545454,2517,0.18181818181818182,2590,1.31,43.9,Business
T01772,R0157,12.81,112.98,252.86,2023-05-24,0,1.3831437035131955,1.025346914052792,0,2,5,0,1,0,0,0,0,0,0,0,0,1,0,0,0,5.536782933960031,2.6253929674212007,10.629205050237765,1.4089655704989983,1.025346914052792,1.4204700394295542,0.6631682431714316,0.49496904024767807,0.5614794902429311,0,19.739266198282593,0,Zone_6,Kavya Nair,36,Female,Hyderabad,2021-11-23,319,27,4.65,0,1,11,0,Medium,113.9,0.3570532915360502,1875.93,5.880658307210031,1741,0.08463949843260188,14627,0.54,37.6,Mixed
T01773,R0191,13.4,71.93,147.97,2023-09-12,0,0.1563687745253935,1.1579373955985726,0,1,9,1,0,0,0,0,1,0,0,0,0,0,0,0,0,5.003744943391502,2.667228206581955,8.481155581640984,0.16324182909593696,1.1579373955985726,0.2792922207417866,0.38447231374216173,0.5178018575851394,0.3571286340103545,0,11.042537313432835,0,Zone_10,Meera Gupta,33,Other,Surat,2020-08-14,87,6,4.56,0,4,8,2,Low,83.17,0.9559770114942528,1326.52,15.24735632183908,2207,0.06896551724137931,2440,1.54,35.4,Industrial
T01774,R0233,20.74,175.96,379.63,2023-10-01,0,3.6612562086923743,2.807452877879977,0,6,10,0,0,0,1,0,0,0,0,0,1,0,0,0,0,5.94182777466688,3.0791538816930633,13.264991519032344,2.9145466430289444,2.807452877879977,3.171295350536877,0.9999999999999999,0.8018575851393188,0.875,0,18.30424300867888,0,Zone_5,Ishaan Iyer,30,Other,Hyderabad,2023-11-23,469,41,4.37,0,3,11,2,High,89.27,0.1903411513859275,1583.23,3.3757569296375265,1011,0.08742004264392324,2590,1.31,43.9,Business
T01775,R0091,7.52,69.92,75.77,2023-05-17,0,-0.6880696836013994,-0.16347282726446052,0,2,5,0,0,1,0,0,0,0,1,0,0,0,0,0,0,4.3408139388398075,2.1424163408412245,8.361817984146748,-0.6942398577121573,-0.16347282726446052,0.2234148171958081,0.1926347114464874,0.29024767801857587,0.34712266029470334,0,10.075797872340425,0,Zone_3,Meera Das,41,Other,Surat,2022-04-16,334,43,3.4,0,5,4,2,High,49.879999999999995,0.14934131736526945,903.61,2.7054191616766468,1597,0.12874251497005987,12971,2.11,38.0,Business
T01776,R0146,7.09,40.39,119.95,2024-03-05,0,-0.17134820049832855,-0.2601065680520632,0,1,3,0,0,0,1,0,0,0,0,1,0,0,0,0,0,4.795377237056036,2.0906287310704004,6.355312738174259,-0.16953707484260597,-0.2601065680520632,-0.5975104199747102,0.31002231905622274,0.27360681114551083,0.20011947431302268,0,16.918194640338506,0,Zone_4,Kavya Gupta,30,Male,Surat,2020-04-15,80,11,3.89,0,2,4,1,Low,67.44,0.843,938.47,11.730875000000001,2328,0.1375,4038,2.46,48.2,Business
T01777,R0187,8.82,58.42,112.0,2023-04-22,0,-0.2643299974804339,0.12867569139573398,0,5,4,0,0,0,1,0,0,0,0,0,0,0,1,0,0,4.727387818712341,2.2844211223663744,7.6432977176085455,-0.26395507221274933,0.12867569139573398,-0.09628177025630706,0.2888989265596769,0.3405572755417957,0.28987455197132617,0,12.698412698412698,0,Zone_7,Saanvi Reddy,27,Other,Surat,2022-08-05,357,38,4.71,0,4,8,2,High,75.58,0.21170868347338936,1363.34,3.818879551820728,1486,0.10644257703081232,11070,0.64,45.2,Industrial
T01778,R0197,11.74,101.17,222.01,2023-03-05,0,1.0223275479285476,0.7848862102324782,0,6,3,0,1,0,0,0,0,0,0,0,0,0,0,1,0,5.407216613504026,2.5447466501440172,10.058329881247682,1.0425762347922152,0.7848862102324782,1.09215554396786,0.5811988521628227,0.4535603715170279,0.5026881720430108,0,18.910562180579216,0,Zone_8,Saanvi Das,29,Female,Bengaluru,2020-10-08,475,87,3.87,0,3,10,0,High,71.08,0.14964210526315788,973.0,2.048421052631579,2152,0.1831578947368421,4516,1.93,31.0,Business
T01779,R0262,8.89,76.52,74.68,2023-10-19,0,-0.7008181312379395,0.1444067654774368,0,3,10,0,0,0,1,0,1,0,0,0,0,0,0,0,0,4.326513924743623,2.2915241456346207,8.747571091451615,-0.7071852183578751,0.1444067654774368,0.4068928586900653,0.18973854819853334,0.34326625386996906,0.3799780963759458,0,8.40044994375703,0,Zone_10,Meera Singh,30,Male,Ahmedabad,2019-04-21,6,0,3.35,0,6,4,1,Low,59.620000000000005,9.936666666666667,967.3599999999999,161.22666666666666,2688,0.0,2440,1.54,35.4,Industrial
T01780,R0004,6.66,36.68,165.2,2023-11-14,1,0.357887813770887,-0.3567403088396659,0,1,11,0,1,0,0,0,0,0,0,0,1,0,0,0,0,5.113191882421348,2.0360119837525,6.056401571890688,0.3678735391195305,-0.3567403088396659,-0.7006473190570883,0.430252949303858,0.25696594427244585,0.18165073675826363,0,24.804804804804803,1,Zone_5,Aarav Nair,19,Other,Kolkata,2019-07-28,464,5,3.19,0,6,7,2,High,37.21,0.08019396551724138,683.03,1.4720474137931034,2590,0.010775862068965518,2590,1.31,43.9,Business
T01781,R0260,4.42,35.18,98.28,2024-02-01,0,-0.424796696171564,-0.8601346794541547,0,3,2,0,0,1,0,0,0,0,0,0,0,0,0,0,1,4.5979441408963515,1.6900958154515549,5.931273050534767,-0.4269003456616005,-0.8601346794541547,-0.7423468739421468,0.2524444680624934,0.17027863777089783,0.17418359219434487,0,22.235294117647058,0,Zone_9,Reyansh Das,55,Other,Mumbai,2019-07-17,63,3,4.24,0,2,7,2,Low,37.79,0.5998412698412698,689.26,10.94063492063492,2601,0.047619047619047616,11037,1.83,56.1,Mixed
T01782,R0231,4.13,34.78,80.9,2023-03-06,0,-0.6280701089450219,-0.9253062720783519,0,0,3,1,0,0,0,0,0,0,0,0,1,0,0,0,0,4.405498990859024,1.6351056591826783,5.897457079114693,-0.6333135273336874,-0.9253062720783519,-0.753466755244829,0.2062652779253906,0.15905572755417957,0.17219235364396654,0,19.588377723970947,0,Zone_5,Ishaan Nair,19,Other,Mumbai,2019-08-26,328,22,4.81,0,0,8,2,High,59.290000000000006,0.18076219512195124,731.53,2.230274390243902,2561,0.06707317073170732,2590,1.31,43.9,Business
T01783,R0097,9.35,87.23,161.58,2023-07-07,0,0.31554893262935,0.2477823951571977,0,4,7,1,0,0,0,0,0,0,0,0,1,0,0,0,0,5.091170188318427,2.336986519711378,9.339700209321496,0.32488069000255987,0.2477823951571977,0.7046276805693832,0.4206344988840472,0.36106811145510836,0.4332935085623258,0,17.281283422459897,0,Zone_5,Aarav Iyer,23,Other,Bengaluru,2021-01-25,478,5,3.28,0,0,1,2,High,69.43,0.1452510460251046,1117.1,2.3370292887029285,2043,0.010460251046025104,2590,1.31,43.9,Business
T01784,R0290,3.01,21.04,24.59,2023-02-21,0,-1.2866619313428018,-1.1770034573855963,0,1,2,0,0,0,1,0,0,0,0,1,0,0,0,0,0,3.2422016501716975,1.3887912413184778,4.586937976471886,-1.3020779841780612,-1.1770034573855963,-1.1354346779919648,0.05664789031778085,0.11571207430340558,0.10379330943847073,0,8.169435215946844,0,Zone_4,Saanvi Kumar,34,Other,Chennai,2020-05-06,169,4,4.28,0,2,5,2,Medium,68.22,0.40366863905325445,1077.67,6.376745562130178,2307,0.023668639053254437,4038,2.46,48.2,Business
T01785,R0161,1.07,10.37,18.72,2023-11-25,0,-1.3553164154038029,-1.6129789390785017,0,5,11,0,0,0,1,0,0,0,0,0,1,0,0,0,0,2.9816333491744893,0.7275486072772778,3.2202484376209237,-1.3717929080224314,-1.6129789390785017,-1.4320575117410144,0.041051121266872145,0.040634674922600623,0.050677021107128635,0,17.495327102803735,0,Zone_5,Aarav Nair,32,Other,Surat,2019-03-27,332,50,4.91,0,2,3,2,High,33.22,0.10006024096385542,567.56,1.7095180722891565,2713,0.15060240963855423,2590,1.31,43.9,Business
T01786,R0221,8.58,53.37,143.92,2024-05-01,0,0.10900068927035858,0.07474058025846728,0,2,5,1,0,0,0,0,1,0,0,0,0,0,0,0,0,4.976181866026876,2.259677591982769,7.305477397131552,0.1151420945866185,0.07474058025846728,-0.2366702717026708,0.3737113402061855,0.33126934984520123,0.26473516527279967,0,16.773892773892772,0,Zone_10,Diya Patel,21,Female,Delhi,2021-01-13,106,1,4.41,0,2,1,0,Low,58.73,0.5540566037735849,913.29,8.615943396226415,2055,0.009433962264150943,2440,1.54,35.4,Industrial
T01787,R0274,13.81,118.3,194.21,2023-01-30,0,0.6971836540791734,1.2500765437914032,0,0,1,0,1,0,0,0,1,0,0,0,0,0,0,0,0,5.274075902175002,2.6953026282797072,10.876580344942981,0.7124101559381293,1.2500765437914032,1.568364460755228,0.5073334041874801,0.5336687306501549,0.5879629629629629,0,14.062997827661116,0,Zone_10,Reyansh Nair,27,Female,Surat,2019-03-18,31,5,3.04,0,0,3,0,Low,30.24,0.9754838709677419,477.15999999999997,15.392258064516128,2722,0.16129032258064516,2440,1.54,35.4,Industrial
T01788,R0210,11.31,93.56,205.41,2024-06-15,0,0.828176877500504,0.6882524694448755,0,5,6,0,0,1,0,1,0,0,0,0,0,0,0,0,0,5.329864482046166,2.510411940196362,9.672641831474998,0.8454267056922934,0.6882524694448755,0.8805998021843301,0.5370921458178339,0.4369195046439629,0.46480485862206294,0,18.16180371352785,0,Zone_1,Meera Iyer,34,Other,Mumbai,2022-01-02,94,5,3.4,0,6,1,2,Low,40.54,0.43127659574468086,518.19,5.512659574468086,1701,0.05319148936170213,4921,2.43,30.9,Residential
T01789,R0214,7.91,49.88,157.86,2023-02-13,0,0.2720404691358366,-0.0758282716664021,0,0,2,0,1,0,0,1,0,0,0,0,0,0,0,0,0,5.068023311204986,2.187174241482718,7.06257743320383,0.2807001931199268,-0.0758282716664021,-0.3336912360685734,0.4107503454139654,0.3053405572755418,0.2473616089207487,0,19.95701643489254,0,Zone_1,Aarav Kumar,20,Female,Kolkata,2022-09-14,210,2,4.53,0,2,9,0,Medium,40.76,0.1940952380952381,681.69,3.2461428571428574,1446,0.009523809523809525,4921,2.43,30.9,Residential
T01790,R0254,10.02,78.23,232.0,2024-05-22,0,1.1391688248909668,0.3983512470820671,0,2,5,0,0,0,1,0,0,0,0,0,0,1,0,0,0,5.4510384535657,2.3997118037247684,8.844772467395643,1.1612222465818671,0.3983512470820671,0.45443035125903225,0.6077425868848975,0.38699690402476783,0.38849064117881327,0,23.15369261477046,0,Zone_6,Meera Kumar,18,Male,Delhi,2020-03-09,363,70,3.68,0,0,3,1,High,82.37,0.2269146005509642,1214.6,3.346005509641873,2365,0.1928374655647383,14627,0.54,37.6,Mixed
T01791,R0078,0.24,1.6,3.27,2023-01-11,0,-1.5390578028992588,-1.7995045317615488,0,2,1,1,0,0,0,0,0,0,0,0,1,0,0,0,0,1.451613827240533,0.2151113796169455,1.2649110640673518,-1.555284487817238,-1.7995045317615488,-1.675860909302323,0.0,0.008513931888544891,0.007019115890083633,0,13.625,0,Zone_5,Saanvi Sharma,30,Other,Jaipur,2023-01-02,97,9,3.62,0,0,1,2,Low,2.4899999999999998,0.025670103092783503,26.169999999999998,0.26979381443298966,1336,0.09278350515463918,2590,1.31,43.9,Business
T01792,R0135,4.55,35.7,65.91,2024-07-04,0,-0.8033905035062494,-0.8309198275881353,0,3,7,0,1,0,0,0,0,0,0,0,0,0,0,0,1,4.2033484327947255,1.713797927758343,5.974947698515862,-0.8113419274064484,-0.8309198275881353,-0.7278910282486597,0.1664363906897651,0.1753095975232198,0.17677220230983673,0,14.485714285714286,0,Zone_9,Reyansh Patel,38,Female,Ahmedabad,2022-02-24,153,8,3.47,0,3,2,0,Low,66.6,0.4352941176470588,992.13,6.4845098039215685,1648,0.05228758169934641,11037,1.83,56.1,Mixed
T01793,R0103,16.39,94.54,325.6,2023-10-22,0,2.2338979063406597,1.8298789885170197,0,6,10,0,0,0,1,0,0,0,0,0,0,0,0,0,1,5.788736180536365,2.855895328366192,9.723168207945392,2.2728605552416683,1.8298789885170197,0.9078435113759017,0.8564406419385695,0.633513931888545,0.4696833930704899,0,19.86577181208054,0,Zone_9,Ishaan Gupta,37,Other,Surat,2022-11-24,175,14,3.07,0,3,11,2,Medium,71.43,0.40817142857142863,1236.44,7.065371428571429,1375,0.08,11037,1.83,56.1,Mixed
T01794,R0251,13.92,136.57,273.07,2023-09-10,0,1.6195162968475787,1.2747968030626502,0,6,9,1,0,0,0,0,0,0,0,1,0,0,0,0,0,5.613383548212584,2.702702594775615,11.686316785026838,1.6489891839393247,1.2747968030626502,2.0762650392552406,0.7168668296312042,0.5379256965944272,0.6789127837514934,0,19.617097701149426,0,Zone_4,Vivaan Iyer,46,Female,Mumbai,2020-01-13,213,26,4.48,0,0,1,0,Medium,38.41,0.18032863849765257,762.5799999999999,3.5801877934272297,2421,0.12206572769953052,4038,2.46,48.2,Business
T01795,R0046,4.44,37.76,49.02,2023-10-12,0,-1.0009329627550239,-0.8556400868593823,0,3,10,0,1,0,0,1,0,0,0,0,0,0,0,0,0,3.912422925449473,1.6937790608678513,6.144916598294887,-1.0119356350267905,-0.8556400868593823,-0.6706236395398462,0.12155914549899034,0.1710526315789474,0.18702708084428513,0,11.04054054054054,0,Zone_1,Vivaan Singh,31,Female,Kolkata,2019-08-16,31,4,3.87,0,4,8,0,Low,80.02,2.581290322580645,1296.42,41.82,2571,0.12903225806451613,4921,2.43,30.9,Residential
T01796,R0240,16.77,141.03,196.01,2023-12-22,0,0.7182361364147442,1.9152762478176917,0,4,12,1,0,0,0,0,0,0,0,0,0,0,0,1,0,5.283254488870991,2.87751164216656,11.875605247733692,0.7337878157200484,1.9152762478176917,2.200251715780148,0.5121160590923584,0.6482198142414861,0.7011150935882119,0,11.688133571854502,0,Zone_8,Aarav Iyer,30,Male,Delhi,2020-05-18,174,2,4.07,0,0,5,1,Medium,92.12,0.5294252873563219,1221.47,7.0199425287356325,2295,0.011494252873563218,4516,1.93,31.0,Business
T01797,R0197,4.41,28.5,58.59,2024-01-04,0,-0.8890039316709049,-0.8623819757515407,0,3,1,0,1,0,0,0,0,0,0,0,0,0,1,0,0,4.087487774758888,1.6882490928583902,5.338539126015656,-0.8982777438529199,-0.8623819757515407,-0.9280488916969406,0.14698692740992667,0.16989164086687308,0.14092990840302666,0,13.285714285714286,0,Zone_7,Saanvi Das,29,Female,Bengaluru,2020-10-08,475,87,3.87,0,3,10,0,High,71.08,0.14964210526315788,973.0,2.048421052631579,2152,0.1831578947368421,11070,0.64,45.2,Industrial
T01798,R0083,3.88,35.19,34.82,2023-08-02,0,-1.16701365673564,-0.9814886795130047,0,2,8,0,1,0,0,0,0,0,0,1,0,0,0,0,0,3.578506396632566,1.5851452198650557,5.932115979985556,-1.1805816177508204,-0.9814886795130047,-0.7420688769095798,0.0838293123605059,0.14938080495356038,0.1742333731581043,0,8.974226804123711,0,Zone_4,Kavya Patel,45,Female,Mumbai,2021-12-31,475,39,4.4,0,4,12,0,High,92.62,0.19498947368421055,1415.3300000000002,2.9796421052631583,1703,0.08210526315789474,4038,2.46,48.2,Business
T01799,R0269,15.68,105.54,378.85,2023-04-15,0,2.856700508767969,1.6703209514026056,0,5,4,0,0,1,0,0,0,0,0,0,0,0,1,0,0,5.939776437949231,2.8142103969306005,10.273266277090261,2.9052829904567794,1.6703209514026056,1.2136402471996641,0.9979275162078861,0.6060371517027864,0.5244424532058941,0,24.16135204081633,0,Zone_7,Aadhya Sharma,41,Male,Mumbai,2019-05-19,423,16,3.41,0,6,5,1,High,63.06,0.14907801418439717,1458.77,3.4486288416075648,2660,0.037825059101654845,11070,0.64,45.2,Industrial
T01800,R0221,14.54,131.27,297.51,2023-05-24,0,1.905362223670554,1.414129173500589,0,2,5,0,0,0,1,0,0,0,0,0,0,0,1,0,0,5.698803433109037,2.7434173449395014,11.457312075700827,1.9392502978671615,1.414129173500589,1.928926611994701,0.7818046551174407,0.5619195046439629,0.6525288729589805,0,20.461485557083908,0,Zone_7,Diya Patel,21,Female,Delhi,2021-01-13,106,1,4.41,0,2,1,0,Low,58.73,0.5540566037735849,913.29,8.615943396226415,2055,0.009433962264150943,11070,0.64,45.2,Industrial
T01801,R0042,5.06,25.83,51.03,2024-03-11,0,-0.9774243574803031,-0.7163077164214436,0,0,3,0,0,1,0,0,0,0,0,0,1,0,0,0,0,3.9518204753022124,1.801709800081223,5.0823223038292245,-0.9880639149369808,-0.7163077164214436,-1.0022740993923447,0.12689977680943776,0.19504643962848295,0.12763839107925126,0,10.08498023715415,0,Zone_5,Arjun Reddy,18,Female,Chennai,2021-05-20,23,4,3.03,0,3,5,0,Low,46.16,2.0069565217391303,738.48,32.10782608695652,1928,0.17391304347826086,2590,1.31,43.9,Business
T01802,R0138,7.75,60.38,177.01,2023-04-21,0,0.4960154895392724,-0.1117850124245799,0,4,4,0,0,1,0,0,0,0,1,0,0,0,0,0,0,5.181839728489342,2.169053700369523,7.770456872024965,0.5081347402442341,-0.1117850124245799,-0.04179435187316393,0.4616324795408651,0.2991486068111455,0.29963162086818,0,22.84,0,Zone_3,Ishaan Das,46,Male,Kolkata,2022-07-28,13,0,3.53,0,3,7,1,Low,31.25,2.4038461538461537,521.48,40.113846153846154,1494,0.0,12971,2.11,38.0,Business
T01803,R0179,6.29,41.15,114.57,2023-03-18,0,-0.23427173103464646,-0.439890271842952,0,5,3,1,0,0,0,0,0,0,0,0,0,0,1,0,0,4.74987640698735,1.986503546020567,6.41482657598785,-0.2334325246352314,-0.439890271842952,-0.576382645499614,0.295727494951642,0.2426470588235294,0.2039028275587415,0,18.214626391096978,0,Zone_7,Meera Patel,28,Male,Kolkata,2022-04-11,274,14,4.64,0,0,4,1,Medium,25.53,0.09317518248175183,459.20000000000005,1.6759124087591242,1602,0.051094890510948905,11070,0.64,45.2,Industrial
T01804,R0121,10.52,66.79,184.38,2023-12-04,0,0.582213708879916,0.5107160619513726,0,0,12,1,0,0,0,0,0,0,0,0,0,0,0,1,0,5.222407772447687,2.444084655267745,8.17251491280377,0.5956643805735368,0.5107160619513726,0.1364017460023195,0.4812147943458391,0.4063467492260062,0.33154121863799285,0,17.526615969581748,0,Zone_8,Diya Iyer,29,Male,Pune,2023-07-13,378,10,4.17,0,3,7,1,High,87.96,0.23269841269841268,1464.3799999999999,3.8740211640211637,1144,0.026455026455026454,4516,1.93,31.0,Business
T01805,R0152,15.84,85.37,256.16,2023-10-01,0,1.4217399211284092,1.7062776921607834,0,6,10,1,0,0,0,0,0,0,0,0,1,0,0,0,0,5.549698459273486,2.8237570088141806,9.239588735436227,1.4481579467658503,1.7062776921607834,0.6529202325119107,0.6719364438303752,0.6122291021671827,0.42403424930306655,0,16.171717171717173,0,Zone_5,Arjun Patel,34,Female,Bengaluru,2021-05-04,143,24,3.91,0,1,5,0,Low,48.53,0.3393706293706294,914.56,6.395524475524475,1944,0.16783216783216784,2590,1.31,43.9,Business
T01806,R0157,10.66,82.98,177.51,2024-08-23,0,0.5018634012991532,0.5421782101147783,0,4,8,0,0,0,1,1,0,0,0,0,0,0,0,0,0,5.18464462205946,2.4561641809223462,9.109335870413386,0.514072979072545,0.5421782101147783,0.5864789417283841,0.4629609947922202,0.411764705882353,0.412136598964556,0,16.651969981238274,0,Zone_1,Kavya Nair,36,Female,Hyderabad,2021-11-23,319,27,4.65,0,1,11,0,Medium,113.9,0.3570532915360502,1875.93,5.880658307210031,1741,0.08463949843260188,4921,2.43,30.9,Residential
T01807,R0016,7.43,55.78,98.82,2024-07-21,0,-0.4184809514708928,-0.1836984939409355,0,6,7,0,0,0,1,0,0,0,0,0,0,0,0,1,0,4.603368564041463,2.131796772013764,7.468600939935136,-0.42048704772702483,-0.1836984939409355,-0.16967298685401003,0.2538792645339568,0.2867647058823529,0.2767323775388292,0,13.300134589502019,0,Zone_8,Aarav Iyer,28,Female,Delhi,2022-01-24,356,51,3.06,0,0,1,0,High,41.24,0.11584269662921348,687.6800000000001,1.9316853932584273,1679,0.14325842696629212,4516,1.93,31.0,Business
T01808,R0099,1.27,11.57,25.71,2023-05-16,0,-1.2735626090006686,-1.5680330131307796,0,1,5,0,1,0,0,0,0,0,0,0,0,0,0,1,0,3.2850380271218693,0.8197798314933114,3.4014702703389896,-1.2887763292026448,-1.5680330131307796,-1.3986978678329676,0.059623764480816244,0.04837461300309598,0.056650736758263646,0,20.244094488188978,0,Zone_8,Diya Gupta,35,Other,Mumbai,2021-08-21,80,8,3.7,0,5,8,2,Low,69.37,0.867125,1282.66,16.033250000000002,1835,0.1,4516,1.93,31.0,Business
T01809,R0259,11.89,94.26,134.21,2023-12-30,0,-0.004565757106527032,0.8185956546932699,0,5,12,0,0,0,1,0,1,0,0,0,0,0,0,0,0,4.906829125370667,2.556451816951096,9.708758932015977,-0.0001785034591789768,0.8185956546932699,0.9000595944640241,0.34791157402486983,0.4593653250773994,0.46828952608522506,0,11.287636669470142,0,Zone_10,Aadhya Das,32,Male,Jaipur,2019-06-25,150,27,3.52,0,1,6,1,Low,79.74000000000001,0.5316000000000001,1283.08,8.553866666666666,2623,0.18,2440,1.54,35.4,Industrial
T01810,R0253,1.8900000000000001,18.17,21.41,2023-05-17,0,-1.3238546501356439,-1.4287006426928406,0,2,5,1,0,0,0,0,0,0,0,1,0,0,0,0,0,3.1095072878128356,1.0612565021243408,4.262628297189424,-1.3398451831261187,-1.4287006426928406,-1.2152198263387102,0.048198533319162504,0.0723684210526316,0.08950617283950618,0,11.328042328042327,0,Zone_4,Ishaan Gupta,26,Male,Surat,2021-08-19,173,24,3.16,0,3,8,1,Medium,49.82,0.28797687861271676,744.61,4.304104046242775,1837,0.13872832369942195,4038,2.46,48.2,Business
T01811,R0283,7.06,41.12,167.08,2023-07-23,0,0.37987596198803925,-0.2668484569442216,0,6,7,1,0,0,0,0,0,0,0,0,0,0,0,0,1,5.124440056536745,2.0869135565185366,6.4124878167525585,0.3902013171139798,-0.2668484569442216,-0.5772166365973151,0.43524816664895316,0.2724458204334365,0.20375348466746313,0,23.6657223796034,0,Zone_9,Diya Nair,19,Male,Surat,2023-06-15,245,45,3.55,0,3,6,1,Medium,55.97,0.22844897959183674,1013.23,4.135632653061225,1172,0.1836734693877551,11037,1.83,56.1,Mixed
T01812,R0030,12.79,82.93,234.27,2023-01-14,0,1.165718344280826,1.0208523214580196,0,5,1,0,0,1,0,0,0,0,1,0,0,0,0,0,0,5.460733790792328,2.6239436918052106,9.10659101969557,1.188181850862399,1.0208523214580196,0.5850889565655489,0.6137740461260496,0.49419504643962847,0.4118876941457587,0,18.316653635652855,0,Zone_3,Saanvi Patel,25,Other,Mumbai,2021-01-08,442,58,3.72,0,4,1,2,High,81.05,0.1833710407239819,1585.25,3.5865384615384617,2060,0.13122171945701358,12971,2.11,38.0,Business
T01813,R0026,12.06,72.67,110.9,2023-05-24,0,-0.2771954033521717,0.8567996917488339,0,2,5,1,0,0,0,0,0,0,0,0,1,0,0,0,0,4.71760561531788,2.569554123848285,8.524670081592602,-0.27701919763503324,0.8567996917488339,0.29986400115174866,0.28597619300669574,0.4659442724458205,0.3608124253285544,0,9.195688225538971,0,Zone_5,Aarav Kumar,26,Female,Surat,2020-04-17,44,5,3.17,0,4,4,0,Low,79.29,1.8020454545454547,973.19,22.11795454545455,2326,0.11363636363636363,2590,1.31,43.9,Business
T01814,R0189,12.19,80.85,203.93,2024-02-12,0,0.8108670586912569,0.886014543614853,0,0,2,0,0,1,0,1,0,0,0,0,0,0,0,0,0,5.322668457411868,2.579458966729223,8.99166280506559,0.8278495187604933,0.886014543614853,0.5272655737916008,0.533159740673823,0.4709752321981424,0.4015332536837913,0,16.729286300246105,0,Zone_1,Reyansh Gupta,29,Female,Delhi,2019-09-16,238,42,3.28,0,0,9,0,Medium,72.03,0.30264705882352944,1480.7,6.2214285714285715,2540,0.17647058823529413,4921,2.43,30.9,Residential
T01815,R0127,11.49,72.44,284.26,2024-01-22,1,1.750392562033712,0.7287038027978254,0,0,1,0,1,0,0,0,0,0,0,0,0,0,0,0,1,5.6534010450952765,2.5249283241374862,8.511169132381285,1.7818869689169226,0.7287038027978254,0.29347006940270626,0.746599000956531,0.4438854489164087,0.3596674631620868,0,24.73977371627502,1,Zone_9,Vivaan Kumar,38,Male,Chennai,2020-03-17,43,2,4.83,0,1,3,1,Low,70.81,1.6467441860465117,1400.47,32.56906976744186,2357,0.046511627906976744,11037,1.83,56.1,Mixed
T01816,R0190,8.73,59.31,153.71,2023-09-21,0,0.2235028015288256,0.10845002471925902,0,3,9,0,0,1,0,0,0,0,0,0,0,1,0,0,0,5.041552396730977,2.2752138961979136,7.7012985917960615,0.23141281084494622,0.10845002471925902,-0.071540034357839,0.39972366882771815,0.33707430340557276,0.294305057745918,0,17.607101947308134,0,Zone_6,Saanvi Iyer,35,Other,Surat,2020-09-25,274,47,4.12,0,4,9,2,Medium,69.99,0.25543795620437953,1117.92,4.08,2165,0.17153284671532848,14627,0.54,37.6,Mixed
T01817,R0249,9.51,87.31,211.56,2023-06-09,0,0.9001061921470384,0.2837391359153755,0,4,6,0,1,0,0,0,0,0,0,0,0,0,1,0,0,5.359224301451558,2.3523271848888596,9.343982020530648,0.9184670432805175,0.2837391359153755,0.7068516568299197,0.5534328834095016,0.36726006191950467,0.4336917562724015,0,22.246056782334385,0,Zone_7,Diya Nair,20,Male,Mumbai,2023-03-24,396,48,4.49,0,4,3,1,High,64.71,0.1634090909090909,1080.53,2.728611111111111,1255,0.12121212121212122,11070,0.64,45.2,Industrial
T01818,R0201,8.46,82.56,119.97,2024-01-31,0,-0.17111428402793336,0.04777302468983413,0,2,1,1,0,0,0,0,0,0,0,1,0,0,0,0,0,4.795542580971757,2.247072383063787,9.086253353280437,-0.16929954528947358,0.04777302468983413,0.5748030663605678,0.310075459666277,0.3266253869969041,0.41004579848665873,0,14.180851063829786,0,Zone_4,Meera Reddy,37,Female,Delhi,2021-04-06,183,15,3.84,0,1,4,0,Medium,67.68,0.3698360655737705,1071.8,5.856830601092896,1972,0.08196721311475409,4038,2.46,48.2,Business
T01819,R0292,10.41,100.65,155.43,2023-08-05,0,0.24361961798281567,0.4859958026801255,0,5,8,0,0,1,0,0,0,0,0,0,0,0,1,0,0,5.052608625573679,2.4344901638739844,10.032447358446493,0.2518403524143357,0.4859958026801255,1.0776996982743734,0.40429376129237965,0.4020897832817338,0.5000995619275189,0,14.930835734870318,0,Zone_7,Diya Patel,37,Female,Jaipur,2020-06-28,141,19,4.39,0,6,6,0,Low,79.36,0.5628368794326241,1137.89,8.070141843971632,2254,0.1347517730496454,11070,0.64,45.2,Industrial
T01820,R0247,10.68,79.42,100.76,2024-08-01,0,-0.39579105384255503,0.5466728027095504,0,3,8,0,0,0,1,0,0,0,0,1,0,0,0,0,0,4.622617099591812,2.457877977400081,8.911789943664516,-0.3974466810731784,0.5466728027095504,0.4875119981345119,0.2590339037092146,0.41253869969040247,0.3944145758661888,0,9.434456928838951,0,Zone_4,Aadhya Das,37,Male,Bengaluru,2021-05-11,249,47,4.92,0,1,5,1,Medium,133.48,0.5360642570281124,2367.44,9.507791164658634,1937,0.18875502008032127,4038,2.46,48.2,Business
T01821,R0151,8.67,48.49,192.02,2023-11-20,0,0.6715698005708953,0.09496624693494224,0,0,11,0,0,1,0,0,0,0,0,1,0,0,0,0,0,5.26279381047899,2.269028309465203,6.963476143421474,0.6864006698701276,0.09496624693494224,-0.3723328235953943,0.5015145073865448,0.3347523219814242,0.240442054958184,0,22.147635524798154,0,Zone_4,Meera Reddy,34,Male,Hyderabad,2023-02-25,394,56,5.0,0,5,2,1,High,62.91,0.15967005076142132,1114.0,2.8274111675126905,1282,0.14213197969543148,4038,2.46,48.2,Business
T01822,R0233,10.57,64.85,220.34,2024-08-09,0,1.0027955226505458,0.5219525434383033,0,4,8,0,0,1,0,0,0,0,0,0,1,0,0,0,0,5.3996999808366395,2.448415541205585,8.052949770115296,1.022742517105657,0.5219525434383033,0.08247032168431016,0.5767616112232968,0.4082817337461301,0.32188371166865787,0,20.845789971617787,0,Zone_5,Ishaan Iyer,30,Other,Hyderabad,2023-11-23,469,41,4.37,0,3,11,2,High,89.27,0.1903411513859275,1583.23,3.3757569296375265,1011,0.08742004264392324,2590,1.31,43.9,Business
T01823,R0212,4.58,42.58,77.52,2024-05-15,0,-0.6676019924418164,-0.8241779386959769,0,2,5,0,0,1,0,0,0,0,0,0,0,1,0,0,0,4.3633533694082605,1.7191887763932197,6.52533524043018,-0.6734560218130692,-0.8241779386959769,-0.5366290698425249,0.1972845148262302,0.17647058823529413,0.21102150537634407,0,16.925764192139738,0,Zone_6,Aadhya Iyer,36,Female,Ahmedabad,2023-09-11,73,12,3.22,0,0,9,0,Low,58.58,0.8024657534246575,1128.49,15.458767123287672,1084,0.1643835616438356,14627,0.54,37.6,Mixed
T01824,R0248,6.47,52.78,148.29,2023-02-24,0,0.16011143805171715,-0.3994389384900021,0,4,2,0,1,0,0,0,0,0,0,0,0,0,0,0,1,5.005890723065499,2.010894999144726,7.264984514780469,0.16704230194605585,-0.3994389384900021,-0.25307209662412705,0.38532256350302896,0.24961300309597523,0.26179808841099167,0,22.919629057187016,0,Zone_9,Vivaan Ghosh,18,Female,Chennai,2021-10-24,104,12,3.65,0,6,10,0,Low,57.72,0.5549999999999999,939.6600000000001,9.03519230769231,1771,0.11538461538461539,11037,1.83,56.1,Mixed
T01825,R0093,9.15,72.97,125.3,2024-08-22,0,-0.10877554466760367,0.20283646920947565,0,3,8,0,0,0,1,0,0,0,0,0,0,1,0,0,0,4.838660029356445,2.3174737054877963,8.542247947700886,-0.10599791937967938,0.20283646920947565,0.3082039121287603,0.32423743224572216,0.35332817337461303,0.3623058542413381,0,13.693989071038251,0,Zone_6,Diya Patel,33,Other,Surat,2019-05-30,119,18,3.77,0,3,5,2,Low,71.55000000000001,0.6012605042016808,1189.8899999999999,9.999075630252099,2649,0.15126050420168066,14627,0.54,37.6,Mixed
T01826,R0010,17.62,90.44,227.02,2023-09-20,0,1.080923623762554,2.1062964330955114,0,2,9,1,0,0,0,0,0,0,0,0,0,1,0,0,0,5.429433344405574,2.924236271848921,9.509994742374992,1.1020773878518908,2.1062964330955114,0.7938647280234082,0.5945105749814008,0.6811145510835914,0.4492731979291119,0,12.88422247446084,0,Zone_6,Vivaan Gupta,25,Female,Surat,2023-05-14,173,1,3.38,0,6,5,0,Medium,85.25,0.49277456647398843,1204.51,6.962485549132948,1204,0.005780346820809248,14627,0.54,37.6,Mixed
T01827,R0110,10.64,97.91,219.66,2023-06-01,0,0.9948423626571078,0.5376836175200062,0,3,6,1,0,0,0,1,0,0,0,0,0,0,0,0,0,5.39662305533216,2.454447442303292,9.894948206029175,1.014666512299154,0.5376836175200062,1.0015285113509995,0.5749548304814539,0.41099071207430343,0.4864595778574273,0,20.64473684210526,0,Zone_1,Vivaan Patel,19,Female,Kolkata,2023-02-04,224,28,4.43,0,5,2,0,Medium,59.52,0.26571428571428574,946.68,4.226249999999999,1303,0.125,4921,2.43,30.9,Residential
T01828,R0090,7.33,73.0,173.86,2024-06-13,0,0.4591736454520234,-0.20617145691479652,0,3,6,1,0,0,0,0,0,0,1,0,0,0,0,0,0,5.163985653752745,2.1198634561787513,8.54400374531753,0.47072383562587566,-0.20617145691479652,0.3090379032264615,0.4532628334573281,0.28289473684210525,0.3624551971326165,0,23.718963165075035,0,Zone_3,Kavya Iyer,33,Female,Mumbai,2021-01-31,152,25,4.51,0,6,1,0,Low,108.13000000000001,0.7113815789473685,1919.8799999999999,12.63078947368421,2037,0.16447368421052633,12971,2.11,38.0,Business
T01829,R0090,6.9,58.91,170.42,2024-08-17,1,0.4189400125440429,-0.3028051977023992,0,5,8,1,0,0,0,0,0,0,1,0,0,0,0,0,0,5.1441166854707365,2.066862759472976,7.675285010994705,0.42986875248709633,-0.3028051977023992,-0.08265991566052143,0.44412264852800504,0.26625386996904027,0.2923138191955396,0,24.698550724637677,1,Zone_3,Kavya Iyer,33,Female,Mumbai,2021-01-31,152,25,4.51,0,6,1,0,Low,108.13000000000001,0.7113815789473685,1919.8799999999999,12.63078947368421,2037,0.16447368421052633,12971,2.11,38.0,Business
T01830,R0168,11.72,114.29,180.01,2023-10-27,0,0.5311029600985574,0.780391617637706,0,4,10,0,0,0,1,0,0,0,0,1,0,0,0,0,0,5.198552278358462,2.543175557911976,10.690650120549265,0.5437641732140994,0.780391617637706,1.4568876506958386,0.4696035710489956,0.4527863777089784,0.5680007964954202,0,15.359215017064844,0,Zone_4,Diya Das,23,Male,Pune,2019-10-08,471,74,4.03,0,1,10,1,High,35.019999999999996,0.0743524416135881,569.31,1.2087261146496815,2518,0.15711252653927812,4038,2.46,48.2,Business
T01831,R0221,7.51,47.39,108.64,2023-09-19,0,-0.3036279645068331,-0.1657201235618466,0,1,9,0,1,0,0,0,0,0,0,0,1,0,0,0,0,4.697202271434585,2.1412419425852827,6.884039511798287,-0.3038600371389986,-0.1657201235618466,-0.40291249717777056,0.27997130407057075,0.2898606811145511,0.23496614894464357,0,14.466045272969374,0,Zone_5,Diya Patel,21,Female,Delhi,2021-01-13,106,1,4.41,0,2,1,0,Low,58.73,0.5540566037735849,913.29,8.615943396226415,2055,0.009433962264150943,2590,1.31,43.9,Business
T01832,R0209,11.19,85.31,190.72,2024-04-30,0,0.656365229995205,0.661284913876242,0,1,4,0,0,0,1,0,0,0,1,0,0,0,0,0,0,5.25603597429143,2.5006159434931803,9.236341266973628,0.6709612489165191,0.661284913876242,0.6512522503165084,0.49806036773302154,0.43227554179566563,0.4237355635205098,0,17.0437890974084,0,Zone_3,Vivaan Sharma,31,Other,Surat,2020-06-11,109,20,3.77,0,3,6,2,Low,58.52,0.5368807339449542,735.09,6.743944954128441,2271,0.1834862385321101,12971,2.11,38.0,Business
T01833,R0135,10.56,92.83,96.94,2023-09-17,0,-0.4404690996880447,0.5197052471409173,0,6,9,0,0,0,1,0,0,0,0,0,0,1,0,0,0,4.584355046274172,2.4475508632442313,9.634832639957997,-0.44281482572147374,0.5197052471409173,0.8603060188069348,0.2488840471888617,0.4078947368421053,0.46117084826762245,0,9.179924242424242,0,Zone_6,Reyansh Patel,38,Female,Ahmedabad,2022-02-24,153,8,3.47,0,3,2,0,Low,66.6,0.4352941176470588,992.13,6.4845098039215685,1648,0.05228758169934641,14627,0.54,37.6,Mixed
T01834,R0277,1.77,17.08,41.11,2023-03-25,0,-1.093446926796339,-1.455668198261474,0,5,3,1,0,0,0,0,0,1,0,0,0,0,0,0,0,3.740285242173836,1.0188473201992472,4.132795663954365,-1.105878573290669,-1.455668198261474,-1.2455215028885194,0.10054203422255288,0.06772445820433437,0.0840800477897252,0,23.225988700564972,0,Zone_2,Kavya Gupta,42,Female,Jaipur,2021-01-22,433,16,3.06,0,4,1,0,High,86.92999999999999,0.20076212471131638,1402.8,3.2397228637413393,2046,0.03695150115473441,6371,0.91,58.4,Residential
T01835,R0121,10.36,81.16,120.91,2024-05-13,0,-0.1601202099193574,0.4747593211931948,0,0,5,0,0,0,1,0,0,0,0,0,1,0,0,0,0,4.803283067577055,2.4300984132930052,9.008884503644166,-0.15813565629224913,0.4747593211931948,0.5358834818011796,0.31257306833882453,0.4001547987616099,0.4030764635603345,0,11.670849420849422,0,Zone_5,Diya Iyer,29,Male,Pune,2023-07-13,378,10,4.17,0,3,7,1,High,87.96,0.23269841269841268,1464.3799999999999,3.8740211640211637,1144,0.026455026455026454,2590,1.31,43.9,Business
T01836,R0030,10.33,86.22,159.71,2024-04-25,0,0.29367774264739566,0.4680174323010366,0,3,4,1,0,0,0,0,0,0,1,0,0,0,0,0,0,5.0796014985609785,2.427454075039915,9.285472524325296,0.30267167678467705,0.4680174323010366,0.6765499802801104,0.4156658518439792,0.3989938080495356,0.42826563122262046,0,15.46079380445305,0,Zone_3,Saanvi Patel,25,Other,Mumbai,2021-01-08,442,58,3.72,0,4,1,2,High,81.05,0.1833710407239819,1585.25,3.5865384615384617,2060,0.13122171945701358,12971,2.11,38.0,Business
T01837,R0144,11.98,119.08,161.41,2024-06-02,0,0.31356064263099037,0.8388213213697449,0,6,6,0,0,0,1,0,0,0,0,1,0,0,0,0,0,5.090124002186512,2.563409711275944,10.912378292562991,0.32286168880093397,0.8388213213697449,1.5900482292954585,0.42018280369858646,0.4628482972136223,0.5918458781362007,0,13.473288814691152,0,Zone_4,Ishaan Kumar,34,Other,Pune,2021-01-31,194,10,3.52,0,6,1,2,Medium,84.47,0.4354123711340206,1552.4499999999998,8.002319587628865,2037,0.05154639175257732,4038,2.46,48.2,Business
T01838,R0288,3.81,30.6,65.86,2023-09-01,0,-0.8039752946822375,-0.9972197535947073,0,4,9,0,0,1,0,0,0,0,0,1,0,0,0,0,0,4.202600880991953,1.57069708411767,5.531726674375733,-0.8119357512892794,-0.9972197535947073,-0.8696695148578587,0.1663035391646296,0.146671826625387,0.15138391079251293,0,17.286089238845143,0,Zone_4,Diya Ghosh,42,Male,Ahmedabad,2021-08-30,43,5,4.56,0,0,8,1,Low,52.08,1.2111627906976743,795.6,18.50232558139535,1826,0.11627906976744186,4038,2.46,48.2,Business
T01839,R0187,13.47,105.41,270.11,2024-02-04,0,1.5848966592290845,1.1736684696802755,0,6,2,0,1,0,0,0,1,0,0,0,0,0,0,0,0,5.602524642581974,2.6720775406433925,10.266937225872184,1.6138348100757243,1.1736684696802755,1.210026285776292,0.7090020193431821,0.5205108359133127,0.5237953006770211,0,20.052709725315516,0,Zone_10,Saanvi Reddy,27,Other,Surat,2022-08-05,357,38,4.71,0,4,8,2,High,75.58,0.21170868347338936,1363.34,3.818879551820728,1486,0.10644257703081232,2440,1.54,35.4,Industrial
T01840,R0226,7.17,67.97,156.24,2024-05-15,0,0.25309323503382264,-0.24212819767297433,0,2,5,1,0,0,0,0,0,0,0,0,0,1,0,0,0,5.057773300553659,2.1004689088719113,8.244392033376384,0.2614602993161994,-0.24212819767297433,0.16920539584523198,0.4064459559995749,0.276702786377709,0.33741537236160896,0,21.7907949790795,0,Zone_6,Aarav Iyer,20,Other,Surat,2021-07-30,266,2,3.25,0,4,7,2,Medium,53.21,0.2000375939849624,906.6800000000001,3.408571428571429,1857,0.007518796992481203,14627,0.54,37.6,Mixed
T01841,R0154,17.94,102.09,150.4,2023-12-03,0,0.18478962567841442,2.178209914611867,0,6,12,0,1,0,0,0,1,0,0,0,0,0,0,0,0,5.019925341003349,2.9412760877579323,10.103959619871805,0.192101669801528,2.178209914611867,1.1177312709640295,0.39092889786374746,0.693498452012384,0.507268020708881,0,8.383500557413601,0,Zone_10,Kavya Patel,18,Other,Kolkata,2019-03-25,466,79,4.68,0,0,3,2,High,138.62,0.2974678111587983,2059.52,4.419570815450644,2715,0.16952789699570817,2440,1.54,35.4,Industrial
T01842,R0298,16.76,92.4,353.62,2023-07-15,0,2.5616148813643815,1.913028951520306,0,5,7,0,0,1,0,0,0,0,0,0,1,0,0,0,0,5.871046793628842,2.876948737564024,9.612491872558333,2.6056394591802112,1.913028951520306,0.8483521464065515,0.9308906366245084,0.6478328173374615,0.4590302668259658,0,21.099045346062052,0,Zone_5,Vivaan Singh,35,Female,Ahmedabad,2020-03-25,65,11,3.88,0,2,3,0,Low,63.190000000000005,0.9721538461538463,1002.41,15.421692307692307,2349,0.16923076923076924,2590,1.31,43.9,Business
T01843,R0256,4.96,44.3,59.86,2023-11-27,0,-0.8741502358008075,-0.7387806793953047,0,0,11,0,0,0,1,0,0,0,0,0,0,1,0,0,0,4.108576144468825,1.7850704810772584,6.6558245169174945,-0.8831946172290103,-0.7387806793953047,-0.4888135802409912,0.15036135614836857,0.1911764705882353,0.2195838311429709,0,12.068548387096774,0,Zone_6,Aadhya Sharma,31,Female,Delhi,2021-03-25,265,8,3.65,0,3,3,0,Medium,41.45,0.15641509433962264,753.8,2.8445283018867924,1984,0.03018867924528302,14627,0.54,37.6,Mixed
T01844,R0236,1.15,11.34,20.45,2024-05-01,0,-1.335082640714615,-1.5950005686994126,0,2,5,0,0,0,1,1,0,0,0,0,0,0,0,0,0,3.065724645374026,0.7654678421395714,3.3674916480965473,-1.3512466016764755,-1.5950005686994126,-1.40509179958201,0.04564778403656074,0.04373065015479876,0.0555057745917961,0,17.782608695652176,0,Zone_1,Arjun Gupta,28,Male,Ahmedabad,2020-08-10,61,1,3.36,0,0,8,1,Low,50.01,0.8198360655737704,768.54,12.599016393442623,2211,0.01639344262295082,4921,2.43,30.9,Residential
T01845,R0137,11.49,57.75,228.53,2024-03-03,0,1.098584317277394,0.7287038027978254,0,6,3,0,0,0,1,0,0,0,0,1,0,0,0,0,0,5.4360337399118706,2.5249283241374862,7.599342076785332,1.1200108691133897,0.7287038027978254,-0.1149075714382999,0.5985226910404932,0.4438854489164087,0.2865392273994425,0,19.88946910356832,0,Zone_4,Arjun Gupta,27,Male,Bengaluru,2021-08-10,166,32,3.14,0,1,8,1,Medium,82.33,0.49596385542168675,1499.3700000000001,9.032349397590362,1846,0.1927710843373494,4038,2.46,48.2,Business
T01846,R0013,3.9,27.41,59.02,2023-03-16,0,-0.8839747275574072,-0.9769940869182323,0,3,3,1,0,0,0,0,0,0,0,0,0,0,1,0,0,4.0946778400122215,1.589235205116581,5.23545604508337,-0.8931708584605724,-0.9769940869182323,-0.9583505682467497,0.14812945052609203,0.1501547987616099,0.1355037833532457,0,15.133333333333335,0,Zone_7,Ishaan Gupta,43,Female,Kolkata,2019-04-01,6,0,3.91,0,0,4,0,Low,80.51,13.418333333333335,1432.84,238.80666666666664,2708,0.0,11070,0.64,45.2,Industrial
T01847,R0082,13.74,118.5,115.55,2023-12-12,0,-0.22280982398528,1.2343454697097003,0,1,12,0,1,0,0,0,1,0,0,0,0,0,0,0,0,4.758320365481766,2.6905648867611904,10.88577052853862,-0.22179357653174198,1.2343454697097003,1.5739244014065692,0.298331384844298,0.5309597523219814,0.5889585822381521,0,8.409752547307132,0,Zone_10,Kavya Singh,26,Other,Pune,2022-12-27,274,23,3.15,0,1,12,2,Medium,24.62,0.08985401459854014,297.65999999999997,1.0863503649635036,1342,0.08394160583941605,2440,1.54,35.4,Industrial
T01848,R0286,10.65,94.84,102.71,2023-07-26,0,-0.3729841979790199,0.5399309138173922,0,2,7,0,0,1,0,0,0,0,0,0,0,0,0,1,0,4.641598542601643,2.4553061800117097,9.73858305915188,-0.374287549642766,0.5399309138173922,0.9161834223529133,0.26421511318949936,0.4113777089783282,0.47117682198327365,0,9.64413145539906,0,Zone_8,Ishaan Nair,26,Male,Pune,2023-02-15,29,0,4.48,0,2,2,1,Low,42.26,1.4572413793103447,627.14,21.62551724137931,1292,0.0,4516,1.93,31.0,Business
T01849,R0003,0.73,6.3,9.1,2023-01-21,0,-1.46783023766391,-1.6893870131896294,0,5,1,0,1,0,0,0,0,0,0,0,0,0,0,0,1,2.312535423847214,0.5481214085096876,2.5099800796022267,-1.486044623079133,-1.6893870131896294,-1.5452023039958065,0.015490487830800299,0.027476780185758515,0.03041616885702907,0,12.465753424657533,0,Zone_9,Kavya Reddy,34,Male,Pune,2023-05-04,45,9,3.76,0,3,5,1,Low,67.68,1.5040000000000002,971.71,21.593555555555557,1214,0.2,11037,1.83,56.1,Mixed
T01850,R0271,11.91,79.11,174.3,2023-07-10,0,0.4643198078007185,0.823090247288042,0,0,7,0,1,0,0,0,0,1,0,0,0,0,0,0,0,5.1664987919271885,2.558002204858551,8.894380248224156,0.47594948579478924,0.823090247288042,0.4788940901249331,0.4544319268785206,0.46013931888544896,0.39287136598964556,0,14.634760705289674,0,Zone_2,Saanvi Iyer,22,Male,Bengaluru,2022-10-07,58,6,4.37,0,4,10,1,Low,65.02,1.1210344827586207,928.78,16.013448275862068,1423,0.10344827586206896,6371,0.91,58.4,Residential
T01851,R0022,8.69,50.94,105.0,2023-06-02,0,-0.3462007621187656,0.09946083952971436,0,4,6,1,0,0,0,0,0,0,0,0,0,0,0,0,1,4.663439094112067,2.2710944259026746,7.137226352022191,-0.347090415809102,0.09946083952971436,-0.30422355061646555,0.2702997130407057,0.3355263157894737,0.2526383910792513,0,12.082853855005755,0,Zone_9,Aarav Nair,43,Female,Kolkata,2020-09-14,220,1,3.32,0,0,9,0,Medium,52.25,0.2375,827.22,3.760090909090909,2176,0.004545454545454545,11037,1.83,56.1,Mixed
T01852,R0238,10.06,51.65,96.1,2024-08-06,0,-0.45029359144464454,0.4073404322716117,0,1,8,1,0,0,0,0,1,0,0,0,0,0,0,0,0,4.575741375297279,2.403334996094189,7.1867934435323795,-0.4527910669530361,0.4073404322716117,-0.2844857613042045,0.24665214156658516,0.3885448916408669,0.25617283950617287,0,9.552683896620277,0,Zone_10,Reyansh Patel,30,Other,Pune,2019-04-22,362,56,4.91,0,0,4,2,High,38.73,0.10698895027624308,590.03,1.6299171270718231,2687,0.15469613259668508,2440,1.54,35.4,Industrial
T01853,R0285,15.62,132.86,287.7,2024-06-24,0,1.790626194941692,1.6568371736182887,0,0,6,0,1,0,0,0,0,0,0,0,1,0,0,0,0,5.665388086668889,2.810606789427302,11.526491226735047,1.8227420520557016,1.6568371736182887,1.9731281401728633,0.755739185885854,0.6037151702786377,0.6604440461967345,0,18.418693982074263,0,Zone_5,Diya Iyer,29,Female,Chennai,2019-01-10,244,16,4.97,0,3,1,0,Medium,62.89,0.25774590163934424,1105.3799999999999,4.5302459016393435,2789,0.06557377049180328,2590,1.31,43.9,Business
T01854,R0097,7.35,58.39,94.59,2024-08-06,0,-0.4679542849594846,-0.2016768643200244,0,1,8,1,0,0,0,0,0,1,0,0,0,0,0,0,0,4.560068212075671,2.122261538862764,7.641334961902927,-0.4707245482145349,-0.2016768643200244,-0.09711576135400826,0.2426400255074928,0.2836687306501548,0.2897252090800478,0,12.869387755102041,0,Zone_2,Aarav Iyer,23,Other,Bengaluru,2021-01-25,478,5,3.28,0,0,1,2,High,69.43,0.1452510460251046,1117.1,2.3370292887029285,2043,0.010460251046025104,6371,0.91,58.4,Residential
T01855,R0282,11.79,68.45,231.34,2023-08-10,0,1.1314495813679242,0.7961226917194085,0,3,8,0,0,0,1,0,1,0,0,0,0,0,0,0,0,5.448201816085329,2.548663615590751,8.273451516749223,1.153383771328497,0.7961226917194085,0.1825492534084508,0.6059889467531088,0.4554953560371517,0.33980485862206294,0,19.621713316369807,0,Zone_10,Reyansh Kumar,22,Other,Bengaluru,2022-05-02,319,3,4.47,0,0,5,2,Medium,92.87,0.29112852664576805,1399.75,4.387931034482759,1581,0.009404388714733543,2440,1.54,35.4,Industrial
T01856,R0245,5.01,41.54,56.43,2023-03-07,0,-0.91426691047359,-0.7275441979083742,0,1,3,0,1,0,0,0,0,0,0,0,0,1,0,0,0,4.0505668148762055,1.7934247485471162,6.445153217728808,-0.923930935591223,-0.7275441979083742,-0.5655407612294988,0.14124774152407268,0.19311145510835914,0.2058442851453604,0,11.263473053892216,0,Zone_6,Diya Sharma,35,Female,Hyderabad,2020-03-04,265,48,4.73,0,2,3,0,Medium,39.72,0.14988679245283018,751.33,2.8352075471698113,2370,0.1811320754716981,14627,0.54,37.6,Mixed
T01857,R0274,5.13,48.17,111.86,2023-03-13,0,-0.2659674127732005,-0.7005766423397408,0,0,3,0,0,0,1,1,0,0,0,0,0,0,0,0,0,4.726148112540994,1.81319474994812,6.940461079784253,-0.26561777908467643,-0.7005766423397408,-0.38122872863754015,0.2885269422892975,0.19775541795665635,0.23884906411788132,0,21.80506822612086,0,Zone_1,Reyansh Nair,27,Female,Surat,2019-03-18,31,5,3.04,0,0,3,0,Low,30.24,0.9754838709677419,477.15999999999997,15.392258064516128,2722,0.16129032258064516,4921,2.43,30.9,Residential
T01858,R0196,6.91,35.04,113.8,2023-02-07,0,-0.2432775151448629,-0.30055790140501315,0,1,2,0,0,1,0,0,0,0,0,0,1,0,0,0,0,4.743191483885466,2.0681277817795625,5.919459434779497,-0.24257741243083014,-0.30055790140501315,-0.7462388323980856,0.2936815814645552,0.26664086687306504,0.17348665870171245,0,16.46888567293777,0,Zone_5,Vivaan Das,18,Male,Hyderabad,2019-06-24,51,9,4.93,0,0,6,1,Low,95.95,1.8813725490196078,1623.43,31.831960784313726,2624,0.17647058823529413,2590,1.31,43.9,Business
T01859,R0297,4.9,32.94,47.64,2023-04-22,0,-1.0170731992122952,-0.7522644571796213,0,5,4,1,0,0,0,0,0,1,0,0,0,0,0,0,0,3.8844462376579116,1.7749523509116738,5.739337940912697,-1.0283251741929287,-0.7522644571796213,-0.8046182092371675,0.1178924434052503,0.1888544891640867,0.1630326563122262,0,9.722448979591837,0,Zone_2,Saanvi Gupta,47,Male,Pune,2023-09-20,396,46,3.87,0,2,9,1,High,23.72,0.059898989898989896,402.58,1.0166161616161615,1075,0.11616161616161616,6371,0.91,58.4,Residential
T01860,R0145,10.84,92.81,103.05,2023-07-08,0,-0.3690076179823009,0.5826295434677282,0,5,7,0,0,1,0,0,0,0,0,0,1,0,0,0,0,4.644871552839644,2.4714836294558595,9.633794683301073,-0.37024954723951453,0.5826295434677282,0.8597500247418008,0.2651185035604209,0.41873065015479877,0.4610712863401036,0,9.506457564575646,0,Zone_5,Saanvi Nair,36,Female,Jaipur,2022-12-09,222,43,4.3,0,4,12,0,Medium,46.34,0.20873873873873874,654.6600000000001,2.948918918918919,1360,0.19369369369369369,2590,1.31,43.9,Business
T01861,R0041,1.38,7.84,28.57,2023-07-12,0,-1.2401125537341504,-1.5433127538595324,0,2,7,0,0,1,0,0,0,1,0,0,0,0,0,0,0,3.3867603338643857,0.8671004876833833,2.8,-1.2548096031047067,-1.5433127538595324,-1.5023907609804799,0.06722287171856733,0.05263157894736842,0.03808243727598567,0,20.70289855072464,0,Zone_2,Aarav Nair,25,Other,Pune,2020-04-11,353,8,4.74,0,5,4,2,High,42.14,0.11937677053824362,702.16,1.9891218130311614,2332,0.0226628895184136,6371,0.91,58.4,Residential
T01862,R0217,12.15,119.63,130.46,2023-01-05,0,-0.048425095305633305,0.8770253584253088,0,3,1,0,0,0,1,0,0,0,0,0,1,0,0,0,0,4.87870262283543,2.5764217586237734,10.937549999885714,-0.044715294671510745,0.8770253584253088,1.6053380660866465,0.33794770963970666,0.4694272445820434,0.5945838311429709,0,10.737448559670781,0,Zone_5,Kavya Iyer,39,Other,Jaipur,2023-03-03,104,5,3.52,0,4,3,2,Low,42.44,0.40807692307692306,755.83,7.267596153846155,1276,0.04807692307692308,2590,1.31,43.9,Business
T01863,R0006,4.19,35.54,44.01,2024-01-19,0,-1.0595290385890301,-0.9118224942940352,0,4,1,1,0,0,0,0,0,0,0,1,0,0,0,0,0,3.806884687304841,1.6467336971777973,5.961543424315552,-1.071436788086466,-0.9118224942940352,-0.7323389807697328,0.10824742268041238,0.1613777089783282,0.17597570688968536,0,10.503579952267302,0,Zone_4,Aarav Das,45,Female,Jaipur,2023-06-30,248,13,4.64,0,4,6,0,Medium,63.24,0.255,1095.43,4.417056451612903,1157,0.05241935483870968,4038,2.46,48.2,Business
T01864,R0199,9.89,84.33,145.75,2024-01-29,0,0.13040404631152258,0.36913639521604785,0,0,1,0,0,0,1,0,0,0,0,0,0,0,0,0,1,4.988730458708206,2.387844936944869,9.183136719008381,0.13687604869823655,0.36913639521604785,0.6240085411249366,0.37857370602614515,0.38196594427244585,0.41885702907208283,0,14.737108190091,0,Zone_9,Aarav Das,29,Male,Ahmedabad,2021-08-03,344,27,3.91,0,1,8,1,High,85.15,0.24752906976744188,1600.5,4.652616279069767,1853,0.07848837209302326,11037,1.83,56.1,Mixed
T01865,R0213,2.06,12.73,25.96,2023-11-20,0,-1.270638653120728,-1.3904966056372767,0,0,11,1,0,0,0,0,0,0,0,0,1,0,0,0,0,3.2943542860441064,1.1184149159642893,3.5679125549822546,-1.2858072097884894,-1.3904966056372767,-1.3664502120551891,0.06028802210649378,0.07894736842105264,0.06242532855436082,0,12.601941747572816,0,Zone_5,Kavya Ghosh,29,Female,Chennai,2019-06-04,456,26,3.74,0,1,6,0,High,61.089999999999996,0.13396929824561402,1064.3999999999999,2.3342105263157893,2644,0.05701754385964912,2590,1.31,43.9,Business
T01866,R0208,10.39,103.43,97.61,2024-03-08,0,-0.43263289792980436,0.4815012100853534,0,4,3,0,1,0,0,0,0,0,0,0,0,0,0,0,1,4.591172676344238,2.432735777459091,10.170054080485512,-0.43485758569153715,0.4815012100853534,1.1549828733280152,0.2506642576256775,0.40131578947368424,0.5139386698526484,0,9.39461020211742,0,Zone_9,Aadhya Iyer,24,Other,Chennai,2020-01-08,356,53,4.75,0,2,1,2,High,49.42,0.13882022471910113,602.13,1.691376404494382,2426,0.14887640449438203,11037,1.83,56.1,Mixed
T01867,R0139,13.42,107.81,311.79,2023-09-06,0,2.072378583532751,1.1624319881933447,0,2,9,0,1,0,0,1,0,0,0,0,0,0,0,0,0,5.745532038850664,2.668616131856803,10.383159442096611,2.1088463988037214,1.1624319881933447,1.2767455735923858,0.8197470506961421,0.5185758513931888,0.5357427319792911,0,23.23323397913562,0,Zone_1,Diya Gupta,44,Other,Kolkata,2023-10-09,155,7,4.39,0,0,10,2,Low,58.92,0.38012903225806455,1002.23,6.466,1056,0.04516129032258064,4921,2.43,30.9,Residential
T01868,R0243,8.05,61.08,85.45,2023-08-17,0,-0.5748541119301063,-0.04436612350299643,0,3,8,0,1,0,0,0,0,1,0,0,0,0,0,0,0,4.4595662121293,2.2027647577118348,7.815369473031969,-0.5792755539960582,-0.04436612350299643,-0.022334559593470082,0.21835476671272186,0.3107585139318886,0.3031162883313421,0,10.614906832298136,0,Zone_2,Ishaan Patel,33,Male,Jaipur,2023-02-06,315,11,3.7,0,0,2,1,Medium,55.31,0.1755873015873016,948.53,3.011206349206349,1301,0.03492063492063492,6371,0.91,58.4,Residential
T01869,R0172,15.74,135.3,361.21,2024-06-29,0,2.6503861818793726,1.6838047291869225,0,5,6,0,0,1,0,0,0,0,0,1,0,0,0,0,0,5.89222415412396,2.8178010650613294,11.631852818876277,2.6957819245939705,1.6838047291869225,2.040959416119225,0.9510574981400786,0.608359133126935,0.6725906013540423,0,22.94853875476493,0,Zone_4,Reyansh Reddy,31,Other,Pune,2019-12-24,168,14,3.72,0,1,12,2,Medium,84.85,0.5050595238095238,1488.61,8.86077380952381,2441,0.08333333333333333,4038,2.46,48.2,Business
T01870,R0295,7.3,67.29,64.61,2023-12-26,0,-0.8185950740819395,-0.2129133458069549,0,1,12,0,1,0,0,1,0,0,0,0,0,0,0,0,0,4.1837281233567865,2.1162555148025524,8.203048213926333,-0.8267813483600567,-0.2129133458069549,0.15030159763067233,0.1629822510362419,0.28173374613003094,0.3340302668259658,0,8.85068493150685,0,Zone_1,Kavya Gupta,18,Female,Delhi,2019-05-29,98,18,3.59,0,2,5,0,Low,44.769999999999996,0.45683673469387753,524.04,5.34734693877551,2650,0.1836734693877551,4921,2.43,30.9,Residential
T01871,R0055,10.06,100.3,231.96,2024-04-05,0,1.1387009919501765,0.4073404322716117,0,4,4,0,0,0,1,1,0,0,0,0,0,0,0,0,0,5.450866765008321,2.403334996094189,10.014988766843425,1.1607471874756023,0.4073404322716117,1.067969802134526,0.6076363056647891,0.3885448916408669,0.49835722819593786,0,23.05765407554672,0,Zone_1,Kavya Singh,32,Male,Delhi,2021-11-07,425,12,4.19,0,6,11,1,High,71.7,0.16870588235294118,1109.56,2.610729411764706,1757,0.02823529411764706,4921,2.43,30.9,Residential
T01872,R0197,3.37,21.81,35.74,2023-04-05,0,-1.156253499097459,-1.0961007906796962,0,2,4,1,0,0,0,0,0,0,0,0,1,0,0,0,0,3.6038660797869797,1.4747630091074988,4.670117771534247,-1.1696552583067281,-1.0961007906796962,-1.1140289064843016,0.08627378042299927,0.1296439628482972,0.10762644364794902,0,10.605341246290802,0,Zone_5,Saanvi Das,29,Female,Bengaluru,2020-10-08,475,87,3.87,0,3,10,0,High,71.08,0.14964210526315788,973.0,2.048421052631579,2152,0.1831578947368421,2590,1.31,43.9,Business
T01873,R0150,10.19,66.96,226.21,2024-02-02,0,1.0714500067115469,0.43655528413763095,0,4,2,0,0,0,1,0,0,0,0,0,0,0,1,0,0,5.425874699962912,2.4150205223238337,8.182909018191513,1.092457440950027,0.43655528413763095,0.1411276955559591,0.5923583802742055,0.39357585139318885,0.3323874950219036,0,22.19921491658489,0,Zone_7,Ishaan Gupta,33,Male,Pune,2022-02-27,215,16,4.95,0,6,2,1,Medium,55.46,0.25795348837209303,753.84,3.506232558139535,1645,0.07441860465116279,11070,0.64,45.2,Industrial
T01874,R0281,5.16,39.1,43.14,2023-06-05,0,-1.0697044050512228,-0.6938347534475825,0,0,6,1,0,0,0,0,0,0,0,0,1,0,0,0,0,3.7873664008285903,1.8180767775454285,6.252999280345393,-1.0817693236477268,-0.6938347534475825,-0.6333720371758605,0.10593580614305452,0.19891640866873067,0.19369772998805257,0,8.36046511627907,0,Zone_5,Arjun Iyer,21,Female,Jaipur,2020-10-15,268,17,4.74,0,3,10,0,Medium,38.13,0.1422761194029851,549.63,2.050858208955224,2145,0.06343283582089553,2590,1.31,43.9,Business
T01875,R0056,4.4,30.29,54.44,2023-05-26,0,-0.9375415992779158,-0.8646292720489268,0,4,5,0,0,0,1,0,1,0,0,0,0,0,0,0,0,4.015301354881648,1.6863989535702288,5.503635162326805,-0.9475651261279004,-0.8646292720489268,-0.8782874228674376,0.13596025082367943,0.1695046439628483,0.1498407009159697,0,12.372727272727271,0,Zone_10,Meera Patel,40,Other,Hyderabad,2021-02-26,93,13,3.25,0,4,2,2,Low,66.22,0.7120430107526882,927.79,9.976236559139785,2011,0.13978494623655913,2440,1.54,35.4,Industrial
T01876,R0017,15.9,118.97,161.71,2023-06-17,0,0.317069389686919,1.7197614699451003,0,5,6,1,0,0,0,0,0,0,0,1,0,0,0,0,0,5.091969475151227,2.8273136219290276,10.907336980216574,0.32642463209792066,1.7197614699451003,1.586990261937221,0.4209799128493995,0.6145510835913314,0.5912982875348467,0,10.170440251572327,0,Zone_4,Meera Das,49,Female,Mumbai,2023-03-18,288,21,3.83,0,5,3,0,Medium,55.980000000000004,0.19437500000000002,812.31,2.820520833333333,1261,0.07291666666666667,4038,2.46,48.2,Business
T01877,R0281,1.65,9.01,22.93,2023-05-04,0,-1.306076998385606,-1.4826357538301072,0,3,5,0,0,1,0,1,0,0,0,0,0,0,0,0,0,3.175132901920282,0.9745596399981308,3.0016662039607267,-1.3217929370880535,-1.4826357538301072,-1.4698651081701342,0.05223721968328197,0.06308049535603716,0.0439068100358423,0,13.896969696969698,0,Zone_1,Arjun Iyer,21,Female,Jaipur,2020-10-15,268,17,4.74,0,3,10,0,Medium,38.13,0.1422761194029851,549.63,2.050858208955224,2145,0.06343283582089553,4921,2.43,30.9,Residential
T01878,R0097,7.43,39.47,109.72,2024-06-19,0,-0.29099647510549054,-0.1836984939409355,0,2,6,0,0,1,0,0,1,0,0,0,0,0,0,0,0,4.707004491869359,2.131796772013764,6.282515419798028,-0.2910334412698471,-0.1836984939409355,-0.6230861469708795,0.2828408970134977,0.2867647058823529,0.19553962564715252,0,14.767160161507404,0,Zone_10,Aarav Iyer,23,Other,Bengaluru,2021-01-25,478,5,3.28,0,0,1,2,High,69.43,0.1452510460251046,1117.1,2.3370292887029285,2043,0.010460251046025104,2440,1.54,35.4,Industrial
T01879,R0195,11.56,85.8,103.95,2023-03-24,0,-0.3584813768145153,0.7444348768795283,0,4,3,0,0,0,1,0,0,0,1,0,0,0,0,0,0,4.653484046266642,2.5305171610400525,9.262828941527529,-0.3595607173485548,0.7444348768795283,0.6648741049122939,0.26750983101286,0.4465944272445821,0.42617483074472323,0,8.992214532871973,0,Zone_3,Aadhya Reddy,33,Male,Kolkata,2021-05-27,72,10,4.97,0,3,5,1,Low,70.32000000000001,0.9766666666666668,1044.17,14.502361111111112,1921,0.1388888888888889,12971,2.11,38.0,Business
T01880,R0057,9.17,70.82,119.13,2023-11-17,0,-0.1809387757845332,0.20733106180424776,0,4,11,0,1,0,0,0,0,0,0,1,0,0,0,0,0,4.788574489733284,2.3194422100604686,8.415461959987699,-0.17927578652103593,0.20733106180424776,0.24843455012684296,0.3078435540440004,0.3541021671826626,0.35160294703305456,0,12.991275899672846,0,Zone_4,Aadhya Reddy,39,Male,Bengaluru,2023-06-04,407,11,3.66,0,6,6,1,High,100.32,0.24648648648648647,1584.1100000000001,3.8921621621621623,1183,0.02702702702702703,4038,2.46,48.2,Business
T01881,R0213,1.24,11.4,13.83,2024-08-14,0,-1.4125089924154375,-1.5747749020229378,0,2,8,0,0,0,1,0,0,0,0,0,0,1,0,0,0,2.696652156149841,0.8064758658669484,3.3763886032268267,-1.429868883763312,-1.5747749020229378,-1.4034238173866076,0.02805824210861941,0.047213622291021676,0.055804460374352854,0,11.153225806451614,0,Zone_6,Kavya Ghosh,29,Female,Chennai,2019-06-04,456,26,3.74,0,1,6,0,High,61.089999999999996,0.13396929824561402,1064.3999999999999,2.3342105263157893,2644,0.05701754385964912,14627,0.54,37.6,Mixed
T01882,R0022,11.02,71.31,123.44,2023-05-11,0,-0.13052977641436037,0.6230808768206781,0,3,5,0,0,0,1,0,0,0,0,0,0,0,0,1,0,4.8238236720294365,2.4865719291070616,8.444524853418338,-0.12808816782099594,0.6230808768206781,0.262056404722629,0.3192953555106812,0.4256965944272446,0.35404221425726806,0,11.201451905626135,0,Zone_8,Aarav Nair,43,Female,Kolkata,2020-09-14,220,1,3.32,0,0,9,0,Medium,52.25,0.2375,827.22,3.760090909090909,2176,0.004545454545454545,4516,1.93,31.0,Business
T01883,R0010,1.11,10.93,24.81,2024-05-14,0,-1.2840888501684542,-1.6039897538889571,0,1,5,0,0,1,0,0,0,0,0,0,0,1,0,0,0,3.2507620137305224,0.7466879474879752,3.306055050963308,-1.2994651590936044,-1.6039897538889571,-1.416489677917259,0.05723243702837709,0.0421826625386997,0.053464755077658306,0,22.351351351351347,0,Zone_6,Vivaan Gupta,25,Female,Surat,2023-05-14,173,1,3.38,0,6,5,0,Medium,85.25,0.49277456647398843,1204.51,6.962485549132948,1204,0.005780346820809248,14627,0.54,37.6,Mixed
T01884,R0265,5.78,51.31,97.08,2023-02-27,0,-0.4388316843952781,-0.5545023830096436,0,0,2,0,0,1,0,1,0,0,0,0,0,0,0,0,0,4.585783472187901,1.9139771019523042,7.163099887618489,-0.4411521188495467,-0.5545023830096436,-0.29393766041148434,0.24925603145924113,0.22291021671826627,0.25448028673835127,0,16.79584775086505,0,Zone_1,Kavya Das,39,Female,Bengaluru,2020-11-26,176,24,3.26,0,3,11,0,Medium,44.879999999999995,0.25499999999999995,607.71,3.4528977272727275,2103,0.13636363636363635,4921,2.43,30.9,Residential
T01885,R0198,6.78,42.21,143.92,2023-10-22,0,0.10900068927035858,-0.32977275327103256,0,6,10,0,1,0,0,0,0,0,0,0,0,0,1,0,0,4.976181866026876,2.0515563381903004,6.496922348312315,0.1151420945866185,-0.32977275327103256,-0.546914960047506,0.3737113402061855,0.26160990712074306,0.2091796097172441,0,21.227138643067843,0,Zone_7,Vivaan Kumar,31,Other,Mumbai,2021-12-10,202,23,3.85,0,4,12,2,Medium,39.11,0.19361386138613862,588.51,2.9134158415841584,1724,0.11386138613861387,11070,0.64,45.2,Industrial
T01886,R0293,6.6,47.47,164.58,2024-08-17,1,0.35063640318863504,-0.37022408662398265,0,5,8,0,0,0,1,0,0,0,0,0,0,1,0,0,0,5.10945446171066,2.028148247292285,6.8898476035395735,0.3605101229724253,-0.37022408662398265,-0.40068852091723417,0.4286055903921777,0.2546439628482972,0.23536439665471923,0,24.93636363636364,1,Zone_6,Arjun Kumar,39,Female,Delhi,2019-10-01,248,44,3.2,0,1,10,0,Medium,22.42,0.09040322580645162,401.42,1.6186290322580645,2525,0.1774193548387097,14627,0.54,37.6,Mixed
T01887,R0222,7.47,74.53,113.68,2024-01-21,0,-0.2446810139672342,-0.17470930875139104,0,6,1,0,0,1,0,0,0,0,0,0,1,0,0,0,0,4.742145641015169,2.136530508663963,8.633075929238663,-0.24400258974962463,-0.17470930875139104,0.3515714492092212,0.29336273780423,0.288312693498452,0.37007168458781364,0,15.218206157965195,0,Zone_5,Aarav Singh,27,Male,Surat,2022-08-28,475,12,3.44,0,6,8,1,High,79.05,0.16642105263157894,1325.63,2.7908000000000004,1463,0.02526315789473684,2590,1.31,43.9,Business
T01888,R0046,11.33,85.5,178.34,2024-06-29,0,0.5115709348205556,0.6927470620396476,0,5,6,0,0,0,1,0,1,0,0,0,0,0,0,0,0,5.189283445523902,2.512035317176253,9.246621004453464,0.5239304555275413,0.6927470620396476,0.6565341939352823,0.4651663301094697,0.4376934984520124,0.4246814018319395,0,15.740511915269197,0,Zone_10,Vivaan Singh,31,Female,Kolkata,2019-08-16,31,4,3.87,0,4,8,0,Low,80.02,2.581290322580645,1296.42,41.82,2571,0.12903225806451613,2440,1.54,35.4,Industrial
T01889,R0018,7.15,53.93,134.58,2023-08-24,0,-0.00023830240421516004,-0.24662279026774644,0,3,8,0,0,0,1,0,0,0,1,0,0,0,0,0,0,4.909561872002819,2.0980179272527715,7.343704787094863,0.004215793273771145,-0.24662279026774644,-0.22110243787891556,0.3488946753108726,0.27592879256965946,0.26752289924332934,0,18.822377622377623,0,Zone_3,Aarav Reddy,49,Female,Delhi,2023-01-09,446,86,3.29,0,0,1,0,High,54.19,0.12150224215246637,1044.33,2.3415470852017934,1329,0.19282511210762332,12971,2.11,38.0,Business
T01890,R0256,8.92,50.75,215.0,2023-08-01,0,0.9403398250550185,0.15114865436959501,0,1,8,0,1,0,0,0,0,0,1,0,0,0,0,0,0,5.375278407684165,2.2945529212967815,7.123903424387503,0.9593221264192965,0.15114865436959501,-0.30950549423523954,0.5625730683388245,0.3444272445820434,0.2516925527678216,0,24.103139013452914,0,Zone_3,Aadhya Sharma,31,Female,Delhi,2021-03-25,265,8,3.65,0,3,3,0,Medium,41.45,0.15641509433962264,753.8,2.8445283018867924,1984,0.03018867924528302,12971,2.11,38.0,Business
T01891,R0033,19.31,167.79,379.63,2023-07-01,0,3.9495582584544993,2.4860895073537637,0,5,7,0,1,0,0,0,0,1,0,0,0,0,0,0,0,5.94182777466688,3.011113375592293,12.953377937819926,2.9145466430289444,2.4860895073537637,2.9441717749295915,0.9999999999999999,0.746517027863777,0.8343289526085225,0,19.659761781460386,0,Zone_2,Diya Iyer,18,Female,Chennai,2019-05-22,472,37,3.24,0,2,5,0,High,32.06,0.06792372881355933,606.49,1.2849364406779662,2657,0.07838983050847458,6371,0.91,58.4,Residential
T01892,R0202,13.63,136.03,119.82,2024-07-26,0,-0.1728686575558977,1.2096252104384533,0,4,7,1,0,0,0,0,0,0,0,1,0,0,0,0,0,4.794301834710595,2.683074215032033,11.663189958154673,-0.17108101693796693,1.2096252104384533,2.06125319949662,0.3096769050908704,0.5267027863777091,0.6762246117084827,0,8.790902421129859,0,Zone_4,Aadhya Reddy,27,Male,Ahmedabad,2021-10-28,317,0,4.72,0,3,10,1,Medium,73.7,0.23249211356466878,909.14,2.86794952681388,1767,0.0,4038,2.46,48.2,Business
T01893,R0242,8.3,52.21,81.63,2023-05-01,0,-0.619532157775596,0.011816283931656334,0,0,5,0,0,0,1,0,0,0,0,0,0,0,0,1,0,4.414372810713093,2.2300144001592104,7.22564875980005,-0.6246436986443537,0.011816283931656334,-0.2689179274804493,0.20820491019236897,0.3204334365325078,0.25896057347670254,0,9.834939759036143,0,Zone_8,Kavya Iyer,34,Male,Ahmedabad,2022-06-05,445,8,4.54,0,6,6,1,High,26.27,0.05903370786516854,328.19,0.7375056179775281,1547,0.017977528089887642,4516,1.93,31.0,Business
T01894,R0093,20.94,201.07,379.63,2024-02-23,0,3.8768102361615813,2.8523988038277,0,4,2,0,0,1,0,0,1,0,0,0,0,0,0,0,0,5.94182777466688,3.088311454847084,14.17991537351334,2.9145466430289444,2.8523988038277,3.8693458993127563,0.9999999999999999,0.8095975232198144,0.9999999999999999,0,18.129417382999044,0,Zone_10,Diya Patel,33,Other,Surat,2019-05-30,119,18,3.77,0,3,5,2,Low,71.55000000000001,0.6012605042016808,1189.8899999999999,9.999075630252099,2649,0.15126050420168066,2440,1.54,35.4,Industrial
T01895,R0184,4.82,24.32,74.34,2023-03-11,0,-0.7047947112346584,-0.7702428275587102,0,5,3,0,0,1,0,0,0,1,0,0,0,0,0,0,0,4.322011202263895,1.7613002617433464,4.931531202375181,-0.7112232207611264,-0.7702428275587102,-1.0442516513099702,0.18883515782761187,0.18575851393188855,0.12012146555157308,0,15.423236514522822,0,Zone_2,Meera Nair,29,Female,Surat,2020-03-04,285,27,3.97,0,2,3,0,Medium,69.16,0.24266666666666664,1212.72,4.2551578947368425,2370,0.09473684210526316,6371,0.91,58.4,Residential
T01896,R0209,10.6,78.22,107.9,2024-07-28,0,-0.3122828739114567,0.5286944323304615,0,6,7,1,0,0,0,0,0,0,0,0,0,0,0,1,0,4.690430029938915,2.451005098112319,8.84420714366189,-0.31264863060489867,0.5286944323304615,0.45415235422646505,0.2780051014985652,0.40944272445820434,0.38844086021505375,0,10.179245283018869,0,Zone_8,Vivaan Sharma,31,Other,Surat,2020-06-11,109,20,3.77,0,3,6,2,Low,58.52,0.5368807339449542,735.09,6.743944954128441,2271,0.1834862385321101,4516,1.93,31.0,Business
T01897,R0235,0.12,0.79,3.27,2023-07-21,1,-1.5567184964140988,-1.8264720873301823,0,4,7,0,1,0,0,0,0,1,0,0,0,0,0,0,0,1.451613827240533,0.11332868530700317,0.8888194417315589,-1.555284487817238,-1.8264720873301823,-1.6983786689402547,0.0,0.0038699690402476776,0.002986857825567503,0,27.25,1,Zone_2,Aarav Ghosh,34,Other,Delhi,2021-02-15,284,8,4.06,0,0,2,2,Medium,55.65,0.1959507042253521,846.06,2.9790845070422534,2022,0.028169014084507043,6371,0.91,58.4,Residential
T01898,R0265,9.99,65.36,192.77,2024-05-05,0,0.6803416682107166,0.3916093581899089,0,6,5,0,0,1,0,0,0,0,0,0,0,1,0,0,0,5.266671888712491,2.39698576841553,8.084553172563094,0.695308028112594,0.3916093581899089,0.0966481703452302,0.5035072802635775,0.3858359133126935,0.3244225408203903,0,19.296296296296298,0,Zone_6,Kavya Das,39,Female,Bengaluru,2020-11-26,176,24,3.26,0,3,11,0,Medium,44.879999999999995,0.25499999999999995,607.71,3.4528977272727275,2103,0.13636363636363635,14627,0.54,37.6,Mixed
T01899,R0177,7.44,38.48,88.56,2024-07-22,0,-0.5384801007836475,-0.18145119764354922,0,0,7,0,0,1,0,0,1,0,0,0,0,0,0,0,0,4.494908791730554,2.132982308607866,6.203224967708329,-0.5423397084839644,-0.18145119764354922,-0.6506078531950181,0.2266181315761505,0.28715170278637775,0.1906113102349661,0,11.903225806451612,0,Zone_10,Ishaan Reddy,34,Other,Bengaluru,2023-02-15,489,63,4.48,0,2,2,2,High,115.74,0.23668711656441715,1866.76,3.8175051124744375,1292,0.12883435582822086,2440,1.54,35.4,Industrial
T01900,R0150,8.3,80.45,93.17,2023-06-20,0,-0.4845623543575462,0.011816283931656334,0,1,6,0,1,0,0,0,0,0,0,1,0,0,0,0,0,4.545101659521972,2.2300144001592104,8.969392398596462,-0.4875891464869379,0.011816283931656334,0.5161456924889188,0.23886704219364438,0.3204334365325078,0.39954201513341303,0,11.225301204819276,0,Zone_4,Ishaan Gupta,33,Male,Pune,2022-02-27,215,16,4.95,0,6,2,1,Medium,55.46,0.25795348837209303,753.84,3.506232558139535,1645,0.07441860465116279,4038,2.46,48.2,Business
T01901,R0225,9.85,62.56,110.98,2023-05-26,0,-0.27625973747059074,0.3601472100265032,0,4,5,0,0,1,0,0,0,0,0,0,0,1,0,0,0,4.718320283920748,2.3841650799864684,7.909487973314076,-0.2760690794225035,0.3601472100265032,0.018809001226454413,0.2861887554469125,0.38041795665634676,0.31048387096774194,0,11.267005076142134,0,Zone_6,Ishaan Sharma,39,Female,Delhi,2020-06-15,465,9,4.08,0,0,6,0,High,48.33,0.10393548387096774,672.9200000000001,1.4471397849462366,2267,0.01935483870967742,14627,0.54,37.6,Mixed
T01902,R0261,9.4,89.17,89.44,2023-10-07,0,-0.5281877760862572,0.2590188766441284,0,5,10,0,0,1,0,1,0,0,0,0,0,0,0,0,0,4.504686647409769,2.341805806147327,9.442986815621422,-0.5318884081461372,0.2590188766441284,0.7585591048873922,0.22895631841853542,0.3630030959752322,0.4429510155316607,0,9.514893617021276,0,Zone_1,Aarav Kumar,31,Male,Pune,2022-08-26,477,83,4.24,0,4,8,1,High,49.17,0.10308176100628931,649.73,1.3621174004192873,1465,0.1740041928721174,4921,2.43,30.9,Residential
T01903,R0227,2.64,19.46,45.45,2023-06-18,0,-1.0426870527205732,-1.2601534203888822,0,6,6,1,0,0,0,0,0,0,0,1,0,0,0,0,0,3.8383764652598478,1.2919836816486494,4.411349000022556,-1.0543346602609305,-1.2601534203888822,-1.1793582091375598,0.11207354660431502,0.10139318885448918,0.09592791716447631,0,17.21590909090909,0,Zone_4,Arjun Nair,25,Other,Pune,2020-07-11,320,23,4.12,0,5,7,2,Medium,28.32,0.0885,508.21,1.58815625,2241,0.071875,4038,2.46,48.2,Business
T01904,R0034,6.08,38.77,146.96,2023-07-21,1,0.1445559927704343,-0.48708349408806034,0,4,7,0,1,0,0,0,0,0,0,0,1,0,0,0,0,4.996941966964253,1.9572739077056285,6.226556030423239,0.15124658666274904,-0.48708349408806034,-0.6425459392505734,0.3817887129344245,0.2345201238390093,0.19205495818399043,0,24.17105263157895,1,Zone_5,Arjun Iyer,26,Other,Chennai,2019-04-23,484,48,3.1,0,1,4,2,High,22.86,0.047231404958677684,425.25,0.8786157024793388,2686,0.09917355371900827,2590,1.31,43.9,Business
T01905,R0196,8.03,40.53,149.92,2023-12-17,0,0.17917563038892861,-0.04886071609776895,0,6,12,0,0,1,0,0,0,0,0,0,0,0,0,1,0,5.01674989509611,2.200552367428894,6.366317616958802,0.18640096052634933,-0.04886071609776895,-0.5936184615187714,0.38965352322244656,0.309984520123839,0.2008164078056551,0,18.669987546699875,0,Zone_8,Vivaan Das,18,Male,Hyderabad,2019-06-24,51,9,4.93,0,0,6,1,Low,95.95,1.8813725490196078,1623.43,31.831960784313726,2624,0.17647058823529413,4516,1.93,31.0,Business
T01906,R0295,0.85,4.85,20.88,2024-06-13,1,-1.3300534366011176,-1.662419457620996,0,3,6,0,1,0,0,0,0,0,0,1,0,0,0,0,0,3.0855729775537806,0.6151856390902334,2.202271554554524,-1.3461397162841282,-1.662419457620996,-1.5855118737180296,0.04679030715272611,0.032120743034055724,0.023197929111907604,0,24.56470588235294,1,Zone_4,Kavya Gupta,18,Female,Delhi,2019-05-29,98,18,3.59,0,2,5,0,Low,44.769999999999996,0.45683673469387753,524.04,5.34734693877551,2650,0.1836734693877551,4038,2.46,48.2,Business
T01907,R0237,12.01,82.33,294.45,2023-03-10,1,1.8695730037000833,0.8455632102619031,0,4,3,0,0,0,1,0,0,0,0,0,0,0,0,1,0,5.688499617791684,2.565718292524414,9.07358804442873,1.9029082762378988,0.8455632102619031,0.5684091346115253,0.7736741417791476,0.4640092879256966,0.40890083632019114,0,24.51706910907577,1,Zone_8,Aadhya Nair,40,Male,Chennai,2022-12-13,36,3,3.71,0,1,12,1,Low,97.37,2.7047222222222222,1759.7,48.88055555555556,1356,0.08333333333333333,4516,1.93,31.0,Business
T01908,R0008,17.41,116.11,273.32,2024-08-12,0,1.6224402527275192,2.059103210850403,0,0,8,0,0,0,1,0,0,0,0,0,0,1,0,0,0,5.614295308154665,2.9128939952449864,10.775435026020991,1.6519583033534802,2.059103210850403,1.5074831106230426,0.7175310872568816,0.6729876160990712,0.5770609318996416,0,15.699023549684089,0,Zone_6,Ishaan Ghosh,28,Female,Jaipur,2022-10-01,215,23,4.02,0,5,10,0,Medium,48.25,0.22441860465116278,893.27,4.1547441860465115,1429,0.10697674418604651,14627,0.54,37.6,Mixed
T01909,R0232,9.52,79.46,192.94,2023-01-16,0,0.6823299582090759,0.28598643221276154,0,0,1,0,0,0,1,0,0,0,0,0,1,0,0,0,0,5.2675488328764,2.3532782073095637,8.91403387922662,0.6973270293142195,0.28598643221276154,0.48862398626477993,0.5039589754490381,0.36764705882352944,0.39461369972122656,0,20.266806722689076,0,Zone_5,Meera Das,38,Male,Jaipur,2022-12-08,172,15,3.94,0,3,12,1,Medium,93.19999999999999,0.541860465116279,1490.84,8.667674418604651,1361,0.0872093023255814,2590,1.31,43.9,Business
T01910,R0183,5.36,30.69,130.84,2023-10-11,1,-0.04398068236812393,-0.6488888274998602,0,2,10,1,0,0,0,0,0,0,0,1,0,0,0,0,0,4.881589066161162,1.8500283773520307,5.539855593785816,-0.04020223316199451,-0.6488888274998602,-0.8671675415647552,0.33895738123073654,0.20665634674922603,0.15183193946634807,0,24.41044776119403,1,Zone_4,Arjun Patel,43,Other,Jaipur,2022-08-27,406,66,3.79,0,5,8,2,High,57.78,0.14231527093596058,851.14,2.0964039408866997,1464,0.1625615763546798,4038,2.46,48.2,Business
T01911,R0292,3.51,32.24,46.7,2023-04-16,0,-1.0280672733208711,-1.0646386425162908,0,6,4,0,0,0,1,0,0,0,0,0,0,1,0,0,0,3.8649313978942956,1.506297153514587,5.678027826631356,-1.0394890631901532,-1.0646386425162908,-0.8240780015168614,0.11539483473270275,0.13506191950464397,0.15954798884906413,0,13.304843304843306,0,Zone_6,Diya Patel,37,Female,Jaipur,2020-06-28,141,19,4.39,0,6,6,0,Low,79.36,0.5628368794326241,1137.89,8.070141843971632,2254,0.1347517730496454,14627,0.54,37.6,Mixed
T01912,R0270,0.4,3.71,6.92,2023-02-11,0,-1.4933271329369906,-1.763547791003371,0,5,2,0,0,0,1,0,0,0,0,0,0,0,0,0,1,2.0693912058263346,0.33647223662121295,1.9261360284258222,-1.5119353443705685,-1.763547791003371,-1.617203535430674,0.009698161334892126,0.014705882352941178,0.01752289924332935,0,17.299999999999997,0,Zone_9,Aadhya Reddy,35,Male,Hyderabad,2022-01-02,455,64,3.08,0,6,1,1,High,59.04,0.12975824175824174,1101.53,2.420945054945055,1701,0.14065934065934066,11037,1.83,56.1,Mixed
T01913,R0224,9.7,55.17,127.01,2023-05-08,0,-0.08877568644881112,0.32643776556571147,0,0,5,0,0,0,1,1,0,0,0,0,0,0,0,0,0,4.852108385868018,2.3702437414678603,7.427651041883968,-0.085689142586856,0.32643776556571147,-0.18663080584060046,0.3287809544053566,0.3746130030959752,0.2736957387495022,0,13.093814432989692,0,Zone_1,Ishaan Sharma,29,Female,Ahmedabad,2020-08-04,200,1,4.31,0,1,8,0,Medium,41.71,0.20855,514.14,2.5707,2217,0.005,4921,2.43,30.9,Residential
T01914,R0089,14.31,81.68,133.14,2023-12-22,0,-0.017080288272672276,1.3624413586607087,0,4,12,1,0,0,0,0,0,0,0,0,0,0,1,0,0,4.898884030671591,2.7285062096695922,9.037698822156003,-0.012886334551764564,1.3624413586607087,0.5503393274946669,0.3450685513869699,0.5530185758513932,0.40566507367582644,0,9.303983228511528,0,Zone_7,Saanvi Reddy,48,Other,Surat,2022-09-21,308,6,3.91,0,2,9,2,Medium,89.83,0.29165584415584417,1415.55,4.595941558441559,1439,0.01948051948051948,11070,0.64,45.2,Industrial
T01915,R0252,6.9,53.47,157.6,2023-08-05,0,0.26899955502069833,-0.3028051977023992,0,5,8,0,0,1,0,0,0,0,0,0,0,1,0,0,0,5.066385309200747,2.066862759472976,7.312318373812781,0.27761230892920485,-0.3028051977023992,-0.23389030137700018,0.4100595174832607,0.26625386996904027,0.26523297491039427,0,22.840579710144926,0,Zone_6,Reyansh Gupta,38,Other,Ahmedabad,2020-09-23,392,47,4.83,0,2,9,2,High,100.41,0.25614795918367345,1682.05,4.290943877551021,2167,0.11989795918367346,14627,0.54,37.6,Mixed
T01916,R0140,0.56,4.79,10.76,2024-05-21,0,-1.4484151706211057,-1.7275910502451932,0,1,5,0,0,1,0,0,0,0,0,0,0,1,0,0,0,2.464703942470481,0.44468582126144574,2.188606862823929,-1.4663296701691408,-1.7275910502451932,-1.587179855913432,0.019901158465299183,0.020897832817337467,0.022899243329350855,0,19.21428571428571,0,Zone_6,Aadhya Nair,29,Female,Delhi,2020-04-17,499,45,4.92,0,4,4,0,High,34.81,0.06975951903807616,618.11,1.2386973947895792,2326,0.09018036072144289,14627,0.54,37.6,Mixed
T01917,R0001,3.64,26.21,66.38,2023-01-09,0,-0.7978934664519615,-1.0354237906502712,0,0,1,0,0,0,1,0,0,0,0,1,0,0,0,0,0,4.2103482379784065,1.534714366238164,5.119570294468081,-0.8057599829078361,-1.0354237906502712,-0.9917102121547966,0.16768519502603887,0.14009287925696595,0.1295300677021107,0,18.236263736263734,0,Zone_4,Aarav Das,23,Male,Pune,2020-06-29,56,0,3.76,0,0,6,1,Low,20.84,0.37214285714285716,317.57,5.670892857142857,2253,0.0,4038,2.46,48.2,Business
T01918,R0024,5.14,41.41,105.17,2023-08-27,0,-0.3442124721204061,-0.6983293460423547,0,6,8,0,0,1,0,0,0,0,0,0,0,0,0,0,1,4.665041583025482,1.814824742159051,6.435060217278467,-0.34507141460747626,-0.6983293460423547,-0.5691547226528706,0.27075140822616645,0.1981424148606811,0.20519713261648742,0,20.461089494163424,0,Zone_9,Meera Kumar,41,Other,Chennai,2019-07-10,140,16,3.49,0,2,7,2,Low,30.97,0.2212142857142857,477.89,3.4135,2608,0.11428571428571428,11037,1.83,56.1,Mixed
T01919,R0100,1.6600000000000001,11.24,25.28,2024-01-06,0,-1.2785918131141663,-1.480388457532721,0,5,1,0,1,0,0,0,0,0,0,0,1,0,0,0,0,3.26880819361641,0.9783261227936078,3.352610922848042,-1.2938832145949923,-1.480388457532721,-1.4078717699076804,0.05848124136465087,0.06346749226006193,0.055007964954201516,0,15.228915662650602,0,Zone_5,Ishaan Gupta,28,Male,Delhi,2021-05-24,383,60,3.79,0,0,5,1,High,101.45,0.26488250652741513,1657.49,4.327650130548303,1924,0.1566579634464752,2590,1.31,43.9,Business
T01920,R0174,6.45,43.18,135.11,2023-01-03,0,0.00596048406125854,-0.4039335310847742,0,1,1,0,1,0,0,0,0,0,1,0,0,0,0,0,0,4.913463382343982,2.0082140323914683,6.571149062378664,0.010510326431780716,-0.4039335310847742,-0.5199492478885015,0.35030290147730897,0.2488390092879257,0.21400836320191158,0,20.94728682170543,0,Zone_3,Aadhya Patel,32,Male,Kolkata,2019-02-07,320,7,3.8,0,3,2,1,Medium,62.14,0.1941875,921.79,2.88059375,2761,0.021875,12971,2.11,38.0,Business
T01921,R0149,12.46,71.95,127.51,2023-08-15,0,-0.08292777468893028,0.9466915436442783,0,1,8,1,0,0,0,0,0,0,0,0,0,0,0,1,0,4.85600672231905,2.599722324216582,8.482334584299302,-0.0797509037585451,0.9466915436442783,0.2798482148069206,0.3301094696567117,0.4814241486068112,0.35722819593787336,0,10.23354735152488,0,Zone_8,Diya Reddy,30,Male,Jaipur,2019-09-14,89,8,4.57,0,5,9,1,Low,42.42,0.4766292134831461,661.12,7.428314606741573,2542,0.0898876404494382,4516,1.93,31.0,Business
T01922,R0008,0.41000000000000003,3.5,8.81,2024-03-25,0,-1.471222026484641,-1.761300494705985,0,0,3,0,1,0,0,0,0,0,1,0,0,0,0,0,0,2.2834022735772717,0.34358970439007697,1.8708286933869707,-1.4894888015995533,-1.761300494705985,-1.6230414731145824,0.01471994898501435,0.015092879256965947,0.016477499004380725,0,21.48780487804878,0,Zone_3,Ishaan Ghosh,28,Female,Jaipur,2022-10-01,215,23,4.02,0,5,10,0,Medium,48.25,0.22441860465116278,893.27,4.1547441860465115,1429,0.10697674418604651,12971,2.11,38.0,Business
T01923,R0204,5.2,46.01,119.73,2023-09-02,0,-0.17392128167267612,-0.684845568258038,0,5,9,1,0,0,0,0,0,0,0,0,0,0,0,1,0,4.793556647344296,1.824549292051046,6.783067152844648,-0.17214989992706276,-0.684845568258038,-0.4412760876720245,0.3094377723456265,0.20046439628482973,0.2280963759458383,0,23.025,0,Zone_8,Aarav Kumar,37,Female,Hyderabad,2019-01-01,438,5,3.73,0,1,1,0,High,67.81,0.15481735159817353,901.35,2.0578767123287673,2798,0.01141552511415525,4516,1.93,31.0,Business
T01924,R0142,2.12,10.73,33.63,2023-02-25,0,-1.1809316867241564,-1.37701282785296,0,5,2,0,1,0,0,0,0,1,0,0,0,0,0,0,0,3.5447203584143305,1.1378330018213911,3.27566787083184,-1.1947146261622001,-1.37701282785296,-1.4220496185686005,0.08066744606228081,0.08126934984520125,0.05246913580246914,0,15.86320754716981,0,Zone_2,Meera Nair,33,Female,Kolkata,2021-03-04,78,5,3.48,0,3,3,0,Low,27.12,0.3476923076923077,419.5,5.378205128205129,2005,0.0641025641025641,6371,0.91,58.4,Residential
T01925,R0039,3.9,35.93,89.93,2023-04-03,0,-0.522456822561574,-0.9769940869182323,0,0,4,1,0,0,0,0,0,0,0,0,0,0,0,0,1,4.510089979737821,1.589235205116581,5.994163828258284,-0.5260689340943925,-0.9769940869182323,-0.7214970964996176,0.23025826336486344,0.1501547987616099,0.17791716447630423,0,23.05897435897436,0,Zone_9,Aadhya Iyer,24,Male,Chennai,2023-11-18,190,14,4.2,0,5,11,1,Medium,33.86,0.17821052631578946,508.06,2.674,1016,0.07368421052631578,11037,1.83,56.1,Mixed
T01926,R0155,7.26,70.43,80.96,2024-04-19,0,-0.6273683595338363,-0.22190253099649937,0,4,4,0,0,1,0,0,0,0,0,1,0,0,0,0,0,4.406231323370699,2.1114245875328868,8.392258337301111,-0.6326009386742902,-0.22190253099649937,0.23759266585672814,0.20642469975555316,0.2801857585139319,0.3496614894464357,0,11.15151515151515,0,Zone_4,Meera Reddy,23,Male,Hyderabad,2019-02-10,353,8,3.14,0,6,2,1,High,60.91,0.17254957507082153,931.71,2.639405099150142,2758,0.0226628895184136,4038,2.46,48.2,Business
T01927,R0150,13.11,67.82,119.86,2023-02-26,0,-0.17240082461510714,1.0927658029743752,0,6,2,1,0,0,0,0,1,0,0,0,0,0,0,0,0,4.794632850933413,2.6468837658647226,8.235289915965314,-0.170605957831702,1.0927658029743752,0.16503544035672596,0.30978318631097884,0.506578947368421,0.33666865790521705,0,9.142639206712433,0,Zone_10,Ishaan Gupta,33,Male,Pune,2022-02-27,215,16,4.95,0,6,2,1,Medium,55.46,0.25795348837209303,753.84,3.506232558139535,1645,0.07441860465116279,2440,1.54,35.4,Industrial
T01928,R0073,10.28,63.91,169.9,2023-09-03,0,0.4128581843137671,0.4567809508141059,0,6,9,1,0,0,0,0,0,0,0,0,0,0,0,0,1,5.141078590121546,2.423031246069913,7.994373021069257,0.4236929841056532,0.4567809508141059,0.056338600623006906,0.44274099266659583,0.39705882352941174,0.3172043010752688,0,16.527237354085603,0,Zone_9,Meera Das,41,Other,Ahmedabad,2021-06-19,490,30,3.01,0,5,6,2,High,78.61,0.16042857142857142,1275.7,2.6034693877551023,1898,0.061224489795918366,11037,1.83,56.1,Mixed
T01929,R0191,2.08,18.48,46.88,2023-05-08,0,-1.025962025087314,-1.3860020130425046,0,0,5,0,1,0,0,0,0,1,0,0,0,0,0,0,0,3.8686978806897723,1.1249295969854831,4.298837052040936,-1.0373512972119614,-1.3860020130425046,-1.2066019183291314,0.11587310022319057,0.07972136222910219,0.09104938271604938,0,22.53846153846154,0,Zone_2,Meera Gupta,33,Other,Surat,2020-08-14,87,6,4.56,0,4,8,2,Low,83.17,0.9559770114942528,1326.52,15.24735632183908,2207,0.06896551724137931,6371,0.91,58.4,Residential
T01930,R0229,8.47,65.57,122.37,2023-01-29,0,-0.1430443075805053,0.050020320987220195,0,6,1,0,0,0,1,0,0,0,0,0,0,0,0,0,1,4.8151879700833735,2.248128907197987,8.097530487747484,-0.1407959989135812,0.050020320987220195,0.10248610802913821,0.3164523328727814,0.32701238390092885,0.3254679410593389,0,14.447461629279811,0,Zone_9,Reyansh Ghosh,22,Female,Mumbai,2020-11-23,146,16,4.43,0,0,11,0,Low,38.68,0.26493150684931505,688.5,4.715753424657534,2106,0.1095890410958904,11037,1.83,56.1,Mixed
T01931,R0150,6.33,58.62,124.24,2024-02-04,0,-0.12117311759855107,-0.43090108665340754,0,6,2,0,0,0,1,0,0,0,0,1,0,0,0,0,0,4.830231896458205,1.9919755158985601,7.656369897020388,-0.11858698569569852,-0.43090108665340754,-0.09072182960496604,0.3214209799128494,0.2441950464396285,0.2908701712465153,0,19.627172195892573,0,Zone_4,Ishaan Gupta,33,Male,Pune,2022-02-27,215,16,4.95,0,6,2,1,Medium,55.46,0.25795348837209303,753.84,3.506232558139535,1645,0.07441860465116279,4038,2.46,48.2,Business
T01932,R0161,7.94,64.43,66.52,2023-10-05,0,-0.7962560511591948,-0.06908638277424371,0,3,10,0,0,1,0,0,0,0,1,0,0,0,0,0,0,4.212423850287702,2.190535589185423,8.026830009412185,-0.8040972760359091,-0.06908638277424371,0.07079444631649413,0.1680571792964183,0.30650154798761614,0.3197929111907607,0,8.377833753148614,0,Zone_3,Aarav Nair,32,Other,Surat,2019-03-27,332,50,4.91,0,2,3,2,High,33.22,0.10006024096385542,567.56,1.7095180722891565,2713,0.15060240963855423,12971,2.11,38.0,Business
T01933,R0115,7.0,38.11,139.47,2023-06-17,0,0.05695427460741926,-0.2803322347285382,0,5,6,0,0,0,1,0,0,0,0,1,0,0,0,0,0,4.944993942842818,2.0794415416798357,6.17332973362026,0.06229176901465161,-0.2803322347285382,-0.6608937433999992,0.3618875544691253,0.27012383900928794,0.18876941457586618,0,19.924285714285713,0,Zone_4,Aarav Ghosh,40,Female,Bengaluru,2020-03-01,170,15,4.4,0,6,3,0,Medium,83.48,0.49105882352941177,1425.97,8.388058823529413,2373,0.08823529411764706,4038,2.46,48.2,Business
T01934,R0038,9.57,71.28,137.04,2023-01-13,0,0.028533423454398316,0.2972229136996923,0,4,1,0,0,0,1,0,0,0,0,0,0,0,1,0,0,4.927543498229802,2.3580197998821464,8.442748367682173,0.03343192830906054,0.2972229136996923,0.26122241362492776,0.35543097034753957,0.3695820433436533,0.3538928713659897,0,14.31974921630094,0,Zone_7,Aarav Singh,37,Other,Kolkata,2023-02-11,68,7,4.07,0,5,2,2,Low,29.73,0.43720588235294117,453.83,6.673970588235294,1296,0.10294117647058823,11070,0.64,45.2,Industrial
T01935,R0047,8.91,71.28,113.61,2023-04-02,0,-0.2454997216136176,0.14890135807220894,0,6,4,0,1,0,0,0,0,0,0,0,0,0,0,1,0,4.741535060508608,2.2935443483418965,8.442748367682173,-0.24483394318558827,0.14890135807220894,0.26122241362492776,0.2931767456690403,0.3440402476780186,0.3538928713659897,0,12.75084175084175,0,Zone_8,Reyansh Iyer,51,Female,Bengaluru,2021-10-07,69,3,4.86,0,3,10,0,Low,62.230000000000004,0.9018840579710146,1144.87,16.592318840579708,1788,0.043478260869565216,4516,1.93,31.0,Business
T01936,R0052,12.33,118.66,304.64,2024-03-05,1,1.9887534453664546,0.9174766917782587,0,1,3,0,1,0,0,0,0,0,1,0,0,0,0,0,0,5.722407938779366,2.5900171341906173,10.893117092916976,2.023929583558875,0.9174766917782587,1.5783723539276422,0.8007492826017643,0.47639318885448917,0.5897550776583035,0,24.70721816707218,1,Zone_3,Reyansh Singh,23,Other,Hyderabad,2021-03-09,40,7,4.74,0,1,3,2,Low,30.590000000000003,0.76475,514.66,12.866499999999998,2000,0.175,12971,2.11,38.0,Business
T01937,R0090,8.58,76.68,134.5,2023-03-09,0,-0.0011739682857962402,0.07474058025846728,0,3,3,0,1,0,0,0,0,0,1,0,0,0,0,0,0,4.908971640319756,2.259677591982769,8.756711711595855,0.003265675061241252,0.07474058025846728,0.4113408112111385,0.34868211287065576,0.33126934984520123,0.38077459179609724,0,15.675990675990676,0,Zone_3,Kavya Iyer,33,Female,Mumbai,2021-01-31,152,25,4.51,0,6,1,0,Low,108.13000000000001,0.7113815789473685,1919.8799999999999,12.63078947368421,2037,0.16447368421052633,12971,2.11,38.0,Business
T01938,R0199,16.45,130.32,299.2,2023-08-27,0,1.9251281654189512,1.843362766301336,0,6,8,0,0,1,0,0,0,0,1,0,0,0,0,0,0,5.704448919199361,2.859339648648436,11.415778554264268,1.9593215451068524,1.843362766301336,1.9025168939008303,0.7862950366670209,0.6358359133126935,0.6477996814018319,0,18.188449848024316,0,Zone_3,Aarav Das,29,Male,Ahmedabad,2021-08-03,344,27,3.91,0,1,8,1,High,85.15,0.24752906976744188,1600.5,4.652616279069767,1853,0.07848837209302326,12971,2.11,38.0,Business
T01939,R0151,10.6,97.65,252.59,2023-02-12,0,1.3799858311628599,0.5286944323304615,0,6,2,0,1,0,0,0,0,0,0,0,0,1,0,0,0,5.535718789608946,2.451005098112319,9.881801455200362,1.4057589215317101,0.5286944323304615,0.9943005885042563,0.6624508449356998,0.40944272445820434,0.48516527279968147,0,23.82924528301887,0,Zone_6,Meera Reddy,34,Male,Hyderabad,2023-02-25,394,56,5.0,0,5,2,1,High,62.91,0.15967005076142132,1114.0,2.8274111675126905,1282,0.14213197969543148,14627,0.54,37.6,Mixed
T01940,R0010,15.39,120.45,216.84,2024-07-05,0,0.96186014033138,1.6051493587784087,0,4,7,0,0,0,1,0,0,0,0,0,1,0,0,0,0,5.383760848365505,2.7966713927557385,10.974971526158964,0.9811748453074807,1.6051493587784087,1.6281338227571454,0.5674620044638112,0.5948142414860682,0.5986658701712465,0,14.089668615984404,0,Zone_5,Vivaan Gupta,25,Female,Surat,2023-05-14,173,1,3.38,0,6,5,0,Medium,85.25,0.49277456647398843,1204.51,6.962485549132948,1204,0.005780346820809248,2590,1.31,43.9,Business
T01941,R0275,11.6,67.31,103.43,2024-02-02,0,-0.36456320504479134,0.7534240620690725,0,4,2,0,1,0,0,0,0,0,0,0,1,0,0,0,0,4.648516990491458,2.533696813957432,8.204267182387468,-0.3657364857299981,0.7534240620690725,0.15085759169580631,0.26612817515145076,0.4481424148606811,0.3341298287534847,0,8.916379310344828,0,Zone_5,Ishaan Das,21,Other,Jaipur,2022-10-04,247,17,3.07,0,1,10,2,Medium,33.85,0.13704453441295547,326.07000000000005,1.3201214574898787,1426,0.06882591093117409,2590,1.31,43.9,Business
T01942,R0125,4.64,31.15,86.57,2023-02-25,0,-0.5617547895879733,-0.8106941609116604,0,5,2,0,0,0,1,0,0,0,0,0,0,1,0,0,0,4.472438473534133,1.7298840655099674,5.58121850495033,-0.5659738990206419,-0.8106941609116604,-0.8543796780666707,0.2213306408757572,0.1787925696594427,0.15412186379928314,0,18.657327586206897,0,Zone_6,Saanvi Ghosh,44,Male,Ahmedabad,2023-04-22,99,19,3.89,0,5,4,1,Low,55.769999999999996,0.5633333333333332,1116.76,11.28040404040404,1226,0.1919191919191919,14627,0.54,37.6,Mixed
T01943,R0092,14.21,79.37,268.8,2023-04-26,0,1.5695751304181966,1.3399683956868476,0,2,4,0,1,0,0,0,0,0,0,0,0,1,0,0,0,5.597680943773655,2.7219531062712017,8.908984229416955,1.5982766243455497,1.3399683956868476,0.48612201297167673,0.7055213093846318,0.5491486068111455,0.39416567104739153,0,18.916256157635466,0,Zone_6,Aarav Nair,21,Male,Surat,2019-07-18,252,23,4.51,0,3,7,1,Medium,57.190000000000005,0.22694444444444448,860.6700000000001,3.415357142857143,2600,0.09126984126984126,14627,0.54,37.6,Mixed
T01944,R0097,13.92,79.12,184.97,2024-02-09,0,0.5891142447565754,1.2747968030626502,0,4,2,1,0,0,0,0,0,0,0,0,1,0,0,0,0,5.225585370381938,2.702702594775615,8.894942383174834,0.6026715023909437,1.2747968030626502,0.4791720871575003,0.48278244234243806,0.5379256965944272,0.3929211469534051,0,13.288074712643677,0,Zone_5,Aarav Iyer,23,Other,Bengaluru,2021-01-25,478,5,3.28,0,0,1,2,High,69.43,0.1452510460251046,1117.1,2.3370292887029285,2043,0.010460251046025104,2590,1.31,43.9,Business
T01945,R0263,6.36,40.84,81.07,2023-05-27,0,-0.6260818189466625,-0.42415919776124916,0,5,5,0,1,0,0,0,0,0,0,0,0,0,1,0,0,4.4075725416416205,1.9960599327407849,6.390618123468183,-0.6312945261320618,-0.42415919776124916,-0.5850005535091927,0.20671697311085127,0.24535603715170282,0.20235961768219835,0,12.746855345911948,0,Zone_7,Ishaan Das,31,Other,Chennai,2020-12-30,297,21,3.84,0,2,12,2,Medium,104.61999999999999,0.3522558922558922,1547.67,5.2110101010101015,2069,0.0707070707070707,11070,0.64,45.2,Industrial
T01946,R0143,5.26,46.28,121.99,2023-06-27,0,-0.14748872051801484,-0.6713617904737215,0,1,6,0,0,1,0,0,0,0,0,0,1,0,0,0,0,4.8121030512543195,1.8341801851120072,6.802940540677979,-0.14530906042309757,-0.6713617904737215,-0.4337701677927139,0.31544266128175147,0.20278637770897834,0.2294404619673437,0,23.192015209125476,0,Zone_5,Meera Kumar,42,Other,Kolkata,2023-03-28,74,13,4.56,0,1,3,2,Low,49.11,0.6636486486486486,863.3199999999999,11.666486486486486,1251,0.17567567567567569,2590,1.31,43.9,Business
T01947,R0222,15.21,120.95,334.62,2023-04-06,0,2.33939423448891,1.5646980254254588,0,3,4,0,0,0,1,1,0,0,0,0,0,0,0,0,0,5.815979567573016,2.785628335747585,10.997727037892876,2.379986383704397,1.5646980254254588,1.6420336743854982,0.8804070570730153,0.5878482972136223,0.6011549183592194,0,22.0,0,Zone_1,Aarav Singh,27,Male,Surat,2022-08-28,475,12,3.44,0,6,8,1,High,79.05,0.16642105263157894,1325.63,2.7908000000000004,1463,0.02526315789473684,4921,2.43,30.9,Residential
T01948,R0193,13.27,81.64,263.99,2024-03-08,0,1.513318219288143,1.128722543732553,0,4,3,0,1,0,0,0,0,0,0,0,1,0,0,0,0,5.5796920894251505,2.658159431488745,9.035485598461214,1.5411507668171989,1.128722543732553,0.5492273393643985,0.6927409926665958,0.5127708978328174,0.40546594982078854,0,19.89374529012811,0,Zone_5,Kavya Singh,33,Female,Chennai,2022-01-03,389,68,4.41,0,0,1,0,High,56.09,0.14419023136246786,1005.6400000000001,2.5851928020565555,1700,0.17480719794344474,2590,1.31,43.9,Business
T01949,R0283,0.7000000000000001,5.54,9.75,2023-08-21,0,-1.460227952376065,-1.6961289020817878,0,0,8,0,1,0,0,1,0,0,0,0,0,0,0,0,0,2.3749057545736716,0.5306282510621704,2.353720459187964,-1.4783249126023288,-1.6961289020817878,-1.5663300784709027,0.01721755765756191,0.026315789473684216,0.026632815611310236,0,13.928571428571427,0,Zone_1,Diya Nair,19,Male,Surat,2023-06-15,245,45,3.55,0,3,6,1,Medium,55.97,0.22844897959183674,1013.23,4.135632653061225,1172,0.1836734693877551,4921,2.43,30.9,Residential
T01950,R0006,12.29,87.75,162.03,2023-06-03,0,0.32081205321324263,0.908487506588714,0,5,6,0,0,1,0,0,0,0,0,0,1,0,0,0,0,5.093934232951563,2.587011872725154,9.367496997597597,0.3302251049480395,0.908487506588714,0.7190835262628701,0.42183016261026673,0.4748452012383901,0.4358821186778176,0,13.183889340927584,0,Zone_5,Aarav Das,45,Female,Jaipur,2023-06-30,248,13,4.64,0,4,6,0,Medium,63.24,0.255,1095.43,4.417056451612903,1157,0.05241935483870968,2590,1.31,43.9,Business
T01951,R0231,16.64,111.73,174.75,2024-01-29,0,0.46958292838461113,1.8860613959516723,0,0,1,0,0,1,0,0,0,0,0,1,0,0,0,0,0,5.169062530690774,2.8701690505786455,10.570241246064349,0.4812939007402689,1.8860613959516723,1.385720410358672,0.4556275906047401,0.6431888544891642,0.5552568697729988,0,10.501802884615385,0,Zone_4,Ishaan Nair,19,Other,Mumbai,2019-08-26,328,22,4.81,0,0,8,2,High,59.290000000000006,0.18076219512195124,731.53,2.230274390243902,2561,0.06707317073170732,4038,2.46,48.2,Business
T01952,R0176,11.03,65.2,222.95,2024-02-14,0,1.0333216220371237,0.6253281731180642,0,2,2,0,0,1,0,0,1,0,0,0,0,0,0,0,0,5.411422812653309,2.4874035299865875,8.07465169527454,1.0537401237894397,0.6253281731180642,0.09220021782415738,0.5836964608353703,0.42608359133126933,0.323626045400239,0,20.213055303717134,0,Zone_10,Kavya Gupta,43,Male,Mumbai,2019-05-24,260,13,3.95,0,4,5,1,Medium,91.05999999999999,0.3502307692307692,1638.07,6.3002692307692305,2655,0.05,2440,1.54,35.4,Industrial
T01953,R0089,0.62,3.34,14.91,2024-08-09,0,-1.3998775030140949,-1.7141072724608766,0,4,8,0,0,0,1,0,0,0,0,0,0,0,0,1,0,2.7669478423496954,0.4824261492442927,1.8275666882497066,-1.4170422878941604,-1.7141072724608766,-1.6274894256356554,0.030927835051546393,0.023219814241486073,0.01568100358422939,0,24.048387096774196,0,Zone_8,Saanvi Reddy,48,Other,Surat,2022-09-21,308,6,3.91,0,2,9,2,Medium,89.83,0.29165584415584417,1415.55,4.595941558441559,1439,0.01948051948051948,4516,1.93,31.0,Business
T01954,R0121,4.08,38.15,53.68,2024-02-18,0,-0.9464304251529346,-0.9365427535652824,0,6,2,1,0,0,0,0,0,0,0,0,1,0,0,0,0,4.001498011855749,1.6253112615903906,6.176568626672903,-0.9565912491469329,-0.9365427535652824,-0.659781755269731,0.13394090764161973,0.15712074303405574,0.188968538430904,0,13.156862745098039,0,Zone_5,Diya Iyer,29,Male,Pune,2023-07-13,378,10,4.17,0,3,7,1,High,87.96,0.23269841269841268,1464.3799999999999,3.8740211640211637,1144,0.026455026455026454,2590,1.31,43.9,Business
T01955,R0108,10.0,67.87,243.58,2023-08-30,1,1.2746064612498071,0.39385665448729495,0,2,8,0,1,0,0,0,0,0,0,0,1,0,0,0,0,5.499542453761224,2.3978952727983707,8.238325072488946,1.298751857845548,0.39385665448729495,0.16642542551956155,0.6385110001062813,0.3862229102167183,0.33691756272401435,0,24.358,1,Zone_5,Reyansh Gupta,18,Male,Pune,2019-05-31,184,32,4.88,0,4,5,1,Medium,43.6,0.23695652173913045,874.89,4.754836956521739,2648,0.17391304347826086,2590,1.31,43.9,Business
T01956,R0278,6.92,61.26,142.95,2023-04-28,0,0.09765574045618977,-0.2983106051076271,0,4,4,0,0,0,1,1,0,0,0,0,0,0,0,0,0,4.969466017058185,2.0693912058263346,7.826876771739798,0.10362191125969536,-0.2983106051076271,-0.01733061300726307,0.37113402061855666,0.2670278637770898,0.30401234567901236,0,20.65751445086705,0,Zone_1,Aarav Reddy,20,Female,Mumbai,2021-09-02,382,58,4.27,0,3,9,0,High,97.55,0.25536649214659685,2111.36,5.527120418848168,1823,0.1518324607329843,4921,2.43,30.9,Residential
T01957,R0162,14.39,75.49,328.45,2023-09-06,0,2.2672310033719802,1.3804197290397975,0,2,9,0,1,0,0,0,0,0,1,0,0,0,0,0,0,5.797424597359829,2.733717947850788,8.688498144098322,2.3067085165630403,1.3804197290397975,0.3782591643356585,0.8640131788712934,0.5561145510835914,0.3748506571087216,0,22.82487838776928,0,Zone_3,Meera Patel,30,Male,Hyderabad,2023-08-14,394,38,4.28,0,0,8,1,High,53.13,0.13484771573604062,936.9000000000001,2.3779187817258887,1112,0.09644670050761421,12971,2.11,38.0,Business
T01958,R0299,11.66,90.92,161.08,2024-06-09,0,0.30970102086946916,0.7669078398533893,0,6,6,0,1,0,0,1,0,0,0,0,0,0,0,0,0,5.088090040500373,2.5384474167160302,9.535197952848174,0.31894245117424896,0.7669078398533893,0.8072085855866271,0.4193059836326921,0.45046439628482976,0.45166268418956595,0,13.8147512864494,0,Zone_1,Ishaan Gupta,33,Other,Kolkata,2020-09-04,457,0,3.92,0,4,9,2,High,29.89,0.06540481400437637,461.2,1.0091903719912472,2186,0.0,4921,2.43,30.9,Residential
T01959,R0046,17.82,152.87,177.66,2023-12-11,0,0.5036177748271176,2.1512423590432332,0,0,12,0,1,0,0,1,0,0,0,0,0,0,0,0,0,5.185484558273693,2.9349201341572337,12.36406082159094,0.5158544507210383,2.1512423590432332,2.529400202339543,0.46335954936762674,0.6888544891640868,0.7600557546794107,0,9.969696969696969,0,Zone_1,Vivaan Singh,31,Female,Kolkata,2019-08-16,31,4,3.87,0,4,8,0,Low,80.02,2.581290322580645,1296.42,41.82,2571,0.12903225806451613,4921,2.43,30.9,Residential
T01960,R0089,13.1,67.66,261.49,2023-11-29,0,1.4840786604887388,1.0905185066769891,0,2,11,0,0,1,0,0,1,0,0,0,0,0,0,0,0,5.570212986067941,2.6461747973841225,8.225569889071517,1.5114595726756443,1.0905185066769891,0.16058748783565316,0.6860984164098204,0.5061919504643962,0.3358721624850657,0,19.961068702290078,0,Zone_10,Saanvi Reddy,48,Other,Surat,2022-09-21,308,6,3.91,0,2,9,2,Medium,89.83,0.29165584415584417,1415.55,4.595941558441559,1439,0.01948051948051948,2440,1.54,35.4,Industrial
T01961,R0247,10.76,57.77,199.28,2024-06-30,0,0.7564814793243649,0.5646511730886393,0,6,6,0,0,1,0,0,0,0,0,0,0,0,1,0,0,5.299716387461744,2.464703942470481,7.600657866263946,0.7726238976572017,0.5646511730886393,-0.1143515773731657,0.5208045488362206,0.41563467492260064,0.2866387893269614,0,18.520446096654275,0,Zone_7,Aadhya Das,37,Male,Bengaluru,2021-05-11,249,47,4.92,0,1,5,1,Medium,133.48,0.5360642570281124,2367.44,9.507791164658634,1937,0.18875502008032127,11070,0.64,45.2,Industrial
T01962,R0003,6.43,43.36,99.99,2024-02-28,0,-0.40479683795277166,-0.40842812367954656,0,2,2,0,1,0,0,1,0,0,0,0,0,0,0,0,0,4.6150215020384655,2.005525858729668,6.584831053261731,-0.4065915688687773,-0.40842812367954656,-0.5149453013022944,0.2569879902221277,0.24806501547987617,0.21490442054958184,0,15.55054432348367,0,Zone_1,Kavya Reddy,34,Male,Pune,2023-05-04,45,9,3.76,0,3,5,1,Low,67.68,1.5040000000000002,971.71,21.593555555555557,1214,0.2,4921,2.43,30.9,Residential
T01963,R0145,15.02,110.98,299.04,2023-12-17,0,1.9232568336557898,1.5219993957751223,0,6,12,0,0,0,1,0,0,0,0,0,0,0,0,1,0,5.703915799101436,2.7738379416402132,10.534704552098269,1.9574213086817933,1.5219993957751223,1.3648706329161429,0.7858699117865874,0.5804953560371517,0.5515232974910395,0,19.909454061251665,0,Zone_8,Saanvi Nair,36,Female,Jaipur,2022-12-09,222,43,4.3,0,4,12,0,Medium,46.34,0.20873873873873874,654.6600000000001,2.948918918918919,1360,0.19369369369369369,4516,1.93,31.0,Business
T01964,R0267,8.03,49.21,99.36,2023-11-01,0,-0.41216520677022145,-0.04886071609776895,0,2,11,1,0,0,0,0,0,0,0,0,0,0,1,0,0,4.608763721498222,2.200552367428894,7.014983962918233,-0.414073749792449,-0.04886071609776895,-0.3523170372505663,0.2553140610054203,0.309984520123839,0.24402628434886497,0,12.373599003735992,0,Zone_7,Arjun Iyer,37,Other,Jaipur,2021-01-01,131,11,4.5,0,4,1,2,Low,47.19,0.3602290076335878,681.69,5.203740458015267,2067,0.08396946564885496,11070,0.64,45.2,Industrial
T01965,R0143,2.87,28.01,60.09,2023-02-21,0,-0.8714601963912623,-1.2084656055490017,0,1,2,0,0,0,1,0,0,0,0,1,0,0,0,0,0,4.112348186661675,1.3532545070416904,5.292447448959697,-0.8804630273679872,-1.2084656055490017,-0.9416707462927264,0.15097247316399193,0.11029411764705883,0.1384906411788132,0,20.937282229965156,0,Zone_4,Meera Kumar,42,Other,Kolkata,2023-03-28,74,13,4.56,0,1,3,2,Low,49.11,0.6636486486486486,863.3199999999999,11.666486486486486,1251,0.17567567567567569,4038,2.46,48.2,Business
T01966,R0289,8.24,56.3,84.56,2024-06-11,0,-0.5852633948626942,-0.00166749385266044,0,1,6,0,0,1,0,0,1,0,0,0,0,0,0,0,0,4.449217884214205,2.2235418856535927,7.503332592921628,-0.5898456191104516,-0.00166749385266044,-0.1552171411605232,0.2159900095653098,0.31811145510835914,0.279320987654321,0,10.262135922330097,0,Zone_10,Aarav Gupta,21,Other,Chennai,2021-09-30,322,14,4.17,0,3,9,2,Medium,66.13,0.2053726708074534,1234.48,3.8337888198757764,1795,0.043478260869565216,2440,1.54,35.4,Industrial
T01967,R0252,7.54,45.25,185.92,2024-05-19,1,0.6002252771003489,-0.15897823466968822,0,6,5,0,1,0,0,0,0,0,0,0,1,0,0,0,0,5.230680717832225,2.1447610078004784,6.726812023536855,0.6139541561647343,-0.15897823466968822,-0.4624038621471207,0.48530662132001273,0.2910216718266254,0.22431302270011946,0,24.657824933687,1,Zone_5,Reyansh Gupta,38,Other,Ahmedabad,2020-09-23,392,47,4.83,0,2,9,2,High,100.41,0.25614795918367345,1682.05,4.290943877551021,2167,0.11989795918367346,2590,1.31,43.9,Business
T01968,R0010,3.03,20.69,54.25,2023-12-05,0,-0.9397638057466705,-1.1725088647908242,0,1,12,0,0,0,1,0,0,0,1,0,0,0,0,0,0,4.0118683403978626,1.3937663759585914,4.548626166217664,-0.9498216568826586,-1.1725088647908242,-1.1451645741318117,0.13545541502816452,0.11648606811145511,0.10205097570688969,0,17.904290429042906,0,Zone_3,Vivaan Gupta,25,Female,Surat,2023-05-14,173,1,3.38,0,6,5,0,Medium,85.25,0.49277456647398843,1204.51,6.962485549132948,1204,0.005780346820809248,12971,2.11,38.0,Business
T01969,R0120,12.14,99.43,144.13,2023-06-08,0,0.11145681220950862,0.8747780621279228,0,3,6,0,0,1,0,0,0,0,0,0,1,0,0,0,0,4.9776298924822715,2.5756610130564646,9.971459271340379,0.11763615489450918,0.8747780621279228,1.0437840603011925,0.37426931661175467,0.4690402476780186,0.49402628434886503,0,11.872322899505765,0,Zone_5,Ishaan Gupta,18,Other,Surat,2020-07-12,311,15,4.55,0,6,7,2,Medium,68.2,0.21929260450160773,1013.95,3.260289389067524,2240,0.04823151125401929,2590,1.31,43.9,Business
T01970,R0088,7.3,62.48,70.07,2023-12-07,0,-0.7547358776640409,-0.2129133458069549,0,3,12,0,1,0,0,0,0,0,0,0,0,0,0,0,1,4.263665306838804,2.1162555148025524,7.904429138147801,-0.7619357803549017,-0.2129133458069549,0.016585024965917808,0.1774896375810394,0.28173374613003094,0.31008562325766625,0,9.598630136986301,0,Zone_9,Diya Iyer,22,Other,Jaipur,2019-07-07,438,0,4.78,0,6,7,2,High,62.25,0.1421232876712329,893.76,2.0405479452054793,2611,0.0,11037,1.83,56.1,Mixed
T01971,R0159,9.98,88.08,145.33,2024-08-18,0,0.12549180043322283,0.3893620618925228,0,6,8,0,0,0,1,0,0,0,0,0,0,0,0,0,1,4.985864345104336,2.3960754360813845,9.385094565320053,0.13188792808245556,0.3893620618925228,0.7282574283375829,0.3774577532150069,0.38544891640866874,0.43752489048187976,0,14.562124248496994,0,Zone_9,Ishaan Singh,43,Female,Bengaluru,2020-05-21,79,2,4.9,0,3,5,0,Low,23.97,0.3034177215189873,424.89,5.378354430379747,2292,0.02531645569620253,11037,1.83,56.1,Mixed
T01972,R0196,4.1,22.45,84.2,2024-01-22,0,-0.5894738913298084,-0.9320481609705102,0,0,1,0,0,0,1,0,0,0,0,0,0,0,0,0,1,4.44500143383527,1.62924053973028,4.738143096192854,-0.5941211510668355,-0.9320481609705102,-1.09623709640001,0.21503347858433414,0.15789473684210525,0.11081242532855436,0,20.53658536585366,0,Zone_9,Vivaan Das,18,Male,Hyderabad,2019-06-24,51,9,4.93,0,0,6,1,Low,95.95,1.8813725490196078,1623.43,31.831960784313726,2624,0.17647058823529413,11037,1.83,56.1,Mixed
T01973,R0232,7.18,40.61,109.85,2023-12-24,0,-0.28947601804792156,-0.23988090137558826,0,6,12,1,0,0,0,0,0,1,0,0,0,0,0,0,0,4.70817793606232,2.1016921506146558,6.372597586541928,-0.2894894991744863,-0.23988090137558826,-0.591394485258235,0.28318631097885,0.2770897832817337,0.20121465551573076,0,15.299442896935933,0,Zone_2,Meera Das,38,Male,Jaipur,2022-12-08,172,15,3.94,0,3,12,1,Medium,93.19999999999999,0.541860465116279,1490.84,8.667674418604651,1361,0.0872093023255814,6371,0.91,58.4,Residential
T01974,R0175,11.87,73.18,277.33,2023-08-15,0,1.6693405050417633,0.8141010620984974,0,1,8,0,1,0,0,0,0,0,0,0,0,0,0,0,1,5.628807460063128,2.554899021608035,8.554530963179689,1.6995829787565335,0.8141010620984974,0.3140418498126687,0.7281857795727494,0.4585913312693498,0.36335125448028677,0,23.363942712721148,0,Zone_9,Diya Patel,35,Male,Chennai,2022-08-18,98,8,3.48,0,3,8,1,Low,70.26,0.7169387755102041,1267.03,12.928877551020408,1473,0.08163265306122448,11037,1.83,56.1,Mixed
T01975,R0194,6.77,45.5,78.64,2024-07-25,0,-0.6545026700996833,-0.3320200495684188,0,3,7,0,0,1,0,0,0,0,0,0,0,1,0,0,0,4.377516479195996,2.050270164379556,6.745368781616021,-0.6601543668376527,-0.3320200495684188,-0.4554539363329443,0.2002603889892656,0.2612229102167183,0.22555754679410592,0,11.615952732644018,0,Zone_6,Arjun Iyer,30,Other,Jaipur,2023-02-10,10,2,4.06,0,4,2,2,Low,43.61,4.361,684.55,68.455,1297,0.2,14627,0.54,37.6,Mixed
T01976,R0044,6.17,36.21,70.6,2023-12-14,0,-0.7485370911985673,-0.4668578274115854,0,3,12,0,0,0,1,0,1,0,0,0,0,0,0,0,0,4.2710950739666,1.969905654611529,6.017474553332153,-0.7556412471968922,-0.4668578274115854,-0.7137131795877399,0.1788978637474758,0.2380030959752322,0.1793110314615691,0,11.442463533225283,0,Zone_10,Arjun Gupta,36,Female,Hyderabad,2020-08-01,271,5,3.21,0,5,8,0,Medium,102.26,0.37734317343173435,1660.52,6.127380073800738,2220,0.01845018450184502,2440,1.54,35.4,Industrial
T01977,R0140,18.92,158.0,379.63,2023-02-22,0,3.5841807316971446,2.398444951755706,0,2,2,0,0,1,0,1,0,0,0,0,0,0,0,0,0,5.94182777466688,2.991724252156452,12.569805089976535,2.9145466430289444,2.398444951755706,2.672012680046443,0.9999999999999999,0.7314241486068113,0.7855933890880128,0,20.065010570824523,0,Zone_1,Aadhya Nair,29,Female,Delhi,2020-04-17,499,45,4.92,0,4,4,0,High,34.81,0.06975951903807616,618.11,1.2386973947895792,2326,0.09018036072144289,4921,2.43,30.9,Residential
T01978,R0240,9.58,95.55,112.44,2023-07-23,0,-0.25918383513173876,0.29947020999707835,0,6,7,0,0,0,1,0,0,0,0,1,0,0,0,0,0,4.731274062783817,2.3589654264301534,9.77496803063826,-0.2587294220438358,0.29947020999707835,0.9359212116651742,0.29006801998086934,0.369969040247678,0.4747112704101951,0,11.736951983298539,0,Zone_4,Aarav Iyer,30,Male,Delhi,2020-05-18,174,2,4.07,0,0,5,1,Medium,92.12,0.5294252873563219,1221.47,7.0199425287356325,2295,0.011494252873563218,4038,2.46,48.2,Business
T01979,R0050,11.67,100.11,203.43,2023-02-16,0,0.805019146931376,0.7691551361507754,0,3,2,1,0,0,0,0,0,0,0,0,0,0,1,0,0,5.320225618596917,2.5392369943330477,10.005498488331304,0.8219112799321824,0.7691551361507754,1.062687858515752,0.5318312254224679,0.45085139318885453,0.49741138988450817,0,17.431876606683804,0,Zone_7,Diya Das,49,Male,Ahmedabad,2022-10-06,330,41,3.42,0,3,10,1,High,60.099999999999994,0.1821212121212121,915.81,2.775181818181818,1424,0.12424242424242424,11070,0.64,45.2,Industrial
T01980,R0284,11.73,107.22,152.86,2023-01-19,0,0.21356135153702824,0.7826389139350921,0,3,1,0,0,1,0,0,0,0,1,0,0,0,0,0,0,5.036043098030789,2.543961412569315,10.354709073653398,0.22131780483681776,0.7826389139350921,1.2603437486709292,0.39746519290041454,0.4531733746130031,0.5328056551174831,0,13.03154305200341,0,Zone_3,Vivaan Das,28,Female,Surat,2019-07-31,135,19,4.95,0,2,7,0,Low,60.91,0.45118518518518513,986.33,7.306148148148148,2587,0.14074074074074075,12971,2.11,38.0,Business
T01981,R0112,8.48,61.81,144.94,2024-04-16,0,0.1209304292605156,0.05226761728460626,0,1,4,1,0,0,0,0,0,0,0,1,0,0,0,0,0,4.983195578337474,2.2491843162669305,7.861933604400384,0.12725610179637287,0.05226761728460626,-0.002040776216074836,0.3764215113189499,0.32739938080495357,0.3067502986857826,0,17.09198113207547,0,Zone_4,Meera Nair,41,Female,Delhi,2020-11-13,311,11,3.24,0,4,11,0,Medium,89.53,0.28787781350482317,1150.27,3.6986173633440513,2116,0.03536977491961415,4038,2.46,48.2,Business
T01982,R0009,10.64,61.97,206.85,2023-08-26,0,0.8450188633689608,0.5376836175200062,0,5,8,0,0,1,0,0,0,0,1,0,0,0,0,0,0,5.336816665698646,2.454447442303292,7.87210264160726,0.8625288335178287,0.5376836175200062,0.0024071763049979752,0.5409182697417366,0.41099071207430343,0.3075467941059339,0,19.44078947368421,0,Zone_3,Diya Patel,42,Female,Ahmedabad,2019-12-15,172,21,4.11,0,6,12,0,Medium,64.88,0.37720930232558136,916.39,5.327848837209302,2450,0.12209302325581395,12971,2.11,38.0,Business
T01983,R0243,3.13,18.37,32.73,2024-07-01,0,-1.191457927891942,-1.150035901816963,0,0,7,0,0,1,0,0,0,0,0,0,0,1,0,0,0,3.5183876490735586,1.4182774069729414,4.286023798347368,-1.20540345605316,-1.150035901816963,-1.209659885687369,0.07827611860984164,0.1203560371517028,0.09050179211469535,0,10.456869009584663,0,Zone_6,Ishaan Patel,33,Male,Jaipur,2023-02-06,315,11,3.7,0,0,2,1,Medium,55.31,0.1755873015873016,948.53,3.011206349206349,1301,0.03492063492063492,14627,0.54,37.6,Mixed
T01984,R0144,15.24,115.44,279.82,2023-05-15,0,1.69846310560597,1.5714399143176168,0,0,5,1,0,0,0,0,0,0,0,0,1,0,0,0,0,5.637713894686496,2.787477334733532,10.744300814850634,1.729155408121522,1.5714399143176168,1.48885730944105,0.7348017855244978,0.5890092879256966,0.5737256073277579,0,18.360892388451443,0,Zone_5,Ishaan Kumar,34,Other,Pune,2021-01-31,194,10,3.52,0,6,1,2,Medium,84.47,0.4354123711340206,1552.4499999999998,8.002319587628865,2037,0.05154639175257732,2590,1.31,43.9,Business
T01985,R0143,14.23,100.08,209.8,2024-04-20,0,0.8795215427522579,1.3444629882816197,0,5,4,0,1,0,0,0,0,1,0,0,0,0,0,0,0,5.350909816667207,2.7232671669070703,10.00399920031984,0.8975644426048632,1.3444629882816197,1.0618538674180509,0.5487565097247317,0.5499226006191951,0.4972620469932298,0,14.743499648629657,0,Zone_2,Meera Kumar,42,Other,Kolkata,2023-03-28,74,13,4.56,0,1,3,2,Low,49.11,0.6636486486486486,863.3199999999999,11.666486486486486,1251,0.17567567567567569,6371,0.91,58.4,Residential
T01986,R0045,8.95,82.11,148.94,2023-03-09,0,0.1677137233395623,0.1578905432617532,0,3,3,1,0,0,0,0,0,0,0,0,0,0,0,0,1,5.010235214074916,2.2975725511705014,9.061456836513653,0.17476201242286007,0.1578905432617532,0.5622931998950501,0.3870496333297906,0.34558823529411764,0.40780565511748307,0,16.641340782122906,0,Zone_9,Saanvi Iyer,34,Other,Ahmedabad,2023-07-12,100,16,4.88,0,2,7,2,Low,87.53,0.8753,1529.85,15.298499999999999,1145,0.16,11037,1.83,56.1,Mixed
T01987,R0077,8.03,55.77,179.77,2023-09-08,0,0.5282959624538148,-0.04886071609776895,0,4,9,0,0,1,0,0,0,0,0,0,1,0,0,0,0,5.197225504986763,2.200552367428894,7.467931440499437,0.5409138185765104,-0.04886071609776895,-0.16995098388657703,0.46896588372834525,0.309984520123839,0.2766825965750697,0,22.38729763387298,0,Zone_5,Reyansh Das,28,Male,Mumbai,2019-09-07,406,72,3.79,0,5,9,1,High,146.85999999999999,0.3617241379310345,2343.82,5.7729556650246305,2549,0.17733990147783252,2590,1.31,43.9,Business
T01988,R0104,1.8,15.68,28.61,2024-02-28,0,-1.2396447207933599,-1.4489263093693157,0,2,2,1,0,0,0,0,0,0,0,0,0,0,0,0,1,3.3881121421135,1.0296194171811581,3.9597979746446663,-1.2543345439984417,-1.4489263093693157,-1.2844410874479073,0.06732915293867574,0.06888544891640869,0.07711071286340104,0,15.894444444444444,0,Zone_9,Diya Gupta,52,Male,Kolkata,2021-05-27,328,1,3.7,0,3,5,1,High,46.690000000000005,0.14234756097560977,765.39,2.3335060975609756,1921,0.003048780487804878,11037,1.83,56.1,Mixed
T01989,R0185,13.15,122.2,234.93,2023-02-17,0,1.1734375878038688,1.1017549881639197,0,4,2,0,1,0,0,0,0,0,0,0,0,0,0,1,0,5.463535150858622,2.649714624089247,11.054410884348384,1.1960203261157691,1.1017549881639197,1.6767833034563804,0.6155276862578383,0.5081269349845202,0.6073775388291518,0,17.865399239543727,0,Zone_8,Vivaan Sharma,27,Male,Delhi,2021-08-27,201,12,4.05,0,4,8,1,Medium,43.730000000000004,0.21756218905472638,744.08,3.7018905472636816,1829,0.05970149253731343,4516,1.93,31.0,Business
T01990,R0153,6.72,34.64,110.33,2023-04-02,0,-0.2838620227584359,-0.3432565310553493,0,6,4,0,0,1,0,0,0,0,0,0,1,0,0,0,0,4.712498763740616,2.0438143640366846,5.885575587824865,-0.2837887898993078,-0.3432565310553493,-0.7573587137007678,0.2844616856201509,0.2592879256965944,0.17149542015133412,0,16.418154761904763,0,Zone_5,Aadhya Ghosh,20,Male,Mumbai,2020-05-04,76,14,4.54,0,0,5,1,Low,28.84,0.3794736842105263,460.95,6.065131578947368,2309,0.18421052631578946,2590,1.31,43.9,Business
T01991,R0051,11.05,99.75,93.8,2024-02-26,0,-0.4771939855400964,0.6298227657128367,0,0,2,0,1,0,0,0,0,0,1,0,0,0,0,0,0,4.551769409260976,2.489064659936664,9.987492177719089,-0.4801069655632662,0.6298227657128367,1.052679965343338,0.24054097141035177,0.42685758513931893,0.49561927518916765,0,8.48868778280543,0,Zone_3,Aarav Nair,21,Male,Kolkata,2020-04-05,213,14,4.02,0,6,4,1,Medium,59.18,0.2778403755868545,1101.02,5.169107981220657,2338,0.06572769953051644,12971,2.11,38.0,Business
T01992,R0100,0.8,5.49,16.39,2023-04-05,0,-1.3825676842048475,-1.6736559391079266,0,2,4,0,0,1,0,0,0,0,0,0,0,0,0,1,0,2.855895328366192,0.5877866649021191,2.3430749027719964,-1.39946510096236,-1.6736559391079266,-1.5677200636337378,0.034860240195557446,0.030185758513931894,0.026383910792512944,0,20.4875,0,Zone_8,Ishaan Gupta,28,Male,Delhi,2021-05-24,383,60,3.79,0,0,5,1,High,101.45,0.26488250652741513,1657.49,4.327650130548303,1924,0.1566579634464752,4516,1.93,31.0,Business
T01993,R0294,11.16,77.36,108.82,2023-09-06,0,-0.3015227162732761,0.6545430249840838,0,2,9,0,1,0,0,0,0,0,0,1,0,0,0,0,0,4.698842661850726,2.498151876538021,8.795453370918409,-0.3017222711608068,0.6545430249840838,0.4302446094256982,0.28044956956105854,0.43111455108359137,0.3841596973317404,0,9.750896057347669,0,Zone_4,Arjun Reddy,24,Male,Surat,2021-04-02,41,7,3.2,0,4,4,1,Low,56.68,1.3824390243902438,835.4,20.37560975609756,1976,0.17073170731707318,4038,2.46,48.2,Business
T01994,R0260,7.12,41.21,74.41,2023-12-11,0,-0.7039760035882753,-0.25336467915990485,0,0,12,0,0,0,1,0,1,0,0,0,0,0,0,0,0,4.322939892214555,2.0943301541735866,6.419501538281613,-0.710391867325163,-0.25336467915990485,-0.5747146633042116,0.18902114996280156,0.27476780185758515,0.20420151334129827,0,10.450842696629213,0,Zone_10,Reyansh Das,55,Other,Mumbai,2019-07-17,63,3,4.24,0,2,7,2,Low,37.79,0.5998412698412698,689.26,10.94063492063492,2601,0.047619047619047616,2440,1.54,35.4,Industrial
T01995,R0207,8.06,49.34,164.43,2023-02-13,0,0.3488820296606707,-0.04211882720561037,0,0,2,0,0,1,0,0,0,0,0,0,0,0,1,0,0,5.108548144618925,2.203869120054888,7.024243731534378,0.35872865132393195,-0.04211882720561037,-0.34870307582719445,0.42820703581677116,0.31114551083591335,0.24467343687773796,0,20.400744416873447,0,Zone_7,Ishaan Iyer,31,Male,Mumbai,2023-12-06,47,3,3.93,0,2,12,1,Low,63.47,1.3504255319148937,1231.46,26.20127659574468,998,0.06382978723404255,11070,0.64,45.2,Industrial
T01996,R0171,0.91,6.44,22.12,2023-03-20,1,-1.315550615436613,-1.6489356798366794,0,0,3,0,0,1,0,0,0,0,0,0,0,1,0,0,0,3.1406980438041767,0.6471032420585384,2.5377155080899043,-1.331412883989917,-1.6489356798366794,-1.5413103455398676,0.05008502497608673,0.03444272445820434,0.031113102349661494,0,24.307692307692307,1,Zone_6,Kavya Singh,23,Female,Jaipur,2019-05-13,276,19,4.3,0,0,5,0,Medium,12.120000000000001,0.043913043478260874,143.11999999999998,0.518550724637681,2666,0.06884057971014493,14627,0.54,37.6,Mixed
T01997,R0287,11.4,103.03,193.75,2024-06-25,0,0.691803575260083,0.7084781361213505,0,1,6,1,0,0,0,0,0,0,0,0,1,0,0,0,0,5.271716684750857,2.517696472610991,10.15036945140422,0.7069469762160832,0.7084781361213505,1.1438629920253327,0.5061111701562334,0.4404024767801858,0.51194743130227,0,16.99561403508772,0,Zone_5,Saanvi Singh,18,Other,Delhi,2021-12-17,320,34,3.33,0,4,12,2,Medium,40.28,0.12587500000000001,741.3399999999999,2.3166874999999996,1717,0.10625,2590,1.31,43.9,Business
T01998,R0254,4.94,39.32,58.45,2024-03-23,0,-0.8906413469636715,-0.7432752719900768,0,5,3,1,0,0,0,0,0,0,0,0,0,0,0,0,1,4.085135623136791,1.7817091333745536,6.270566162636353,-0.899940450724847,-0.7432752719900768,-0.6272561024593853,0.14661494313954723,0.1904024767801858,0.19479291119076064,0,11.831983805668015,0,Zone_9,Meera Kumar,18,Male,Delhi,2020-03-09,363,70,3.68,0,0,3,1,High,82.37,0.2269146005509642,1214.6,3.346005509641873,2365,0.1928374655647383,11037,1.83,56.1,Mixed
T01999,R0267,7.76,51.43,74.92,2023-10-29,0,-0.6980111335931967,-0.10953771612719383,0,6,10,0,0,1,0,0,0,1,0,0,0,0,0,0,0,4.3296801543016725,2.1701959049483,7.1714712576988,-0.7043348637202859,-0.10953771612719383,-0.2906016960206797,0.19037623551918376,0.2995356037151703,0.2550776583034648,0,9.654639175257733,0,Zone_2,Arjun Iyer,37,Other,Jaipur,2021-01-01,131,11,4.5,0,4,1,2,Low,47.19,0.3602290076335878,681.69,5.203740458015267,2067,0.08396946564885496,6371,0.91,58.4,Residential
T02000,R0202,12.02,114.45,149.05,2024-02-03,0,0.16900026392673623,0.8478105065592891,0,5,2,1,0,0,0,0,1,0,0,0,0,0,0,0,0,5.010968571886377,2.5664866367804233,10.698130677833394,0.17606842496508865,0.8478105065592891,1.4613356032169114,0.3873419066850888,0.4643962848297214,0.5687972919155715,0,12.400166389351083,0,Zone_10,Aadhya Reddy,27,Male,Ahmedabad,2021-10-28,317,0,4.72,0,3,10,1,Medium,73.7,0.23249211356466878,909.14,2.86794952681388,1767,0.0,2440,1.54,35.4,Industrial
