age,annual_income,loan_amount,credit_score,repayment_history,transaction_count,spending_ratio,default_flag,join_year,join_month,join_day,join_weekday,education_level_encoded,region_East,region_North,region_South,region_West,loan_purpose_Business,loan_purpose_Car,loan_purpose_Education,loan_purpose_Home,loan_purpose_Other,income_group,high_credit_score,income_quantile,debt_to_income_ratio,average_monthly_transactions
1.2363792588915894,0.41361749386198754,0.5687656921225627,-1.0074205966777672,0.8166208630997669,-0.2819437922318195,0.5558570360628594,0,2025,6,15,6,2.0,0.0,0.0,0.0,1.0,0.0,1.0,0.0,0.0,0.0,Very High,0,High,0.9812907673966063,7.166666666666667
0.4409731479217041,0.10890120750493004,-0.5421908753301397,-0.8700064697558723,-1.25251983732194,0.17675001291756115,-0.3647284556598684,0,2022,12,19,0,1.0,0.0,0.0,1.0,0.0,0.0,0.0,0.0,1.0,0.0,High,0,Medium-High,0.2147037378953014,7.666666666666667
-0.6725954074361352,1.4469434317455951,-0.6613712769555994,0.31773762469930683,-0.5628062705147042,-0.5877396623314065,-1.6059305613110622,0,2020,7,21,1,2.0,0.0,1.0,0.0,0.0,0.0,0.0,0.0,1.0,0.0,Very High,1,High,0.04457651922335291,6.833333333333333
1.5545417032795434,-0.44931730854937396,-0.41235292892298797,-0.024517763161141667,0.8166208630997669,0.3296479479673547,-0.02736759560473368,0,2025,7,25,4,2.0,0.0,1.0,0.0,0.0,1.0,0.0,0.0,0.0,0.0,Medium,0,Low,0.7262405733995372,7.833333333333333
-1.229379685115055,0.2235567996641961,0.37354883727061755,-3.6149317374223555,0.8166208630997669,0.48254588301714824,1.1156263339016352,0,2019,8,31,5,2.0,0.0,0.0,1.0,0.0,0.0,0.0,0.0,1.0,0.0,Very High,0,High,0.9755779088679434,8.0
-0.19535174085420406,-0.5155462141929581,-0.6160501021315941,0.8060387353972819,0.1269072962925313,2.317321103614671,0.7355744641855724,0,2019,4,28,6,0.0,0.0,0.0,0.0,1.0,1.0,0.0,0.0,0.0,0.0,Medium,1,Low,0.36024264961241986,10.0
1.2363792588915894,-0.6330385498324992,-0.5440135605272963,0.8039941234298128,-0.5628062705147042,-1.5051272726301679,-0.10619749393927373,0,2021,5,31,0,2.0,0.0,0.0,0.0,1.0,0.0,0.0,0.0,1.0,0.0,Low,1,Low,0.7367757150610262,5.833333333333333
-0.3544329630481811,-0.6952830752587007,7.2273369505393825,0.2885051435217341,1.5063344299070027,0.02385207786776761,0.9484828153539027,0,2022,11,8,1,1.0,0.0,0.0,0.0,1.0,1.0,0.0,0.0,0.0,0.0,Low,0,Low,33.03813765495838,7.5
-0.03627051866022701,0.05149855719626868,2.3332711817071816,-0.9129656289996223,2.885761563521474,-0.2819437922318195,0.12938046926109334,1,2023,12,5,1,2.0,0.0,1.0,0.0,0.0,1.0,0.0,0.0,0.0,0.0,High,0,Medium-High,3.1115840345415466,7.166666666666667
-0.9907578518240893,-0.12301388216980258,-0.5703242832487727,0.3495538641382219,0.1269072962925313,1.85862729846529,0.8216256101797156,0,2018,7,11,2,3.0,0.0,0.0,1.0,0.0,0.0,0.0,0.0,1.0,0.0,High,1,Medium-High,0.24176011597104197,9.5
-0.9907578518240893,-0.37112864575418736,-0.5756288745556264,0.09314879134799338,-1.25251983732194,0.48254588301714824,-1.497180269164219,1,2025,10,6,0,2.0,1.0,0.0,0.0,0.0,0.0,1.0,0.0,0.0,0.0,Medium,0,Medium-Low,0.3388829326684072,8.0
0.04327009243676151,-0.6581679935333611,-0.1180573378645873,-1.0857245856319,0.8166208630997669,-1.9638210777795484,-1.1357500488638603,0,2025,4,19,5,1.0,0.0,1.0,0.0,0.0,0.0,0.0,0.0,1.0,0.0,Low,0,Low,2.3274923927307043,5.333333333333333
0.9977574256006237,-0.43297245039986476,0.4241921468352484,0.05697364822193916,-1.25251983732194,0.02385207786776761,0.6003847110371615,0,2023,7,11,1,3.0,0.0,0.0,0.0,1.0,1.0,0.0,0.0,0.0,0.0,Medium,0,Low,2.351985752121474,7.5
1.315919869988578,-0.19958477705169406,-0.43707023461112754,1.1114066661484685,-1.25251983732194,-2.2696169478791357,1.3113014095303983,1,2025,1,7,1,2.0,0.0,0.0,1.0,0.0,1.0,0.0,0.0,0.0,0.0,High,1,Medium-Low,0.4462637951008598,5.0
0.04327009243676151,0.19988696031286385,-0.6036998360383838,-1.0913802655568794,-1.25251983732194,0.02385207786776761,0.3268613447145608,0,2018,11,3,5,0.0,0.0,0.0,0.0,1.0,0.0,1.0,0.0,0.0,0.0,Very High,0,High,0.14385580415352214,7.5
0.04327009243676151,-0.2078782341308221,-0.07329453789028542,-0.5948652300733219,-1.25251983732194,-1.1993314025305808,-0.4756445400195917,0,2019,6,16,6,1.0,1.0,0.0,0.0,0.0,0.0,1.0,0.0,0.0,0.0,High,0,Medium-Low,0.9464797881475592,6.166666666666667
-0.11581112975721553,-0.09216855108234441,0.020687778261422846,-0.5087274951829469,1.5063344299070027,-0.2819437922318195,-0.7855265764313156,0,2018,5,2,2,1.0,0.0,0.0,0.0,1.0,0.0,1.0,0.0,0.0,0.0,High,0,Medium-High,0.926844947111097,7.166666666666667
-1.706623351696986,-0.33830679887751847,1.0140624671159606,-3.6149317374223555,-1.25251983732194,-0.2819437922318195,-0.31593725147144053,1,2025,5,20,1,0.0,0.0,0.0,0.0,1.0,1.0,0.0,0.0,0.0,0.0,Medium,0,Medium-Low,2.95709278359028,7.166666666666667
0.04327009243676151,0.9848722426820724,0.0443001299364173,0.5156483330196988,-1.25251983732194,-0.5877396623314065,1.0255774686048775,0,2019,8,15,3,3.0,1.0,0.0,0.0,0.0,0.0,1.0,0.0,0.0,0.0,Very High,1,High,0.4189787346856135,6.833333333333333
1.634082314376532,-0.5157595791530221,0.14775502139967667,0.07408070241341841,2.885761563521474,0.02385207786776761,-0.339813165661533,0,2025,12,27,5,2.0,0.0,0.0,1.0,0.0,0.0,0.0,0.0,1.0,0.0,Medium,0,Low,2.1640009018074573,7.5
0.5205137590186927,-0.19958477705169406,-0.34144581217274494,0.2990722194585461,0.8166208630997669,0.9412396881665289,0.880036772646883,0,2022,1,15,5,3.0,0.0,1.0,0.0,0.0,0.0,1.0,0.0,0.0,0.0,High,1,Medium-Low,0.5749469317490554,8.5
1.1568386477946009,-0.37523835941019346,2.0666240347216513,-1.232075231925914,1.5063344299070027,-0.5877396623314065,0.5332955924984814,1,2018,2,28,2,1.0,0.0,0.0,1.0,0.0,0.0,0.0,0.0,1.0,0.0,Medium,0,Medium-Low,5.0134545082483495,6.833333333333333
-1.706623351696986,0.05387740130186428,-0.38024243567423127,0.40448726036879806,0.8166208630997669,-0.434841727281613,1.4645348282859258,0,2024,6,6,3,1.0,1.0,0.0,0.0,0.0,1.0,0.0,0.0,0.0,0.0,High,1,Medium-High,0.3887139291972744,7.0
-0.19535174085420406,-0.520481807921955,-0.4342315653774111,-0.06838863832129245,0.1269072962925313,1.7057293634154966,0.13643411905128053,0,2025,2,13,3,2.0,0.0,0.0,0.0,1.0,0.0,0.0,0.0,1.0,0.0,Medium,0,Low,0.7987579017210807,9.333333333333334
0.7591355923096582,-0.14439238479143449,1.052992163459619,-0.635311993126144,0.1269072962925313,-0.12904585718202594,-0.08279347153076855,0,2022,4,23,5,1.0,0.0,0.0,1.0,0.0,0.0,0.0,1.0,0.0,0.0,High,0,Medium-High,2.280262203835293,7.333333333333333
-0.9112172407271008,-0.131601149446858,-0.5857981555467076,-1.4721910477613163,-0.5628062705147042,0.3296479479673547,0.9238289599354016,0,2021,2,14,6,2.0,0.0,1.0,0.0,0.0,0.0,0.0,0.0,1.0,0.0,High,0,Medium-High,0.22528444972398579,7.833333333333333
0.04327009243676151,-0.43406716898861547,-0.6278425848187547,0.05697364822193916,0.1269072962925313,0.48254588301714824,-0.8598842093386924,0,2022,12,16,4,3.0,1.0,0.0,0.0,0.0,0.0,0.0,0.0,1.0,0.0,Medium,0,Low,0.2783116457235185,8.0
1.634082314376532,-0.05527613566589765,-0.21058533878134625,0.3805600298479471,-1.25251983732194,0.48254588301714824,-0.4288612411022478,0,2022,12,11,6,2.0,0.0,0.0,1.0,0.0,0.0,0.0,1.0,0.0,0.0,High,1,Medium-High,0.6278062768646975,8.0
0.12281070353375004,-0.5133480330940385,-0.2560154255370902,-1.638863702307967,0.8166208630997669,0.48254588301714824,-1.513326689813661,0,2019,2,3,6,2.0,0.0,1.0,0.0,0.0,0.0,0.0,0.0,0.0,1.0,Medium,0,Low,1.2036484243459467,8.0
0.2818919257277271,-0.5379231891606743,-0.3310766904566199,0.04866324600544326,0.1269072962925313,0.6354438180669418,-1.139831525673704,0,2025,1,6,0,1.0,1.0,0.0,0.0,0.0,1.0,0.0,0.0,0.0,0.0,Medium,0,Low,1.091054228730532,8.166666666666666
1.475001092182555,-0.15993485236925328,0.260581460827638,0.1504008413493476,0.1269072962925313,0.7883417531167354,1.6483044756688698,0,2025,10,23,3,0.0,0.0,1.0,0.0,0.0,0.0,0.0,0.0,1.0,0.0,High,0,Medium-High,1.3142194086318961,8.333333333333334
0.04327009243676151,-0.6403143817691285,-0.49687692867392136,-0.5129236653685729,0.8166208630997669,-1.9638210777795484,0.568165053621686,0,2024,12,20,4,1.0,1.0,0.0,0.0,0.0,0.0,0.0,0.0,1.0,0.0,Low,0,Low,0.9133797615791146,5.333333333333333
-0.5930547963391467,-0.7086909905645229,-0.23181046746106662,0.40299377705849576,-1.25251983732194,-0.7406375973812,-1.241941647387856,0,2020,7,30,3,2.0,0.0,0.0,0.0,1.0,1.0,0.0,0.0,0.0,0.0,Low,1,Low,2.3498778847637447,6.666666666666667
-0.6725954074361352,-0.19958477705169406,-0.3697610420452158,-0.09954820465183947,0.1269072962925313,1.0941376232163225,1.0090751831256717,0,2019,6,12,2,1.0,0.0,0.0,1.0,0.0,0.0,1.0,0.0,0.0,0.0,High,0,Medium-Low,0.5368427267563182,8.666666666666666
1.634082314376532,0.3712883694096141,-0.4936254168874724,0.30820496509149553,-1.25251983732194,0.6354438180669418,-0.6567070273384658,0,2024,9,11,2,1.0,0.0,1.0,0.0,0.0,0.0,0.0,0.0,1.0,0.0,Very High,1,High,0.20835515099414886,8.166666666666666
-1.6270827405999975,-0.36731934053207027,-0.2771374291517131,0.5544021199590995,-1.25251983732194,0.3296479479673547,0.5230979040043104,1,2022,11,10,3,2.0,1.0,0.0,0.0,0.0,1.0,0.0,0.0,0.0,0.0,Medium,1,Medium-Low,0.8570396258257849,7.833333333333333
1.0772980366976124,-0.4267762860650084,0.16362698036015536,0.5549512121344163,0.8166208630997669,-0.8935355324309936,0.5099920585488563,0,2021,11,22,0,1.0,0.0,1.0,0.0,0.0,1.0,0.0,0.0,0.0,0.0,Medium,1,Medium-Low,1.8158090769881012,6.5
-1.3089202962120434,0.34045896521691166,1.4961349081879034,0.05697364822193916,-0.5628062705147042,-0.2819437922318195,1.421598784007349,0,2022,7,28,3,1.0,0.0,1.0,0.0,0.0,0.0,0.0,0.0,0.0,1.0,Very High,0,High,1.7570364066208453,7.166666666666667
-0.19535174085420406,-0.5440866088649766,0.0013553125850448652,0.36228742204828324,0.1269072962925313,1.0941376232163225,-0.5110855700483653,0,2022,3,31,3,1.0,0.0,0.0,1.0,0.0,0.0,0.0,0.0,0.0,1.0,Medium,1,Low,1.9501660597643689,8.666666666666666
-1.1498390740180664,-0.19958477705169406,-0.6613712769555994,-0.43723475437805254,-0.5628062705147042,0.02385207786776761,-0.6887603537046295,0,2019,3,12,1,3.0,0.0,0.0,0.0,1.0,1.0,0.0,0.0,0.0,0.0,High,0,Medium-Low,0.14441871257557407,7.5
1.2363792588915894,0.14774799441635025,-0.2689145723579287,-0.6046661495209776,-1.25251983732194,-1.3522293375803742,-1.9890725945749699,1,2020,4,19,6,2.0,0.0,1.0,0.0,0.0,0.0,0.0,0.0,1.0,0.0,High,0,High,0.45674826926328793,6.0
-0.4339735741451696,-0.1975826268797121,-0.2371817480911948,0.05697364822193916,1.5063344299070027,-0.5877396623314065,-0.14612193674421867,1,2018,12,26,2,2.0,1.0,0.0,0.0,0.0,0.0,0.0,0.0,1.0,0.0,High,0,Medium-High,0.7133138100661018,6.833333333333333
-1.547542129503009,0.38276433251017095,0.21982323946162083,0.17877838817879382,-1.25251983732194,-0.7406375973812,0.5971329025508416,0,2021,2,26,4,0.0,1.0,0.0,0.0,0.0,0.0,0.0,1.0,0.0,0.0,Very High,0,High,0.7422562982475387,6.666666666666667
0.12281070353375004,-0.708685357712877,-0.18450145688096622,1.3261730813159676,-1.25251983732194,0.7883417531167354,0.7170254323337317,0,2020,5,13,2,3.0,0.0,0.0,0.0,1.0,0.0,1.0,0.0,0.0,0.0,Low,1,Low,2.5568823005120773,8.333333333333334
-0.7521360185331237,-0.5952285530842835,0.46531188336417784,-0.3209509605771761,-0.5628062705147042,0.3296479479673547,1.059587894495968,0,2025,5,5,0,2.0,1.0,0.0,0.0,0.0,0.0,1.0,0.0,0.0,0.0,Medium,0,Low,3.5959498019595033,7.833333333333333
-1.1498390740180664,-0.19543325742858414,-0.09347867111786637,0.47140808829841685,-0.5628062705147042,0.02385207786776761,0.21500061957905423,0,2022,7,9,5,1.0,0.0,0.0,0.0,1.0,0.0,1.0,0.0,0.0,0.0,High,1,Medium-High,0.9035372130771301,7.5
0.20235131463073855,-0.011819875885948988,0.7597669109076391,-0.7071257164647714,0.1269072962925313,0.6354438180669418,0.4036217158501622,0,2022,9,29,3,3.0,1.0,0.0,0.0,0.0,0.0,1.0,0.0,0.0,0.0,High,0,Medium-High,1.6383888236828061,8.166666666666666
-1.706623351696986,0.23397914124802313,-0.3911277169494031,0.2215559573538423,0.1269072962925313,-1.0464334674807871,0.020492181976910162,0,2021,5,30,6,1.0,0.0,0.0,1.0,0.0,0.0,0.0,1.0,0.0,0.0,Very High,0,High,0.31959672178427434,6.333333333333333
-0.27489235195119255,-0.19958477705169406,-0.20081742559052598,1.265412557327779,-0.5628062705147042,1.0941376232163225,0.5814492392323797,0,2024,3,11,0,2.0,0.0,1.0,0.0,0.0,0.0,0.0,0.0,1.0,0.0,High,1,Medium-Low,0.7641925389456456,8.666666666666666
0.3614325368247156,-0.13171377226946965,0.14684161863719075,0.7034495577770239,-1.25251983732194,-0.8935355324309936,-0.8589888687887427,0,2020,7,4,5,2.0,0.0,0.0,1.0,0.0,0.0,0.0,0.0,1.0,0.0,High,1,Medium-High,1.1279072891186568,6.5
-1.3089202962120434,-0.34264352738417597,-0.4247998935556234,-1.5097524700159692,0.1269072962925313,0.7883417531167354,-1.2750754199630912,0,2025,3,24,0,1.0,0.0,1.0,0.0,0.0,0.0,1.0,0.0,0.0,0.0,Medium,0,Medium-Low,0.5745950307501569,8.333333333333334
1.634082314376532,0.8247940427062673,-0.47343198270067877,0.5901417674156495,0.1269072962925313,0.7883417531167354,-0.7664185192689683,0,2022,12,4,6,3.0,0.0,1.0,0.0,0.0,1.0,0.0,0.0,0.0,0.0,Very High,1,High,0.16600598463131908,8.333333333333334
-1.229379685115055,-0.53484499192515,-0.4382874796687058,0.6347879969418821,-0.5628062705147042,1.0941376232163225,0.14815790851153113,0,2023,12,23,5,2.0,0.0,1.0,0.0,0.0,0.0,0.0,0.0,1.0,0.0,Medium,1,Low,0.8174150063386487,8.666666666666666
0.9182168145036352,-0.04111670753163013,-0.4648784753537371,0.2006522542265768,-0.5628062705147042,-0.7406375973812,-1.1802801241449492,0,2025,9,2,1,2.0,0.0,0.0,1.0,0.0,0.0,1.0,0.0,0.0,0.0,High,0,Medium-High,0.3363386310634026,6.666666666666667
-0.7521360185331237,-0.5086862807621402,-0.028690522377604166,0.6850875680209778,-0.5628062705147042,-1.810923142729755,-0.594890668426959,0,2019,1,21,0,1.0,0.0,1.0,0.0,0.0,1.0,0.0,0.0,0.0,0.0,Medium,1,Low,1.7183481019734994,5.5
-0.5135141852421581,0.04957731274254949,-0.6265947913423361,-0.7867694886710908,1.5063344299070027,-0.7406375973812,-0.5668575938974094,0,2021,8,19,3,0.0,0.0,0.0,1.0,0.0,0.0,1.0,0.0,0.0,0.0,High,0,Medium-High,0.14281308507992593,6.666666666666667
0.9977574256006237,-0.5200618906150594,-0.5959681622671569,0.09257024588587272,0.1269072962925313,0.02385207786776761,0.6466988855003064,0,2022,12,11,6,1.0,0.0,0.0,0.0,1.0,0.0,0.0,0.0,1.0,0.0,Medium,0,Low,0.41207737849557985,7.5
1.315919869988578,0.16950312110949034,1.1221523498354387,1.1191380235023918,-0.5628062705147042,0.17675001291756115,0.5398957488202609,0,2022,5,5,3,2.0,1.0,0.0,0.0,0.0,0.0,1.0,0.0,0.0,0.0,High,1,High,1.6940110688348549,7.666666666666667
-1.547542129503009,-0.15459026975810375,-0.4597056322577582,1.0306667592646404,0.1269072962925313,-0.434841727281613,0.02256782336279018,0,2021,4,27,1,1.0,1.0,0.0,0.0,0.0,0.0,0.0,0.0,1.0,0.0,High,1,Medium-High,0.3918209884696685,7.0
-1.706623351696986,0.9800376041987189,-0.1782506381102219,0.567932044960188,-0.5628062705147042,-0.7406375973812,0.35649066478501124,1,2022,3,30,2,2.0,0.0,1.0,0.0,0.0,0.0,0.0,0.0,0.0,1.0,Very High,1,High,0.3050541645060226,6.666666666666667
-1.388460907309032,-0.3062773023792695,-0.5876969494969675,-0.8353009474702263,0.8166208630997669,-0.434841727281613,0.3737980292664714,0,2019,1,24,3,2.0,0.0,0.0,1.0,0.0,0.0,0.0,0.0,1.0,0.0,Medium,0,Medium-Low,0.28491440799176493,7.0
1.475001092182555,-0.00811088834996803,-0.2204332558618943,0.05697364822193916,-1.25251983732194,-0.5877396623314065,-0.3583199086073665,0,2025,8,23,5,1.0,1.0,0.0,0.0,0.0,0.0,0.0,1.0,0.0,0.0,High,0,Medium-High,0.5853360474402758,6.833333333333333
-1.547542129503009,-0.4570119291757339,-0.458385613825822,0.14285430998984652,0.1269072962925313,-0.12904585718202594,-0.5152704161266259,0,2019,12,5,3,2.0,0.0,0.0,1.0,0.0,0.0,0.0,0.0,1.0,0.0,Medium,0,Low,0.642609214340537,7.333333333333333
0.4409731479217041,-0.3086485108710974,-0.5968267967527208,0.20779791749324353,-1.25251983732194,-1.0464334674807871,1.3090235895158557,1,2022,10,5,2,1.0,0.0,0.0,1.0,0.0,0.0,1.0,0.0,0.0,0.0,Medium,0,Medium-Low,0.2715670319346042,6.333333333333333
-0.4339735741451696,-0.15731242271735765,0.5398924612064235,-0.06788501511554615,0.1269072962925313,-0.434841727281613,-1.9890725945749699,0,2025,9,21,6,3.0,0.0,1.0,0.0,0.0,0.0,0.0,1.0,0.0,0.0,High,0,Medium-High,1.6652201093045955,7.0
0.20235131463073855,-0.6180530301566597,0.4058731222339777,-0.7586104416771878,0.1269072962925313,0.02385207786776761,-0.6897026737971161,0,2020,5,13,2,2.0,1.0,0.0,0.0,0.0,0.0,0.0,0.0,1.0,0.0,Low,0,Low,3.669451464481397,7.5
1.634082314376532,-0.5983786503785719,-0.2925515477860497,0.4590066690436071,-1.25251983732194,-0.434841727281613,-0.21807762863088112,0,2020,11,25,2,1.0,0.0,1.0,0.0,0.0,0.0,1.0,0.0,0.0,0.0,Low,1,Low,1.4004869956594648,7.0
0.8386762034066467,0.08544743978553437,0.26454403270254556,0.13856106151713102,-1.25251983732194,0.02385207786776761,0.45202858161447335,0,2018,3,20,1,1.0,0.0,1.0,0.0,0.0,0.0,0.0,0.0,1.0,0.0,High,0,Medium-High,1.0019478223858784,7.5
-1.0702984629210779,-0.25786521928628553,1.1765876870720708,0.31472899273293575,-0.5628062705147042,0.9412396881665289,0.9570251798083281,0,2021,7,22,3,2.0,1.0,0.0,0.0,0.0,0.0,1.0,0.0,0.0,0.0,Medium,1,Medium-Low,2.843193388737104,8.5
0.9977574256006237,-0.4053439251084908,0.10149779706515868,0.6124388600564283,-0.5628062705147042,-0.434841727281613,1.5898337705663514,0,2021,7,25,6,2.0,1.0,0.0,0.0,0.0,0.0,0.0,1.0,0.0,0.0,Medium,1,Medium-Low,1.6261869277953112,7.0
0.04327009243676151,-0.4456684632743716,-0.05057336324968075,-0.2377959851196168,0.8166208630997669,0.17675001291756115,-0.11974491064175105,0,2019,11,5,1,2.0,0.0,0.0,0.0,1.0,0.0,1.0,0.0,0.0,0.0,Medium,0,Low,1.4526557555925677,7.666666666666667
0.6000543701156812,-0.43520331480285224,-0.17869070961569153,-0.448724700155079,-1.25251983732194,-0.7406375973812,-0.06098046460287083,0,2024,6,17,0,2.0,0.0,0.0,0.0,1.0,1.0,0.0,0.0,0.0,0.0,Medium,0,Low,1.168485943104635,6.666666666666667
-0.6725954074361352,-0.15439898244942094,0.04007157153738404,1.11658009513064,0.1269072962925313,0.02385207786776761,0.2788797048534016,0,2018,7,23,0,1.0,0.0,0.0,1.0,0.0,0.0,0.0,1.0,0.0,0.0,High,1,Medium-High,1.0253361212659688,7.5
-1.229379685115055,0.0021739046287553875,-0.37082452317744646,-0.7121055161428937,-0.5628062705147042,0.48254588301714824,-0.50528694595177,0,2020,9,11,4,1.0,1.0,0.0,0.0,0.0,0.0,1.0,0.0,0.0,0.0,High,0,Medium-High,0.4201102589566894,8.0
-0.7521360185331237,-0.7026185985521487,-0.3457576492043401,-0.42952107147208296,0.8166208630997669,-1.6580252076799613,-1.078336385447434,0,2023,5,30,1,1.0,0.0,0.0,0.0,1.0,0.0,0.0,0.0,1.0,0.0,Low,0,Low,1.8027063937009489,5.666666666666667
-0.03627051866022701,0.6606397954177788,-0.06489988367999296,1.240800961053328,0.1269072962925313,0.3296479479673547,-0.1237281525160643,0,2018,1,17,2,2.0,0.0,0.0,1.0,0.0,0.0,1.0,0.0,0.0,0.0,Very High,1,High,0.43641591855777884,7.833333333333333
0.04327009243676151,0.5994296152283524,-0.4002962433394264,-0.5058583826003061,-0.5628062705147042,-1.6580252076799613,0.6147183155715814,0,2019,4,21,6,3.0,0.0,0.0,1.0,0.0,1.0,0.0,0.0,0.0,0.0,Very High,0,High,0.23755274193530376,5.666666666666667
-0.19535174085420406,-0.7086909905645229,-0.3713478458852972,-0.06616497176507376,1.5063344299070027,-0.5877396623314065,-0.2524201857536439,1,2020,10,13,1,2.0,0.0,0.0,1.0,0.0,0.0,0.0,0.0,1.0,0.0,Low,0,Low,1.7391328100852121,6.833333333333333
-0.5930547963391467,0.3981059958474957,-0.2553247836891602,-0.37342830496879187,-1.25251983732194,-0.8935355324309936,0.3234742499252661,0,2018,7,29,6,1.0,0.0,0.0,0.0,1.0,1.0,0.0,0.0,0.0,0.0,Very High,0,High,0.38103890437103205,6.5
1.7136229254735205,0.37578467657610876,0.3798890470342478,-1.7180344917647459,2.885761563521474,0.6354438180669418,-1.6789923305234309,0,2019,5,14,1,2.0,1.0,0.0,0.0,0.0,0.0,0.0,0.0,1.0,0.0,Very High,0,High,0.8670402637727637,8.166666666666666
-0.4339735741451696,-0.20105805693399117,-0.5363980371381126,-0.0903752171379428,-0.5628062705147042,-0.2819437922318195,-0.023128869531496152,0,2019,3,5,1,2.0,0.0,1.0,0.0,0.0,1.0,0.0,0.0,0.0,0.0,High,0,Medium-Low,0.31322470789599277,7.166666666666667
0.04327009243676151,-0.5753418967351321,0.10461148584476197,-0.9604475171184669,-0.5628062705147042,0.17675001291756115,-0.39326446303357865,0,2021,8,22,6,2.0,0.0,0.0,1.0,0.0,0.0,0.0,0.0,1.0,0.0,Medium,0,Low,2.4040213888006874,7.666666666666667
0.20235131463073855,0.34727513970124585,0.12478052604994104,0.28016994906265413,0.8166208630997669,0.3296479479673547,-1.1580809052225438,0,2023,10,7,5,3.0,0.0,0.0,0.0,1.0,1.0,0.0,0.0,0.0,0.0,Very High,0,High,0.6894626578085191,7.833333333333333
0.12281070353375004,-0.2923732805087935,0.12104553790481462,1.1146907226644192,-1.25251983732194,0.48254588301714824,0.5373662195826444,0,2022,4,3,6,1.0,0.0,0.0,0.0,1.0,0.0,1.0,0.0,0.0,0.0,Medium,1,Medium-Low,1.3702876932210122,8.0
1.7136229254735205,0.057240296204410755,-0.47687029818468096,-2.140612710788628,0.8166208630997669,0.9412396881665289,1.5801067958062065,0,2021,5,16,6,1.0,0.0,1.0,0.0,0.0,0.0,0.0,0.0,1.0,0.0,High,0,Medium-High,0.2910295093146516,8.5
1.3954604810855664,1.5510910130716509,-0.6117309396646995,-0.36847360480766284,0.8166208630997669,-0.5877396623314065,0.829320563440839,1,2022,3,15,1,3.0,0.0,1.0,0.0,0.0,0.0,0.0,0.0,1.0,0.0,Very High,0,High,0.06246414227001481,6.833333333333333
0.4409731479217041,-0.09227215676723721,-0.009200554818520244,0.4740703174170997,2.885761563521474,0.9412396881665289,0.8852904842431175,0,2023,2,11,5,2.0,0.0,0.0,0.0,1.0,0.0,1.0,0.0,0.0,0.0,High,1,Medium-High,0.8918612906226951,8.5
-0.6725954074361352,-0.4917394515400709,-0.18338462945364778,-2.1103868673011266,-0.5628062705147042,-0.434841727281613,0.5858557564330485,0,2025,1,13,0,1.0,1.0,0.0,0.0,0.0,0.0,0.0,0.0,0.0,1.0,Medium,0,Low,1.3071366079398785,7.0
1.7136229254735205,-0.32490593182270167,0.2681359116706311,0.05697364822193916,-1.25251983732194,0.17675001291756115,0.5279243857018047,0,2025,3,13,3,2.0,0.0,1.0,0.0,0.0,0.0,0.0,0.0,1.0,0.0,Medium,0,Medium-Low,1.6820123625166234,7.666666666666667
-1.7861639627939745,-0.4595769404798386,-0.45434769203507314,0.40304656538547534,0.8166208630997669,-1.6580252076799613,-1.618113051418918,1,2023,2,20,0,2.0,0.0,0.0,0.0,1.0,0.0,0.0,0.0,1.0,0.0,Medium,1,Low,0.6544856548476324,5.666666666666667
0.12281070353375004,-0.003756812556195979,0.1051862291802734,1.092700798490645,-0.5628062705147042,-1.0464334674807871,-0.1515424078635556,0,2020,6,17,2,2.0,0.0,1.0,0.0,0.0,0.0,0.0,1.0,0.0,0.0,High,1,Medium-High,0.9286148039091275,6.333333333333333
-1.3089202962120434,-0.463900909193261,0.3050939723399969,-0.5224531441546435,-1.25251983732194,-1.9638210777795484,0.40703364673411235,1,2021,1,11,0,2.0,1.0,0.0,0.0,0.0,0.0,1.0,0.0,0.0,0.0,Medium,0,Low,2.2562425829098216,5.333333333333333
-1.1498390740180664,-0.369203667065921,-0.28852000108506837,-0.4041700122466296,-1.25251983732194,0.02385207786776761,0.4269815284128994,0,2025,4,22,1,1.0,0.0,0.0,1.0,0.0,0.0,1.0,0.0,0.0,0.0,Medium,0,Medium-Low,0.8399832712114457,7.5
0.04327009243676151,-0.5728153117717926,6.075270472373489,-0.1272727391749008,-0.5628062705147042,1.85862729846529,1.0765278420548647,0,2020,12,3,3,2.0,0.0,1.0,0.0,0.0,0.0,0.0,1.0,0.0,0.0,Medium,0,Low,18.708521050892635,9.5
-1.7861639627939745,-0.2526334682495714,-0.09804977011807105,2.1271969036721674,0.1269072962925313,0.3296479479673547,-0.9451110991863556,0,2022,2,15,1,2.0,1.0,0.0,0.0,0.0,0.0,0.0,0.0,1.0,0.0,High,1,Medium-Low,0.9726797313646495,7.833333333333333
1.634082314376532,-0.1263521730946622,-0.4798623942251477,1.3230290313136035,2.885761563521474,-0.12904585718202594,0.49354768910045455,0,2022,7,26,1,2.0,0.0,0.0,0.0,1.0,0.0,0.0,0.0,0.0,1.0,High,1,Medium-High,0.3534657852891516,7.333333333333333
0.04327009243676151,-0.7086909905645229,-0.024256335332427815,-3.6149317374223555,-0.5628062705147042,1.0941376232163225,-0.9737526366168873,0,2019,5,8,2,2.0,0.0,1.0,0.0,0.0,0.0,1.0,0.0,0.0,0.0,Low,0,Low,3.258327401002694,8.666666666666666
0.04327009243676151,-0.08867973941965124,0.8294633834287141,0.27999475971440113,1.5063344299070027,1.0941376232163225,-0.22502412712049355,0,2024,12,21,5,2.0,0.0,1.0,0.0,0.0,0.0,0.0,0.0,1.0,0.0,High,0,Medium-High,1.8687291477337722,8.666666666666666
-0.9907578518240893,-0.21944394265335698,-0.24735148700103496,0.6531030882245906,0.1269072962925313,-0.12904585718202594,-0.09364406463844303,0,2019,8,28,2,0.0,0.0,0.0,0.0,1.0,1.0,0.0,0.0,0.0,0.0,High,1,Medium-Low,0.7210499258268992,7.333333333333333
-0.5135141852421581,-0.19958477705169406,-0.5840858982075814,2.2272713939071336,0.1269072962925313,0.48254588301714824,0.7175493139796894,0,2020,8,5,2,2.0,0.0,0.0,1.0,0.0,0.0,0.0,1.0,0.0,0.0,High,1,Medium-Low,0.2484227389606453,8.0
-1.229379685115055,1.303732169300345,-0.4514052240167985,0.40581937419718433,0.1269072962925313,-0.8935355324309936,0.61435076623677,0,2018,10,21,6,2.0,0.0,0.0,0.0,1.0,0.0,1.0,0.0,0.0,0.0,Very High,1,High,0.1402218791133976,6.5
0.04327009243676151,7.545355166311752,-0.6209783588068517,0.07560272455237531,-0.5628062705147042,1.7057293634154966,0.0663017781057866,0,2021,3,17,2,2.0,0.0,1.0,0.0,0.0,0.0,0.0,1.0,0.0,0.0,Very High,0,High,0.017231617883762363,9.333333333333334
0.9182168145036352,-0.533386216442258,0.4978426565832396,2.1224159317158464,1.5063344299070027,-1.1993314025305808,-1.9274919825259957,0,2023,7,12,2,2.0,0.0,0.0,0.0,1.0,0.0,0.0,0.0,1.0,0.0,Medium,1,Low,3.122017344309684,6.166666666666667
0.7591355923096582,-0.19958477705169406,0.1076284845085507,0.2608868872615312,0.8166208630997669,1.7057293634154966,0.35102340565470685,0,2018,6,21,3,2.0,1.0,0.0,0.0,0.0,0.0,1.0,0.0,0.0,0.0,High,0,Medium-Low,1.179272559151077,9.333333333333334
-1.4680015184060204,0.5195660859693532,-0.4073210931689575,-0.5450787386800311,2.885761563521474,2.0115252335150835,-0.2741386909095631,1,2022,5,6,4,2.0,0.0,0.0,0.0,1.0,1.0,0.0,0.0,0.0,0.0,Very High,0,High,0.2458196327675469,9.666666666666666
1.475001092182555,-0.1459980338025388,-0.5784628542882101,0.5169889247694045,0.1269072962925313,0.17675001291756115,1.1819042712771815,0,2019,6,15,5,2.0,0.0,1.0,0.0,0.0,0.0,0.0,0.0,1.0,0.0,High,1,Medium-High,0.23859726479477505,7.666666666666667
1.2363792588915894,-0.039925615857100534,-0.48224337337758266,-1.3742227942057794,0.1269072962925313,-0.12904585718202594,0.972807131945697,0,2021,2,17,2,1.0,0.0,0.0,0.0,1.0,0.0,1.0,0.0,0.0,0.0,High,0,Medium-High,0.31669238479349143,7.333333333333333
1.3954604810855664,-0.05121968750406983,-0.44034519656298066,-0.22490229501155762,0.1269072962925313,-1.0464334674807871,-0.862305953104734,0,2023,2,3,4,1.0,0.0,0.0,1.0,0.0,1.0,0.0,0.0,0.0,0.0,High,0,Medium-High,0.367655352074313,6.333333333333333
0.3614325368247156,-0.7018141129529601,-0.21453634877374667,0.7508942501253842,-0.5628062705147042,-1.0464334674807871,0.47152705242985005,0,2022,10,27,3,2.0,0.0,0.0,0.0,1.0,0.0,0.0,0.0,0.0,1.0,Low,1,Low,2.3538664207835525,6.333333333333333
-1.3089202962120434,-0.27287819598075047,-0.2274362165791899,0.39248742834802014,0.8166208630997669,-0.5877396623314065,0.4888438971637834,0,2023,10,15,6,2.0,0.0,0.0,1.0,0.0,0.0,1.0,0.0,0.0,0.0,Medium,1,Medium-Low,0.8090334935399919,6.833333333333333
-1.1498390740180664,-0.2915537640719081,0.5440315933115879,-0.42309875997365975,0.8166208630997669,0.02385207786776761,0.42503262856618906,0,2023,12,29,4,1.0,1.0,0.0,0.0,0.0,0.0,1.0,0.0,0.0,0.0,Medium,0,Medium-Low,2.019156128031451,7.5
-1.229379685115055,0.6759111104021294,-0.4526306844452743,-0.19697954790563493,0.1269072962925313,2.1644231685648774,0.3113183652129205,0,2024,10,29,1,1.0,0.0,0.0,1.0,0.0,0.0,0.0,1.0,0.0,0.0,Very High,0,High,0.1941277598736628,9.833333333333334
-0.9112172407271008,-0.05346120613431205,-0.5900933843959585,1.045753005478662,-1.25251983732194,-0.5877396623314065,0.5136253889880318,0,2018,7,8,6,2.0,0.0,0.0,0.0,1.0,0.0,0.0,0.0,0.0,1.0,High,1,Medium-High,0.20048685346625458,6.833333333333333
0.8386762034066467,-0.3119858040290999,-0.5403182406943626,-1.1563454331382736,0.8166208630997669,-0.434841727281613,1.2781383044816803,0,2018,6,7,3,0.0,0.0,1.0,0.0,0.0,1.0,0.0,0.0,0.0,0.0,Medium,0,Medium-Low,0.3627926995145086,7.0
0.7591355923096582,-0.23670860065594518,-0.2635985564006045,-1.1506502438999082,0.1269072962925313,-0.434841727281613,-0.5230626993529288,0,2025,6,10,1,1.0,0.0,0.0,1.0,0.0,0.0,0.0,0.0,1.0,0.0,High,0,Medium-Low,0.7158579176905354,7.0
-0.03627051866022701,0.3530398407187615,-0.46047926507205544,-0.8810334174022763,-0.5628062705147042,1.3999334933159095,-0.8340417631192071,0,2023,5,25,3,0.0,1.0,0.0,0.0,0.0,0.0,1.0,0.0,0.0,0.0,Very High,0,High,0.23677108353416423,9.0
0.04327009243676151,-0.27204594041573255,-0.35028435848186823,0.020066009013465568,-0.5628062705147042,-1.5051272726301679,0.647483221965607,0,2018,9,3,0,1.0,0.0,0.0,1.0,0.0,0.0,1.0,0.0,0.0,0.0,Medium,0,Medium-Low,0.6246216346034321,5.833333333333333
1.0772980366976124,-0.43512274067962053,-0.395146592812985,0.05697364822193916,0.1269072962925313,-0.12904585718202594,-1.6917540371360582,0,2025,12,13,5,1.0,0.0,0.0,1.0,0.0,1.0,0.0,0.0,0.0,0.0,Medium,0,Low,0.7396776889427428,7.333333333333333
0.9182168145036352,-0.30443669851205657,0.2579253496935329,0.05697364822193916,-0.5628062705147042,0.3296479479673547,3.372864653165043,1,2025,8,27,2,1.0,0.0,0.0,1.0,0.0,0.0,0.0,1.0,0.0,0.0,Medium,0,Medium-Low,1.6113596787868396,7.833333333333333
1.634082314376532,0.2957858295395879,-0.42833742938650843,-0.8757957171120814,0.8166208630997669,1.247035558266116,0.3791927933835573,0,2024,7,5,4,2.0,1.0,0.0,0.0,0.0,0.0,0.0,1.0,0.0,0.0,Very High,0,High,0.27362857984470607,8.833333333333334
1.315919869988578,0.028893921926657136,-0.3745453002290194,0.2505323877095496,0.8166208630997669,0.02385207786776761,-1.9890725945749699,1,2025,1,3,4,3.0,0.0,0.0,0.0,1.0,0.0,0.0,0.0,0.0,1.0,High,0,Medium-High,0.4046410374953902,7.5
-0.11581112975721553,-0.18316049515629132,0.0793725853201439,-0.5372844764592707,-0.5628062705147042,1.247035558266116,-0.5976040524041558,0,2020,4,29,2,2.0,0.0,0.0,1.0,0.0,0.0,0.0,0.0,1.0,0.0,High,0,Medium-High,1.1163074751105937,8.833333333333334
0.2818919257277271,-0.11975223312475346,-0.4230593766300293,-0.033687989964728146,1.5063344299070027,-1.5051272726301679,1.3434952881145188,1,2022,12,16,4,2.0,0.0,0.0,1.0,0.0,0.0,0.0,0.0,1.0,0.0,High,0,Medium-High,0.4195558058249404,5.833333333333333
0.04327009243676151,-0.39559363831709393,-0.07840475259322024,-1.541654165708009,1.5063344299070027,0.7883417531167354,-1.3178154508368798,0,2020,12,30,2,1.0,0.0,1.0,0.0,0.0,0.0,1.0,0.0,0.0,0.0,Medium,0,Medium-Low,1.2666583882770361,8.333333333333334
0.04327009243676151,-0.2754502858481738,-0.12133421013652763,1.0123955920935392,0.1269072962925313,-0.8935355324309936,0.1472523334903236,0,2021,8,29,6,1.0,1.0,0.0,0.0,0.0,0.0,1.0,0.0,0.0,0.0,Medium,1,Medium-Low,0.9714039075652554,6.5
0.9182168145036352,-0.4254430007928832,-0.20184112676628585,-0.9122782985520231,0.1269072962925313,0.9412396881665289,-0.9209890940584604,0,2023,10,28,5,2.0,0.0,0.0,1.0,0.0,0.0,0.0,0.0,1.0,0.0,Medium,0,Medium-Low,1.1011209409035274,8.5
1.0772980366976124,-0.3110152038327589,-0.5366795979864868,0.05697364822193916,2.1960479967142383,0.6354438180669418,-0.6613123290252848,0,2018,6,18,0,0.0,1.0,0.0,0.0,0.0,0.0,0.0,0.0,1.0,0.0,Medium,0,Medium-Low,0.36799952129053154,8.166666666666666
0.04327009243676151,0.6032122816581947,0.4453360892314018,2.2272713939071336,0.1269072962925313,-1.5051272726301679,1.6421160656241431,0,2025,10,28,1,2.0,0.0,0.0,1.0,0.0,0.0,0.0,1.0,0.0,0.0,Very High,1,High,0.7809213269504898,5.833333333333333
-1.6270827405999975,-0.5292750634442894,1.6605498519332744,0.5740726955411872,1.5063344299070027,1.0941376232163225,0.069033814080351,0,2024,2,6,1,2.0,0.0,0.0,0.0,1.0,1.0,0.0,0.0,0.0,0.0,Medium,1,Low,5.9273863992642,8.666666666666666
-1.7861639627939745,-0.4325116802565673,-0.2522100173760655,0.9742516359202175,1.5063344299070027,-0.8935355324309936,0.41429939315327907,0,2022,7,10,6,2.0,0.0,0.0,0.0,1.0,0.0,1.0,0.0,0.0,0.0,Medium,1,Low,1.01739926725651,6.5
-1.4680015184060204,4.707382653684893,-0.5219312952444441,0.4805108517880317,0.8166208630997669,-0.7406375973812,-0.13795454107921412,0,2024,4,26,4,0.0,0.0,0.0,1.0,0.0,0.0,1.0,0.0,0.0,0.0,Very High,1,High,0.04326574697287889,6.666666666666667
0.20235131463073855,-0.608092357691739,-0.24482778650263445,-0.4131518138392653,-0.5628062705147042,-1.0464334674807871,-1.3686671912034438,0,2022,2,18,4,1.0,0.0,0.0,0.0,1.0,0.0,0.0,0.0,1.0,0.0,Low,0,Low,1.5866849968664003,6.333333333333333
-0.7521360185331237,-0.2728426378170976,0.25765351856633034,-1.250919465660803,0.8166208630997669,-0.8935355324309936,-1.0789382301056023,0,2022,12,1,3,2.0,0.0,0.0,1.0,0.0,1.0,0.0,0.0,0.0,0.0,Medium,0,Medium-Low,1.5340355403495503,6.5
1.2363792588915894,-0.4124817496740622,-0.4349952240180191,-0.26247748328206766,-1.25251983732194,0.9412396881665289,0.9946868611913497,0,2024,6,2,6,1.0,0.0,0.0,0.0,1.0,1.0,0.0,0.0,0.0,0.0,Medium,0,Medium-Low,0.6321231140238562,8.5
0.2818919257277271,0.9980773432244634,-0.29967833475657707,-0.9286158903698877,0.8166208630997669,0.48254588301714824,0.09487154907445056,0,2019,9,12,3,2.0,0.0,1.0,0.0,0.0,0.0,0.0,1.0,0.0,0.0,Very High,0,High,0.24005598285545227,8.0
-1.1498390740180664,-0.3069084307192766,-0.11716598911276448,-0.8697384644051152,-1.25251983732194,1.0941376232163225,-0.7151343307737184,0,2025,12,12,4,2.0,0.0,1.0,0.0,0.0,0.0,0.0,0.0,1.0,0.0,Medium,0,Medium-Low,1.026647578486208,8.666666666666666
-0.6725954074361352,0.5559255481501673,0.4228346918781082,-1.5218872957397693,-0.5628062705147042,-1.0464334674807871,-0.058625656684969885,0,2024,8,4,6,3.0,0.0,1.0,0.0,0.0,0.0,0.0,0.0,1.0,0.0,Very High,0,High,0.7907609585493495,6.333333333333333
-0.6725954074361352,-0.19958477705169406,0.11459904084357743,0.05697364822193916,-0.5628062705147042,0.17675001291756115,0.5412140566259479,0,2023,12,5,1,1.0,1.0,0.0,0.0,0.0,0.0,0.0,0.0,1.0,0.0,High,0,Medium-Low,1.1886529353196462,7.666666666666667
0.20235131463073855,-0.28086851300463234,0.14059939823300607,1.5733748338803932,2.1960479967142383,0.3296479479673547,0.3594948796005728,0,2018,12,23,6,2.0,1.0,0.0,0.0,0.0,0.0,0.0,1.0,0.0,0.0,Medium,1,Medium-Low,1.3757617585342454,7.833333333333333
1.475001092182555,1.4063617140974694,-0.3878155969075523,0.5778276965299582,-1.25251983732194,-0.7406375973812,-0.7146963675769291,0,2024,10,22,1,2.0,0.0,1.0,0.0,0.0,1.0,0.0,0.0,0.0,0.0,Very High,1,High,0.16094584453249774,6.666666666666667
-0.8316766296301122,-0.08450001457530353,-0.08861740710702892,-0.07319833906033804,0.8166208630997669,0.6354438180669418,-1.4214607944946178,0,2022,8,5,4,1.0,1.0,0.0,0.0,0.0,1.0,0.0,0.0,0.0,0.0,High,0,Medium-High,0.7913023045124978,8.166666666666666
0.6795949812126697,0.7510042792567517,-0.45902717229241013,-0.009247115200185759,-0.5628062705147042,0.6354438180669418,-0.39642308985079794,0,2021,4,26,0,1.0,0.0,0.0,0.0,1.0,0.0,1.0,0.0,0.0,0.0,Very High,0,High,0.18172618452308964,8.166666666666666
1.2363792588915894,0.6464560478904655,0.15902454075705114,-2.958018152653514,0.1269072962925313,-0.7406375973812,0.9338108176079171,1,2021,7,28,2,2.0,0.0,0.0,1.0,0.0,1.0,0.0,0.0,0.0,0.0,Very High,0,High,0.580430737286944,6.666666666666667
0.6795949812126697,-0.013354418925544391,0.3803812757441801,-0.38506329270165673,0.8166208630997669,0.9412396881665289,0.710359878337304,0,2022,3,15,1,1.0,0.0,0.0,1.0,0.0,0.0,0.0,0.0,0.0,1.0,High,0,Medium-High,1.2337675993859771,8.5
-1.547542129503009,0.1739546855436593,-0.012562056471670042,-1.3684171081710979,1.5063344299070027,0.3296479479673547,0.3208138405153452,0,2022,1,29,5,1.0,0.0,0.0,1.0,0.0,0.0,0.0,0.0,1.0,0.0,High,0,High,0.6746965476168758,7.833333333333333
0.5205137590186927,0.09912338748848891,-0.37179565083525107,0.16233708255199908,-1.25251983732194,0.6354438180669418,-0.18920905700302987,0,2023,5,18,3,0.0,0.0,1.0,0.0,0.0,0.0,1.0,0.0,0.0,0.0,High,0,Medium-High,0.37978443285124835,8.166666666666666
1.0772980366976124,-0.5438122041641258,-0.32361259221197863,-0.22438788803344706,-0.5628062705147042,0.6354438180669418,-0.49267492994727136,0,2021,9,23,3,2.0,1.0,0.0,0.0,0.0,0.0,0.0,0.0,0.0,1.0,Medium,0,Low,1.1263812017679196,8.166666666666666
-0.03627051866022701,-0.17775834338183086,1.0491722916798036,-0.8218762951673978,0.8166208630997669,-0.12904585718202594,-0.17293137924394233,0,2025,1,13,0,2.0,0.0,0.0,0.0,1.0,0.0,1.0,0.0,0.0,0.0,High,0,Medium-High,2.375782536783411,7.333333333333333
1.2363792588915894,0.3895718210243335,-0.3671287049949582,0.14025877453461955,0.1269072962925313,0.6354438180669418,0.6466554128658203,0,2018,7,18,2,2.0,0.0,0.0,0.0,1.0,0.0,0.0,0.0,0.0,1.0,Very High,0,High,0.299974421378888,8.166666666666666
1.7136229254735205,0.763265664706865,0.30177836274625264,0.13180867468830088,1.5063344299070027,0.3296479479673547,0.8470720053228156,1,2022,11,23,2,1.0,0.0,1.0,0.0,0.0,0.0,0.0,0.0,0.0,1.0,Very High,0,High,0.6236715960959195,7.833333333333333
-0.6725954074361352,-0.44125187389892556,-0.11796932713248498,1.5196513389221167,0.8166208630997669,2.317321103614671,-0.2689710108916671,1,2020,12,9,2,1.0,0.0,0.0,0.0,1.0,0.0,0.0,1.0,0.0,0.0,Medium,1,Low,1.3045408739395201,10.0
1.5545417032795434,0.04636298497166405,-0.36244275596415115,0.703615790731902,0.1269072962925313,-0.434841727281613,2.1860321890934693,0,2021,3,11,3,2.0,0.0,0.0,0.0,1.0,1.0,0.0,0.0,0.0,0.0,High,1,Medium-High,0.40963960827396284,7.0
0.04327009243676151,7.545355166311752,-0.5684320725261274,0.24329307798301794,0.1269072962925313,-2.2696169478791357,0.04179857232207701,0,2022,12,12,0,2.0,0.0,0.0,0.0,1.0,1.0,0.0,0.0,0.0,0.0,Very High,0,High,0.023361567096743717,5.0
0.9977574256006237,-0.24728070293872878,-0.17344279183900865,-0.8985664941793935,0.8166208630997669,-0.7406375973812,-0.3436986890842581,0,2022,3,18,4,1.0,0.0,0.0,0.0,1.0,0.0,0.0,1.0,0.0,0.0,High,0,Medium-Low,0.8566089391879256,6.666666666666667
-0.8316766296301122,-0.04259851848721382,-0.22159234642147946,-1.0220442395089415,-0.5628062705147042,1.247035558266116,1.255486811041204,0,2025,6,10,1,2.0,1.0,0.0,0.0,0.0,0.0,1.0,0.0,0.0,0.0,High,0,Medium-High,0.6066789020461782,8.833333333333334
0.6795949812126697,-0.10780629439786905,1.0491957832472643,0.6177479011112685,1.5063344299070027,0.17675001291756115,-1.8276947365575829,1,2018,1,31,2,3.0,0.0,0.0,0.0,1.0,0.0,0.0,0.0,1.0,0.0,High,1,Medium-High,2.1748308992129184,7.666666666666667
-1.3089202962120434,0.053172536934130696,-0.48758623050299393,-0.16564534502020695,0.1269072962925313,-1.1993314025305808,0.3819081304857999,0,2024,7,8,0,2.0,0.0,0.0,1.0,0.0,0.0,1.0,0.0,0.0,0.0,High,0,Medium-High,0.28149690396782073,6.166666666666667
-0.11581112975721553,0.6861850637465157,1.7898524013691914,0.27505643954724396,0.8166208630997669,-0.12904585718202594,3.6190263177203774,0,2019,10,22,1,2.0,0.0,1.0,0.0,0.0,0.0,0.0,1.0,0.0,0.0,Very High,0,High,1.561534537162072,7.333333333333333
0.3614325368247156,0.19425864325210163,-0.09952967681458755,0.9895329296327771,-0.5628062705147042,1.7057293634154966,1.2313711503632432,0,2024,2,3,5,3.0,1.0,0.0,0.0,0.0,0.0,0.0,0.0,1.0,0.0,Very High,1,High,0.5863563406014114,9.333333333333334
-1.706623351696986,-0.06460416337177612,-0.09998917495005533,-1.4531998878146986,-1.25251983732194,0.9412396881665289,0.4914873100390364,0,2024,8,14,2,1.0,0.0,0.0,0.0,1.0,0.0,0.0,0.0,1.0,0.0,High,0,Medium-High,0.7602792205991354,8.5
0.04327009243676151,1.1106586545484307,-0.4297891608751099,1.400425329970695,0.8166208630997669,0.3296479479673547,0.08277211281119874,1,2019,7,1,0,2.0,1.0,0.0,0.0,0.0,0.0,0.0,0.0,1.0,0.0,Very High,1,High,0.16391306953857812,7.833333333333333
1.7136229254735205,0.41581794584480314,-0.12889308600499816,0.9810816670862321,-1.25251983732194,0.6354438180669418,0.5421229058047857,0,2025,1,26,6,3.0,0.0,0.0,0.0,1.0,1.0,0.0,0.0,0.0,0.0,Very High,1,High,0.4686534751549265,8.166666666666666
-1.388460907309032,-0.2375809291383246,-0.05389782047639482,-1.9839830554627582,-0.5628062705147042,-1.5051272726301679,-0.9654535055193662,0,2021,2,3,2,1.0,0.0,0.0,1.0,0.0,0.0,0.0,0.0,0.0,1.0,High,0,Medium-Low,1.0143317394345657,5.833333333333333
0.3614325368247156,-0.5591667218719889,0.22059734723102303,2.2272713939071336,-1.25251983732194,-1.5051272726301679,0.8090181417143848,0,2023,11,15,2,2.0,0.0,1.0,0.0,0.0,0.0,0.0,0.0,0.0,1.0,Medium,1,Low,2.6060105979479227,5.833333333333333
0.3614325368247156,-0.19958477705169406,-0.5098956849184907,0.3456678936847456,-0.5628062705147042,0.02385207786776761,-1.2190274150295306,0,2024,3,27,2,2.0,0.0,0.0,0.0,1.0,0.0,1.0,0.0,0.0,0.0,High,1,Medium-Low,0.3482615574464841,7.5
1.634082314376532,0.29074495843363923,0.6054755989341346,-0.4387032142488833,-0.5628062705147042,-0.434841727281613,0.2752712070514347,0,2024,3,24,6,2.0,0.0,0.0,0.0,1.0,1.0,0.0,0.0,0.0,0.0,Very High,0,High,1.1093164028858191,7.0
1.634082314376532,-0.41611774303968635,-0.10762828915074318,0.5395124718098487,-1.25251983732194,-2.2696169478791357,-0.008028927065767928,0,2019,1,6,6,2.0,0.0,0.0,0.0,1.0,1.0,0.0,0.0,0.0,0.0,Medium,1,Medium-Low,1.2610414789083002,5.0
-0.27489235195119255,7.545355166311752,0.017042393602498162,-0.9279444876534038,-1.25251983732194,-0.7406375973812,-1.586195268589509,0,2021,1,28,3,3.0,0.0,0.0,0.0,1.0,0.0,1.0,0.0,0.0,0.0,Very High,0,High,0.09166189804101416,6.666666666666667
0.5205137590186927,-0.45131075714769414,-0.3289438378292635,0.566052666894743,-0.5628062705147042,-0.2819437922318195,0.0212130755699361,0,2022,1,8,5,2.0,0.0,1.0,0.0,0.0,0.0,0.0,1.0,0.0,0.0,Medium,1,Low,0.8999307766037141,7.166666666666667
-0.9907578518240893,-0.4321432607502933,-0.5006438586472989,-0.7475412742752259,-0.5628062705147042,0.6354438180669418,0.2081401756230156,0,2022,1,31,0,0.0,0.0,1.0,0.0,0.0,0.0,0.0,0.0,1.0,0.0,Medium,0,Low,0.5276282816312491,8.166666666666666
0.3614325368247156,0.23632801446972926,-0.22858477964343024,2.0116373800599683,-0.5628062705147042,-0.12904585718202594,-0.6138705935191229,0,2023,10,4,2,3.0,0.0,0.0,1.0,0.0,0.0,0.0,0.0,0.0,1.0,Very High,1,High,0.4562685313634521,7.333333333333333
0.12281070353375004,-0.19958477705169406,-0.18348427732509967,0.08946874594678589,-1.25251983732194,-0.2819437922318195,-0.9275843051100595,0,2024,10,7,0,1.0,0.0,1.0,0.0,0.0,0.0,1.0,0.0,0.0,0.0,High,0,Medium-Low,0.7875180015200267,7.166666666666667
1.2363792588915894,-0.589903305619014,-0.5740676765808678,0.6677324260384998,0.1269072962925313,0.02385207786776761,0.39256311673863786,0,2024,6,20,3,1.0,0.0,0.0,0.0,1.0,0.0,1.0,0.0,0.0,0.0,Medium,1,Low,0.5583783288568883,7.5
0.7591355923096582,-0.18860645417978242,0.1257122698467036,-0.740254317765562,0.1269072962925313,1.85862729846529,0.27862081735325306,0,2021,2,25,3,2.0,0.0,0.0,1.0,0.0,0.0,0.0,1.0,0.0,0.0,High,0,Medium-High,1.1858980192312647,9.5
-1.7861639627939745,-0.1058626120122231,0.2624527404756434,0.8311666981242632,-0.5628062705147042,-0.434841727281613,0.15973563203098937,0,2023,9,11,0,2.0,0.0,0.0,1.0,0.0,0.0,1.0,0.0,0.0,0.0,High,1,Medium-High,1.23071597158624,7.0
0.2818919257277271,-0.3712172293803406,-0.4606920379618789,0.0182007722926267,0.1269072962925313,0.6354438180669418,-0.03151939072894352,0,2018,4,3,1,2.0,0.0,0.0,1.0,0.0,0.0,0.0,0.0,1.0,0.0,Medium,0,Medium-Low,0.5407194328836454,8.166666666666666
-0.8316766296301122,0.4503882866107174,-0.5177912323846385,-1.3538809769163496,1.5063344299070027,1.0941376232163225,-0.5363841062189777,0,2025,1,10,4,3.0,0.0,0.0,0.0,1.0,0.0,0.0,1.0,0.0,0.0,Very High,0,High,0.17919667709287068,8.666666666666666
1.3954604810855664,-0.3528246819121244,-0.35347999172841754,-0.20358682410719967,-1.25251983732194,0.7883417531167354,1.9543527551851274,0,2021,7,5,0,2.0,1.0,0.0,0.0,0.0,0.0,0.0,0.0,1.0,0.0,Medium,0,Medium-Low,0.705900238434806,8.333333333333334
-1.6270827405999975,0.41463600864726874,-0.2467339552883728,1.9241231417552411,-0.5628062705147042,1.0941376232163225,-0.3010350717655507,0,2025,12,10,2,2.0,0.0,0.0,0.0,1.0,1.0,0.0,0.0,0.0,0.0,Very High,1,High,0.3826693648149904,8.666666666666666
0.04327009243676151,0.08372270549477315,-0.3420512587271172,0.8728222322400552,0.8166208630997669,1.85862729846529,-0.7983345427405691,1,2023,4,10,0,0.0,0.0,1.0,0.0,0.0,0.0,1.0,0.0,0.0,0.0,High,1,Medium-High,0.41442012878762974,9.5
-1.388460907309032,-0.19958477705169406,-0.276819993010032,-0.3410746420115089,-1.25251983732194,1.247035558266116,0.00847769020648786,0,2021,5,28,4,3.0,0.0,1.0,0.0,0.0,0.0,0.0,1.0,0.0,0.0,High,0,Medium-Low,0.661914809894157,8.833333333333334
-1.229379685115055,-0.5338601383788888,-0.16931292757474653,-1.8023087483648488,-1.25251983732194,0.02385207786776761,-0.1980363376285232,1,2025,8,31,6,3.0,0.0,0.0,0.0,1.0,0.0,0.0,1.0,0.0,0.0,Medium,0,Low,1.4792165221654292,7.5
0.2818919257277271,-0.16048672964727723,-0.5717158829155246,0.05697364822193916,-0.5628062705147042,0.48254588301714824,-0.3213751140816002,1,2022,4,21,3,2.0,0.0,0.0,0.0,1.0,0.0,1.0,0.0,0.0,0.0,High,0,Medium-High,0.2516833213693738,8.0
-1.1498390740180664,-0.22224249274554791,-0.5552078584222321,-1.3486077692923586,1.5063344299070027,0.6354438180669418,1.6052274417835604,0,2019,2,20,2,0.0,0.0,0.0,1.0,0.0,0.0,0.0,1.0,0.0,0.0,High,0,Medium-Low,0.2964204727108036,8.166666666666666
1.0772980366976124,-0.599188375113414,-0.6613712769555994,-1.7786204143186624,1.5063344299070027,0.6354438180669418,-1.0305269072732774,0,2025,2,17,0,0.0,0.0,0.0,0.0,1.0,0.0,0.0,1.0,0.0,0.0,Low,0,Low,0.31642034946586256,8.166666666666666
0.7591355923096582,0.4122062375118106,0.22421737710019532,0.8008623317044267,-1.25251983732194,0.9412396881665289,-0.006429651351318213,0,2024,8,10,5,1.0,0.0,0.0,1.0,0.0,1.0,0.0,0.0,0.0,0.0,Very High,1,High,0.7292588594457571,8.5
1.475001092182555,-0.46682649175734814,-0.24989140758000208,0.09171150472962496,2.885761563521474,-0.12904585718202594,-0.971674953047595,0,2022,3,25,4,1.0,0.0,1.0,0.0,0.0,1.0,0.0,0.0,0.0,0.0,Medium,0,Low,1.0969182176538188,7.333333333333333
0.04327009243676151,-0.41016695345310733,0.3001737318593103,1.790763251165743,0.1269072962925313,0.3296479479673547,-0.51397664745652,0,2025,3,31,0,1.0,0.0,0.0,1.0,0.0,1.0,0.0,0.0,0.0,0.0,Medium,1,Medium-Low,2.0158346293657106,7.833333333333333
0.04327009243676151,7.545355166311752,-0.5372216632609405,-0.9477198701036561,0.8166208630997669,1.0941376232163225,1.4840046410257506,0,2024,7,6,5,3.0,0.0,0.0,0.0,1.0,0.0,0.0,0.0,1.0,0.0,Very High,0,High,0.027002513722159956,8.666666666666666
-0.6725954074361352,0.14391472059478058,-0.24654676449321214,0.028299773893434434,0.8166208630997669,-0.2819437922318195,0.2076648872797139,0,2019,11,20,2,2.0,0.0,1.0,0.0,0.0,0.0,1.0,0.0,0.0,0.0,High,0,High,0.47888627963624597,7.166666666666667
0.6795949812126697,-0.6178282469451408,-0.1720970360104942,-1.3365471172468202,0.8166208630997669,-1.5051272726301679,0.19707066005918872,0,2022,7,24,6,0.0,1.0,0.0,0.0,0.0,0.0,0.0,0.0,0.0,1.0,Low,0,Low,1.8624915223097787,5.833333333333333
0.6795949812126697,0.09560593857770736,-0.4222844405112556,-0.5527777145290178,-0.5628062705147042,1.3999334933159095,-0.8635854956851737,0,2023,8,21,0,1.0,0.0,0.0,1.0,0.0,0.0,1.0,0.0,0.0,0.0,High,0,Medium-High,0.33260367374077404,9.0
0.04327009243676151,0.36809157931865555,-0.5956605219583648,0.05697364822193916,0.8166208630997669,-0.12904585718202594,-0.4118435475221006,0,2025,11,5,2,0.0,0.0,1.0,0.0,0.0,0.0,0.0,0.0,1.0,0.0,Very High,0,High,0.13138715515381555,7.333333333333333
1.3954604810855664,0.05087736558007572,0.9736165905306707,-0.3368375062339966,-0.5628062705147042,1.0941376232163225,1.56034401810156,1,2022,3,11,4,0.0,0.0,0.0,1.0,0.0,0.0,1.0,0.0,0.0,0.0,High,0,Medium-High,1.7488125591134818,8.666666666666666
-0.9112172407271008,0.15072411017722462,0.5982825187308884,0.0830366445692272,0.8166208630997669,0.9412396881665289,0.39886715484988594,0,2019,2,23,5,1.0,0.0,1.0,0.0,0.0,0.0,0.0,0.0,1.0,0.0,High,0,High,1.245862290075043,8.5
1.2363792588915894,0.17909813544435524,-0.3758097046057364,0.9832661544351666,-1.25251983732194,-1.1993314025305808,-0.3373457308460752,0,2021,2,19,4,1.0,0.0,1.0,0.0,0.0,0.0,0.0,0.0,1.0,0.0,High,1,High,0.348949548081422,6.166666666666667
-1.706623351696986,-0.49959668386827527,-0.035052159670173604,0.880118210694182,0.1269072962925313,-1.0464334674807871,0.3473150621476721,0,2020,6,29,0,2.0,0.0,0.0,1.0,0.0,0.0,0.0,0.0,0.0,1.0,Medium,1,Low,1.667987735668135,6.333333333333333
-1.6270827405999975,0.6799727954237174,-0.403102986586319,-0.7238489006038071,0.1269072962925313,1.85862729846529,0.1955731599165896,0,2021,9,16,3,3.0,1.0,0.0,0.0,0.0,0.0,1.0,0.0,0.0,0.0,Very High,0,High,0.22398358918216998,9.5
1.0772980366976124,-0.3652162350349009,-0.512971642017399,0.0007720898938068829,0.1269072962925313,-0.12904585718202594,-0.7758082267597877,0,2022,4,16,5,1.0,0.0,1.0,0.0,0.0,0.0,0.0,0.0,1.0,0.0,Medium,0,Medium-Low,0.44420666529436964,7.333333333333333
-0.5135141852421581,-0.22753615835404017,1.075763342489381,0.8092023071465052,0.1269072962925313,-0.7406375973812,-0.36287250749166283,0,2024,7,23,1,2.0,0.0,1.0,0.0,0.0,0.0,0.0,0.0,0.0,1.0,High,1,Medium-Low,2.5802117340284854,6.666666666666667
-1.706623351696986,-0.19958477705169406,-0.6075773634050291,1.0461470182510468,0.1269072962925313,1.0941376232163225,1.9388705849741386,0,2019,2,16,5,2.0,0.0,1.0,0.0,0.0,0.0,0.0,0.0,0.0,1.0,High,1,Medium-Low,0.21680994226095918,8.666666666666666
-1.706623351696986,0.026447040928998924,-0.34837485413576874,-0.6177730560492756,0.1269072962925313,0.17675001291756115,0.3046689369765931,0,2021,6,1,1,1.0,1.0,0.0,0.0,0.0,0.0,1.0,0.0,0.0,0.0,High,0,Medium-High,0.4326070215770113,7.666666666666667
0.3614325368247156,-0.38911916699481885,-0.2241815859427863,0.7249401699400391,0.1269072962925313,0.48254588301714824,-1.4159671087310723,0,2018,6,2,5,1.0,1.0,0.0,0.0,0.0,0.0,0.0,0.0,1.0,0.0,Medium,1,Medium-Low,0.9873036698350456,8.0
-0.03627051866022701,-0.1737404516879654,0.8619385906355109,0.3552482347005223,-0.5628062705147042,-0.7406375973812,0.4083851897398796,1,2021,5,20,3,3.0,0.0,0.0,0.0,1.0,1.0,0.0,0.0,0.0,0.0,High,1,Medium-High,2.119832713036144,6.666666666666667
1.0772980366976124,-0.5629119442400098,0.19278428624491115,-1.014738998450161,1.5063344299070027,-0.12904585718202594,1.10406273067914,0,2018,4,2,0,0.0,0.0,0.0,1.0,0.0,1.0,0.0,0.0,0.0,0.0,Medium,0,Low,2.558257537345909,7.333333333333333
0.6795949812126697,0.4570931962545464,-0.6094699528819324,0.8151461092553072,0.1269072962925313,0.6354438180669418,-0.8327858036120223,1,2018,11,27,1,2.0,1.0,0.0,0.0,0.0,0.0,0.0,1.0,0.0,0.0,Very High,1,High,0.11316985050320592,8.166666666666666
0.7591355923096582,0.1260035760725626,-0.25637909076850063,0.17913488889219262,0.1269072962925313,-0.7406375973812,-0.4401142779853689,1,2022,7,23,5,2.0,0.0,0.0,1.0,0.0,1.0,0.0,0.0,0.0,0.0,High,0,High,0.4778026637274087,6.666666666666667
-1.7861639627939745,-0.31015032782497587,-0.24776871060620642,-1.677016451918947,-1.25251983732194,0.6354438180669418,1.2362729081972492,0,2020,8,12,2,1.0,0.0,0.0,0.0,1.0,0.0,0.0,1.0,0.0,0.0,Medium,0,Medium-Low,0.8251090065499488,8.166666666666666
-0.3544329630481811,-0.36805094471567645,7.2273369505393825,-0.25760716927878635,-0.5628062705147042,-0.7406375973812,-0.008644755340613337,0,2025,2,14,4,1.0,0.0,0.0,1.0,0.0,0.0,0.0,0.0,1.0,0.0,Medium,0,Medium-Low,13.959392562228164,6.666666666666667
-1.706623351696986,-0.19958477705169406,0.02343753236823135,0.06961943798100492,0.1269072962925313,0.9412396881665289,-0.16463971507095826,0,2021,6,5,5,2.0,1.0,0.0,0.0,0.0,0.0,0.0,1.0,0.0,0.0,High,0,Medium-Low,1.0659756050618068,8.5
1.634082314376532,-0.4376163386031647,-0.5772669464900372,-0.5635160359396512,0.8166208630997669,0.9412396881665289,-1.2115451197591107,1,2018,7,13,4,1.0,0.0,0.0,1.0,0.0,0.0,1.0,0.0,0.0,0.0,Medium,0,Low,0.38094957175849664,8.5
0.20235131463073855,-0.14887990147638566,-0.383085403720556,1.2348985366788627,0.1269072962925313,2.0115252335150835,0.9000461189772491,0,2019,6,14,4,1.0,1.0,0.0,0.0,0.0,1.0,0.0,0.0,0.0,0.0,High,1,Medium-High,0.4854296797767318,9.666666666666666
0.6795949812126697,0.4545950228722021,-0.051006036652940435,1.2704344043619729,0.1269072962925313,0.3296479479673547,-0.20464145601114384,0,2025,12,2,1,2.0,0.0,0.0,1.0,0.0,0.0,0.0,1.0,0.0,0.0,Very High,1,High,0.5110330624195092,7.833333333333333
-1.388460907309032,-0.46524280341711266,0.05728040785548908,-0.34452142867541186,-0.5628062705147042,-1.0464334674807871,-1.9441148386336051,0,2021,6,20,6,2.0,1.0,0.0,0.0,0.0,0.0,0.0,0.0,1.0,0.0,Medium,0,Low,1.7404951035334824,6.333333333333333
0.6795949812126697,-0.03639560522547727,-0.19879607352793266,-0.4521244724484982,-0.5628062705147042,-0.2819437922318195,-1.4191218319161683,0,2022,1,13,3,1.0,1.0,0.0,0.0,0.0,0.0,1.0,0.0,0.0,0.0,High,0,Medium-High,0.6275941341252717,7.166666666666667
-1.547542129503009,-0.062143770102925586,-0.3492238503017911,-0.09814820487775652,-0.5628062705147042,0.9412396881665289,-0.5320125074588145,0,2019,10,1,1,3.0,0.0,0.0,1.0,0.0,0.0,1.0,0.0,0.0,0.0,High,0,Medium-High,0.4755666601891782,8.5
-0.9907578518240893,-0.23947183808695433,-0.29672814713109225,-0.16565632088297222,0.1269072962925313,0.48254588301714824,-0.9805975494683454,0,2022,5,30,0,1.0,0.0,0.0,0.0,1.0,0.0,1.0,0.0,0.0,0.0,High,0,Medium-Low,0.6715623460415855,8.0
-0.5135141852421581,-0.37874490644031156,0.09321141184975539,-0.550452328245752,0.1269072962925313,0.48254588301714824,-0.8429493227062852,0,2022,5,17,1,2.0,0.0,1.0,0.0,0.0,0.0,0.0,1.0,0.0,0.0,Medium,0,Medium-Low,1.5336407391629865,8.0
1.1568386477946009,0.4960026588336936,-0.24306536106247445,-3.606192877375362,0.1269072962925313,0.48254588301714824,2.0179546883766575,0,2024,11,30,5,2.0,0.0,0.0,0.0,1.0,0.0,1.0,0.0,0.0,0.0,Very High,0,High,0.3634430692643353,8.0
0.04327009243676151,-0.4066937551762261,-0.5211515138282965,1.7512496997957492,-1.25251983732194,-0.5877396623314065,0.5815090592484156,0,2024,12,2,0,2.0,0.0,0.0,1.0,0.0,1.0,0.0,0.0,0.0,0.0,Medium,1,Medium-Low,0.4637752067953917,6.833333333333333
-1.4680015184060204,-0.6639673513287577,-0.5522287091295993,0.030946228882833354,0.1269072962925313,0.17675001291756115,-1.9890725945749699,0,2024,5,24,4,2.0,0.0,0.0,0.0,1.0,0.0,0.0,0.0,1.0,0.0,Low,0,Low,0.7909253473206715,7.666666666666667
0.8386762034066467,0.10852642129237483,-0.5877591461562424,0.05697364822193916,-0.5628062705147042,2.0115252335150835,-0.31506576397835373,0,2019,11,29,4,3.0,1.0,0.0,0.0,0.0,0.0,0.0,1.0,0.0,0.0,High,0,Medium-High,0.17156991110259573,9.666666666666666
-1.388460907309032,-0.5558854784919293,0.653227985752309,0.34938700478806894,0.8166208630997669,-0.8935355324309936,-0.11779945555789012,0,2023,8,8,1,1.0,0.0,1.0,0.0,0.0,1.0,0.0,0.0,0.0,0.0,Medium,1,Low,3.713217068304787,6.5
-0.11581112975721553,0.1384085841714782,0.1346320445757712,-0.047965722579187894,0.1269072962925313,-0.7406375973812,-1.335150752768315,0,2022,8,29,0,2.0,0.0,0.0,1.0,0.0,0.0,0.0,1.0,0.0,0.0,High,0,High,0.8327380726416818,6.666666666666667
-0.9907578518240893,0.5937047387298837,-0.29226252321778873,-0.39141779135098137,-0.5628062705147042,-0.434841727281613,0.42959754145809187,1,2025,7,5,5,1.0,0.0,0.0,1.0,0.0,0.0,1.0,0.0,0.0,0.0,Very High,0,High,0.30836748174479306,7.0
-0.5930547963391467,0.10235725593363623,-0.39508354604085566,-0.9555684265636504,-0.5628062705147042,-0.7406375973812,-1.8304083796960413,0,2019,6,24,0,1.0,0.0,0.0,1.0,0.0,0.0,0.0,0.0,0.0,1.0,High,0,Medium-High,0.3563856126098869,6.666666666666667
0.7591355923096582,0.38750786607058074,-0.42521751856491585,-1.7723494530566812,-0.5628062705147042,0.3296479479673547,0.9231927094209686,0,2018,11,26,0,1.0,0.0,1.0,0.0,0.0,0.0,0.0,0.0,1.0,0.0,Very High,0,High,0.2569812891141629,7.833333333333333
-1.1498390740180664,1.293194070119387,0.3346768740163189,-1.2975249787323053,-0.5628062705147042,0.17675001291756115,1.2255325814142202,0,2019,4,15,0,3.0,1.0,0.0,0.0,0.0,0.0,0.0,0.0,1.0,0.0,Very High,0,High,0.4899334009080791,7.666666666666667
-1.388460907309032,0.31355248807588976,1.1781417553469207,-1.06443906881405,0.1269072962925313,2.0115252335150835,2.02489953314926,0,2025,12,6,5,3.0,0.0,0.0,1.0,0.0,0.0,1.0,0.0,0.0,0.0,Very High,0,High,1.542894844709495,9.666666666666666
-0.5930547963391467,-0.05498881080685155,-0.43269945067455773,0.6688101747693636,0.8166208630997669,-2.2696169478791357,-1.4206061775113998,0,2019,6,18,1,1.0,0.0,0.0,0.0,1.0,0.0,0.0,0.0,1.0,0.0,High,1,Medium-High,0.3778283855944303,5.0
0.4409731479217041,-0.19958477705169406,0.3701283105155754,0.7410790454353522,0.1269072962925313,-1.1993314025305808,-1.242113422384646,0,2023,5,17,2,0.0,0.0,0.0,1.0,0.0,0.0,0.0,0.0,0.0,1.0,High,1,Medium-Low,1.5325222846796769,6.166666666666667
-1.6270827405999975,0.9907421406377362,-0.24522726414785012,-0.8341280707792266,-1.25251983732194,0.48254588301714824,0.5684786923913636,0,2019,4,12,4,2.0,0.0,0.0,1.0,0.0,0.0,0.0,0.0,1.0,0.0,Very High,0,High,0.26894663847497907,8.0
-0.27489235195119255,1.0056213332179575,-0.3263154275240705,-2.581359056015257,1.5063344299070027,1.0941376232163225,0.998415607416985,1,2024,10,3,3,2.0,0.0,0.0,1.0,0.0,1.0,0.0,0.0,0.0,0.0,Very High,0,High,0.22554185853003286,8.666666666666666
0.9977574256006237,-0.37517233377679593,0.7024683023878877,0.03947987732812667,0.1269072962925313,0.17675001291756115,0.6705042347736252,0,2020,2,1,5,1.0,0.0,0.0,1.0,0.0,1.0,0.0,0.0,0.0,0.0,Medium,0,Medium-Low,2.601021236593427,7.666666666666667
-0.3544329630481811,-0.5864045302054134,-0.2590315162575252,-0.3828146468144872,0.8166208630997669,0.02385207786776761,0.9080750144402978,0,2020,10,2,4,2.0,1.0,0.0,0.0,0.0,0.0,0.0,0.0,1.0,0.0,Medium,0,Low,1.447545426250203,7.5
0.20235131463073855,-0.39364788340588064,-0.13705511066447515,-0.4070545668158434,-0.5628062705147042,1.0941376232163225,1.1687619908296059,0,2020,6,9,1,2.0,0.0,0.0,0.0,1.0,0.0,0.0,1.0,0.0,0.0,Medium,0,Medium-Low,1.1548679728764875,8.666666666666666
-1.6270827405999975,0.14537228918811715,-0.1579641114952208,0.9678985985409572,-0.5628062705147042,-1.1993314025305808,0.13817886573821828,0,2024,6,13,3,3.0,1.0,0.0,0.0,0.0,0.0,0.0,0.0,1.0,0.0,High,1,High,0.5593745939942861,6.166666666666667
-0.3544329630481811,-0.13413749626833565,-0.6041847912618299,0.16649478882225088,1.5063344299070027,-0.2819437922318195,-0.22577020775976717,0,2023,5,10,2,1.0,0.0,0.0,0.0,1.0,0.0,1.0,0.0,0.0,0.0,High,0,Medium-High,0.20327780118308156,7.166666666666667
-0.27489235195119255,-0.27997852444085897,-0.14056183649680673,-0.9268707764620177,0.8166208630997669,-1.3522293375803742,-1.2397267407450996,1,2024,7,9,1,2.0,0.0,0.0,1.0,0.0,0.0,0.0,0.0,1.0,0.0,Medium,0,Medium-Low,0.9490702724411082,6.0
0.6795949812126697,0.06359057214755709,-0.4225049158366169,-1.1524342766144149,-0.5628062705147042,0.02385207786776761,-0.3008372732842921,0,2020,8,11,1,2.0,0.0,1.0,0.0,0.0,0.0,0.0,0.0,0.0,1.0,High,0,Medium-High,0.3430517506809122,7.5
-1.3089202962120434,-0.6080737329325566,-0.5788742959453023,-0.22697204728744486,0.1269072962925313,-1.1993314025305808,-0.16640346250609522,0,2021,12,14,1,2.0,1.0,0.0,0.0,0.0,0.0,0.0,0.0,0.0,1.0,Low,0,Low,0.5748827435121044,6.166666666666667
1.3954604810855664,-0.14201954549929943,-0.41128774587479877,-0.8582634491154152,-0.5628062705147042,1.85862729846529,-0.8725379915022861,0,2022,7,31,6,2.0,0.0,1.0,0.0,0.0,0.0,0.0,0.0,1.0,0.0,High,0,Medium-High,0.44603232557545885,9.5
0.7591355923096582,0.4221673767652944,-0.4133462337089403,-0.04045444550092442,-0.5628062705147042,-0.8935355324309936,-0.07281544833391998,0,2025,10,7,1,2.0,1.0,0.0,0.0,0.0,0.0,0.0,0.0,1.0,0.0,Very High,0,High,0.25907214769693515,6.5
1.315919869988578,0.05747863133058984,0.28681376033723727,1.0367389896796952,-0.5628062705147042,0.9412396881665289,-0.9714169443638989,0,2020,4,11,5,1.0,0.0,0.0,1.0,0.0,1.0,0.0,0.0,0.0,0.0,High,1,Medium-High,1.052395919405725,8.5
1.2363792588915894,0.13836648907148452,-0.524924500650215,-1.3224348335561247,-1.25251983732194,0.48254588301714824,0.9375693702461203,0,2020,4,23,3,2.0,1.0,0.0,0.0,0.0,0.0,0.0,0.0,1.0,0.0,High,0,High,0.22472610859753867,8.0
-0.4339735741451696,0.8310643366549855,-0.4733978035283479,0.1166101386956272,0.8166208630997669,-0.5877396623314065,0.3343445271599024,0,2024,4,16,1,2.0,0.0,0.0,1.0,0.0,1.0,0.0,0.0,0.0,0.0,Very High,0,High,0.16543564331547098,6.833333333333333
1.315919869988578,-0.227441119854934,-0.1634480605872616,0.927805609267423,-0.5628062705147042,-0.7406375973812,-0.4425371453136524,0,2021,8,12,3,1.0,1.0,0.0,0.0,0.0,0.0,0.0,1.0,0.0,0.0,High,1,Medium-Low,0.8465600074202041,6.666666666666667
-1.7861639627939745,-0.4225744189945289,-0.5657714282851742,-0.053976203012862815,0.8166208630997669,0.48254588301714824,0.12641301189225207,0,2018,7,3,1,2.0,0.0,0.0,1.0,0.0,0.0,1.0,0.0,0.0,0.0,Medium,0,Medium-Low,0.3919660671502962,8.0
-0.9907578518240893,0.4762461242935471,-0.4450753407470746,0.7380959091898287,0.1269072962925313,-0.2819437922318195,-1.0088917341233088,0,2021,7,7,2,1.0,0.0,0.0,1.0,0.0,1.0,0.0,0.0,0.0,0.0,Very High,1,High,0.22689616606738136,7.166666666666667
0.3614325368247156,0.4620435512202029,-0.6086012616323999,-0.2511539804757648,-1.25251983732194,1.0941376232163225,-0.919925204609628,0,2025,10,17,4,1.0,0.0,0.0,0.0,1.0,0.0,1.0,0.0,0.0,0.0,Very High,0,High,0.11338401691579439,8.666666666666666
0.12281070353375004,0.06238899454831403,0.20867850894058446,0.19804502662047985,2.1960479967142383,0.02385207786776761,-0.5954263072455601,0,2022,8,18,3,3.0,0.0,0.0,1.0,0.0,0.0,0.0,0.0,0.0,1.0,High,0,Medium-High,0.9696916164312879,7.5
-0.03627051866022701,-0.2631618791535846,-0.3530152046709379,0.05697364822193916,-0.5628062705147042,-0.12904585718202594,-0.2076764395153442,0,2024,2,12,0,2.0,0.0,0.0,0.0,1.0,0.0,0.0,0.0,0.0,1.0,Medium,0,Medium-Low,0.6123355183397489,7.333333333333333
0.6000543701156812,-0.20068101989667025,-0.26107951879641256,-0.5303512071249035,2.885761563521474,-1.3522293375803742,0.08461435588502911,1,2021,12,3,4,2.0,0.0,0.0,1.0,0.0,0.0,0.0,0.0,1.0,0.0,High,0,Medium-Low,0.6841171667019311,6.0
0.5205137590186927,-0.571287949248691,0.20594493026701144,1.9825306559754041,0.1269072962925313,0.7883417531167354,0.08808411321515768,0,2025,11,25,1,1.0,0.0,1.0,0.0,0.0,0.0,0.0,0.0,1.0,0.0,Medium,1,Low,2.6530437542866325,8.333333333333334
1.475001092182555,0.4180607555543377,-0.45909339860286075,0.5968933390084048,0.1269072962925313,-1.1993314025305808,-1.1963831921843429,0,2022,12,2,4,2.0,0.0,0.0,1.0,0.0,0.0,0.0,0.0,0.0,1.0,Very High,1,High,0.22640415274750875,6.166666666666667
0.9182168145036352,0.3920535186026611,-0.3560949876267107,1.3082029705727172,-1.25251983732194,-0.434841727281613,-0.11010939243916794,0,2019,9,19,3,1.0,0.0,1.0,0.0,0.0,0.0,0.0,0.0,0.0,1.0,Very High,1,High,0.3076403397496006,7.0
-1.3089202962120434,-0.5781992285587947,7.215930351745672,0.05697364822193916,0.8166208630997669,-0.2819437922318195,-0.7570454435284782,0,2025,12,16,1,1.0,0.0,1.0,0.0,0.0,0.0,0.0,0.0,1.0,0.0,Medium,0,Low,22.156226828387673,7.166666666666667
-0.5930547963391467,0.24731843426364497,-0.5240208711331975,0.35146594661186586,-1.25251983732194,1.247035558266116,-1.9890725945749699,0,2023,8,18,4,3.0,0.0,0.0,1.0,0.0,1.0,0.0,0.0,0.0,0.0,Very High,1,High,0.2047685358896817,8.833333333333334
0.20235131463073855,-0.01868325406811743,-0.49922165306984684,1.389397892812371,-0.5628062705147042,-1.3522293375803742,2.6416913921095864,1,2020,2,22,5,2.0,0.0,1.0,0.0,0.0,0.0,1.0,0.0,0.0,0.0,High,1,Medium-High,0.2910125992999867,6.0
-1.706623351696986,-0.516616902026998,-0.40506812047645024,-3.6149317374223555,-1.25251983732194,-0.12904585718202594,-0.7400196986475769,0,2022,2,16,2,2.0,0.0,0.0,0.0,1.0,0.0,0.0,0.0,1.0,0.0,Medium,0,Low,0.8603789966831705,7.333333333333333
0.04327009243676151,-0.5568628204532567,-0.3765963571848841,-0.6850582947907496,0.1269072962925313,-0.7406375973812,-0.6913248125681534,0,2022,11,20,6,1.0,1.0,0.0,0.0,0.0,1.0,0.0,0.0,0.0,0.0,Medium,0,Low,1.0265651838613445,6.666666666666667
-0.9112172407271008,-0.19958477705169406,-0.14046465677868344,0.045067658961242735,-1.25251983732194,1.0941376232163225,-1.2206509402275285,0,2020,2,14,4,3.0,0.0,0.0,1.0,0.0,0.0,0.0,0.0,1.0,0.0,High,0,Medium-Low,0.8454101128464523,8.666666666666666
-1.4680015184060204,-0.34534098362804216,-0.4936251180459597,-0.956079230231932,0.1269072962925313,0.6354438180669418,-0.9671299184353428,0,2022,10,26,2,2.0,0.0,1.0,0.0,0.0,0.0,0.0,0.0,0.0,1.0,Medium,0,Medium-Low,0.4617002624134344,8.166666666666666
1.0772980366976124,-0.19958477705169406,-0.1266829688790589,-2.0303287508414702,0.1269072962925313,-0.8935355324309936,-0.20481981388038314,0,2023,2,7,1,2.0,0.0,0.0,1.0,0.0,0.0,0.0,0.0,1.0,0.0,High,0,Medium-Low,0.8639563250170194,6.5
0.6795949812126697,0.3038673698249401,4.934610593001308,-0.8054397130001534,-0.5628062705147042,0.7883417531167354,1.146814476081649,0,2020,10,3,5,2.0,0.0,0.0,0.0,1.0,0.0,0.0,1.0,0.0,0.0,Very High,0,High,4.555301463326908,8.333333333333334
-1.1498390740180664,0.017057583778149175,-0.3987346863275864,0.05697364822193916,0.1269072962925313,-0.7406375973812,-0.20980029410919515,0,2019,11,8,4,0.0,0.0,0.0,1.0,0.0,0.0,0.0,0.0,1.0,0.0,High,0,Medium-High,0.3845307445901762,6.666666666666667
1.3954604810855664,0.04326400716230995,-0.4764570051441301,1.0718264197456782,-1.25251983732194,-0.12904585718202594,-0.323173362317721,0,2023,1,5,3,1.0,0.0,0.0,1.0,0.0,0.0,1.0,0.0,0.0,0.0,High,1,Medium-High,0.2956066974521387,7.333333333333333
0.9182168145036352,0.5903156703587469,-0.22389365974286218,-0.8083588277990177,2.1960479967142383,-1.0464334674807871,1.013852653766056,0,2018,7,30,0,2.0,0.0,1.0,0.0,0.0,0.0,0.0,1.0,0.0,0.0,Very High,0,High,0.35340293752788327,6.333333333333333
-0.3544329630481811,0.2336712932902156,-0.3233602668627406,1.0210699056384918,-0.5628062705147042,0.9412396881665289,-0.4993868973414248,1,2021,8,29,6,1.0,0.0,0.0,0.0,1.0,0.0,0.0,0.0,1.0,0.0,Very High,1,High,0.37705962230711854,8.5
-0.5930547963391467,0.03080456145152623,-0.16978511433542998,-1.1566212570496253,0.1269072962925313,2.317321103614671,-0.020720584721525687,0,2022,6,16,3,1.0,1.0,0.0,0.0,0.0,0.0,1.0,0.0,0.0,0.0,High,0,Medium-High,0.6136380370908429,10.0
-1.6270827405999975,-0.5069140908987931,0.7716551615703554,-0.8711184123340693,0.1269072962925313,-0.8935355324309936,-0.8478700996078581,0,2021,9,22,2,3.0,1.0,0.0,0.0,0.0,0.0,1.0,0.0,0.0,0.0,Medium,0,Low,3.5620113533688444,6.5
-0.27489235195119255,1.8863364184693108,-0.23012797331428192,1.4515337567963758,-0.5628062705147042,0.7883417531167354,1.4392722368859265,0,2019,5,5,6,2.0,0.0,1.0,0.0,0.0,0.0,0.0,0.0,1.0,0.0,Very High,1,High,0.18885939280751854,8.333333333333334
0.04327009243676151,-0.5348800249511924,-0.4405642983373092,0.07723206061336621,-0.5628062705147042,-1.810923142729755,0.8806939499880392,0,2021,11,27,5,2.0,0.0,0.0,1.0,0.0,1.0,0.0,0.0,0.0,0.0,Medium,0,Low,0.8118532705013914,5.5
0.7591355923096582,-0.3170789678193026,-0.49356208403269225,-0.13971183007453553,-0.5628062705147042,1.552831428365703,-0.17350956041882915,1,2025,5,10,5,2.0,0.0,1.0,0.0,0.0,0.0,1.0,0.0,0.0,0.0,Medium,0,Medium-Low,0.4406743978605283,9.166666666666666
0.04327009243676151,-0.6394992460933209,-0.4860094083663462,0.2612445421715825,0.8166208630997669,1.0941376232163225,-0.3897519281749547,1,2018,7,10,1,2.0,0.0,1.0,0.0,0.0,0.0,0.0,1.0,0.0,0.0,Low,0,Low,0.9472754425848458,8.666666666666666
-0.9907578518240893,0.051755769225478754,-0.584323690300253,2.057044695935742,-0.5628062705147042,2.0115252335150835,-0.06721342296760151,0,2025,6,11,2,1.0,0.0,1.0,0.0,0.0,0.0,1.0,0.0,0.0,0.0,High,1,Medium-High,0.18488889859759086,9.666666666666666
-1.229379685115055,-0.13767354104588975,0.21742823191920624,-0.2938828785535783,0.1269072962925313,0.48254588301714824,-0.1606952012917661,0,2020,4,22,2,1.0,0.0,0.0,1.0,0.0,0.0,1.0,0.0,0.0,0.0,High,0,Medium-High,1.2239520459900461,8.0
0.9977574256006237,0.1826138189829924,-0.6611814400568762,0.0331458346825896,-0.5628062705147042,-0.12904585718202594,-1.396469046510846,0,2018,12,1,5,1.0,0.0,0.0,0.0,1.0,0.0,0.0,0.0,1.0,0.0,High,0,High,0.0951860392211697,7.333333333333333
1.1568386477946009,-0.6528800131341528,-0.046325725096544514,1.237989789464177,0.1269072962925313,-0.12904585718202594,0.9106637575563296,0,2022,7,1,4,1.0,0.0,1.0,0.0,0.0,0.0,1.0,0.0,0.0,0.0,Low,1,Low,2.535611141343779,7.333333333333333
0.04327009243676151,0.4180303529800951,-0.4891308038303972,-1.6074221032134848,-0.5628062705147042,-0.12904585718202594,-0.23856971754864184,0,2021,1,15,4,2.0,0.0,0.0,1.0,0.0,0.0,1.0,0.0,0.0,0.0,Very High,0,High,0.20444268088520842,7.333333333333333
-0.27489235195119255,-0.4642549718886301,-0.4101019614220348,1.759269220519557,-1.25251983732194,0.48254588301714824,1.6263416362558616,0,2019,8,2,4,1.0,0.0,0.0,0.0,1.0,1.0,0.0,0.0,0.0,0.0,Medium,1,Low,0.7540331400991561,8.0
0.9182168145036352,-0.25895075639915954,-0.494925693918424,-0.09168926362004107,0.1269072962925313,0.17675001291756115,0.3308272108028232,0,2018,3,3,5,2.0,0.0,1.0,0.0,0.0,1.0,0.0,0.0,0.0,0.0,Medium,0,Medium-Low,0.4007717284269674,7.666666666666667
0.12281070353375004,0.2896258344710327,0.6435899001382634,-1.058440129221854,0.8166208630997669,-0.7406375973812,-1.9890725945749699,1,2019,1,22,1,1.0,1.0,0.0,0.0,0.0,0.0,1.0,0.0,0.0,0.0,Very High,0,High,1.1411269010546832,6.666666666666667
0.9182168145036352,-0.08789153450316338,-0.2494959298040504,-1.2359999768003367,0.8166208630997669,-1.9638210777795484,-1.163783788485949,0,2021,3,15,0,1.0,0.0,0.0,0.0,1.0,0.0,0.0,0.0,1.0,0.0,High,0,Medium-High,0.6065303350867048,5.333333333333333
0.12281070353375004,5.835801147771126,0.1238941785230041,0.298378012828352,-0.5628062705147042,0.9412396881665289,-1.9222429647011072,0,2024,1,10,2,2.0,0.0,1.0,0.0,0.0,0.0,0.0,0.0,1.0,0.0,Very High,1,High,0.13041909607531768,8.5
0.4409731479217041,-0.19958477705169406,0.506976744712225,-1.2904948417487654,0.8166208630997669,1.3999334933159095,-1.174685234767,1,2019,9,11,2,1.0,0.0,0.0,0.0,1.0,0.0,0.0,0.0,1.0,0.0,High,0,Medium-Low,1.7166811565323823,9.0
-0.4339735741451696,-0.006159747213752608,-0.1931893086218493,-0.5187031382315271,0.1269072962925313,-0.7406375973812,-1.4726122678196623,0,2022,8,11,3,1.0,0.0,0.0,0.0,1.0,0.0,0.0,0.0,1.0,0.0,High,0,Medium-High,0.6131315288267809,6.666666666666667
-0.4339735741451696,-0.3267066404318523,-0.5464132424688576,0.05697364822193916,0.1269072962925313,0.6354438180669418,0.18232748293447953,0,2025,7,8,1,1.0,0.0,0.0,0.0,1.0,0.0,1.0,0.0,0.0,0.0,Medium,0,Medium-Low,0.3616595159918788,8.166666666666666
-1.706623351696986,-0.265410457989116,-0.32885163212586754,1.151988833001777,-1.25251983732194,1.552831428365703,-0.3166130117533257,0,2023,2,21,1,1.0,0.0,0.0,0.0,1.0,0.0,0.0,0.0,1.0,0.0,Medium,1,Medium-Low,0.6501080594012426,9.166666666666666
0.9182168145036352,-0.11058439777691954,-0.4633930749694008,1.0291998050016287,1.5063344299070027,0.02385207786776761,0.6104783524078876,0,2024,2,4,6,2.0,0.0,0.0,0.0,1.0,0.0,0.0,0.0,1.0,0.0,High,1,Medium-High,0.36647254826328834,7.5
-0.5930547963391467,-0.4865124881275811,-0.40786072612236973,-0.5999617203366846,-0.5628062705147042,2.317321103614671,-0.07270610709070656,1,2025,12,4,3,1.0,0.0,0.0,0.0,1.0,0.0,0.0,0.0,1.0,0.0,Medium,0,Low,0.7964253775279807,10.0
1.3954604810855664,0.33379504945751104,-0.2882893927331604,-0.178014038252074,0.1269072962925313,-0.7406375973812,-0.25012630978040806,0,2019,5,2,3,1.0,0.0,1.0,0.0,0.0,0.0,0.0,0.0,1.0,0.0,Very High,0,High,0.3746488103113903,6.666666666666667
0.9977574256006237,-0.07503936987062892,-0.3014008973849607,-1.533847850288598,0.1269072962925313,-0.12904585718202594,1.7183523974390422,0,2021,7,1,3,2.0,1.0,0.0,0.0,0.0,0.0,0.0,0.0,1.0,0.0,High,0,Medium-High,0.5377328564270026,7.333333333333333
0.7591355923096582,-0.17044343170651044,-0.08374901701950493,-1.968936516863616,-1.25251983732194,-1.0464334674807871,0.15622911044192445,0,2024,12,22,6,1.0,0.0,0.0,1.0,0.0,0.0,0.0,0.0,1.0,0.0,High,0,Medium-High,0.8865876248375542,6.333333333333333
-1.547542129503009,-0.19958477705169406,-0.010473395695120312,-1.174633773312867,-1.25251983732194,-0.434841727281613,-0.10991867432627658,1,2019,6,25,1,3.0,0.0,0.0,0.0,1.0,0.0,1.0,0.0,0.0,0.0,High,0,Medium-Low,1.0203411899346955,7.0
0.7591355923096582,-0.2481269350048625,-0.3013974739847394,1.1318103229211451,0.1269072962925313,1.7057293634154966,-0.7880930485336037,0,2022,3,16,2,2.0,0.0,0.0,1.0,0.0,0.0,1.0,0.0,0.0,0.0,High,1,Medium-Low,0.6733002583353753,9.333333333333334
-0.7521360185331237,-0.2712568901693895,-0.08787914686264092,2.227009908964013,-0.5628062705147042,-1.3522293375803742,-1.0710330557260375,0,2023,8,23,2,2.0,0.0,1.0,0.0,0.0,0.0,0.0,0.0,1.0,0.0,Medium,1,Medium-Low,1.0151486053451915,6.0
-0.19535174085420406,-0.37285491626944167,-0.4192590256373472,0.4065219216851847,-0.5628062705147042,0.7883417531167354,0.6367664589567436,0,2018,5,31,3,2.0,0.0,0.0,0.0,1.0,0.0,1.0,0.0,0.0,0.0,Medium,1,Medium-Low,0.6152473737082502,8.333333333333334
0.04327009243676151,-0.048923000916765505,0.5197678608598424,-1.398764323153404,-0.5628062705147042,0.3296479479673547,0.5842930606667509,0,2020,12,9,2,1.0,1.0,0.0,0.0,0.0,0.0,1.0,0.0,0.0,0.0,High,0,Medium-High,1.438979587897744,7.833333333333333
-1.229379685115055,-0.06562822522385205,-0.4231874307358469,-0.6672946036795838,2.1960479967142383,-0.434841727281613,1.339638390114895,0,2021,5,23,6,2.0,0.0,0.0,1.0,0.0,0.0,0.0,0.0,1.0,0.0,High,0,Medium-High,0.3932812628809228,7.0
-1.3089202962120434,7.545355166311752,0.4179559373480451,-0.8106159236004377,1.5063344299070027,1.3999334933159095,0.38092358995856096,0,2020,9,17,3,1.0,0.0,0.0,0.0,1.0,0.0,0.0,0.0,1.0,0.0,Very High,0,High,0.13843170492759715,9.0
-1.6270827405999975,-0.2695297605904195,-0.5860322645474858,-0.132236392621743,0.1269072962925313,-0.2819437922318195,-0.3841887720574103,0,2025,5,15,3,3.0,0.0,1.0,0.0,0.0,0.0,1.0,0.0,0.0,0.0,Medium,0,Medium-Low,0.27165020347447083,7.166666666666667
-0.5135141852421581,-0.4244050113305248,-0.37539007829277277,-0.19406632410053706,-0.5628062705147042,0.3296479479673547,0.40908723059320035,0,2019,1,7,0,1.0,1.0,0.0,0.0,0.0,0.0,0.0,1.0,0.0,0.0,Medium,0,Medium-Low,0.7624421725712517,7.833333333333333
0.7591355923096582,-0.19958477705169406,-0.361543636775315,-0.9519509820558231,-0.5628062705147042,-0.5877396623314065,-0.10973361557422659,0,2021,2,10,2,2.0,0.0,0.0,1.0,0.0,0.0,0.0,0.0,1.0,0.0,High,0,Medium-Low,0.5479010051571276,6.833333333333333
-0.9112172407271008,-0.6514553568838888,-0.14468979775623306,0.372967401065173,-1.25251983732194,-0.2819437922318195,0.7200185328991382,0,2024,4,18,3,2.0,0.0,0.0,1.0,0.0,0.0,0.0,0.0,1.0,0.0,Low,1,Low,2.1793208327447218,7.166666666666667
-0.11581112975721553,-0.28871672293501427,0.16966426246401256,-3.6149317374223555,0.1269072962925313,-0.8935355324309936,1.1314760720429726,1,2023,10,2,0,0.0,0.0,0.0,0.0,1.0,1.0,0.0,0.0,0.0,0.0,Medium,0,Medium-Low,1.4369856509883658,6.5
-0.11581112975721553,-0.647109376613028,-0.5546241956198066,-0.6841246130393651,-0.5628062705147042,-0.5877396623314065,-0.18716990390885224,0,2021,2,27,5,1.0,1.0,0.0,0.0,0.0,0.0,0.0,0.0,1.0,0.0,Low,0,Low,0.7363246728577628,6.833333333333333
0.5205137590186927,-0.366073637935864,-0.5323499988813678,0.3289022039855238,0.1269072962925313,0.02385207786776761,1.5026001522726185,0,2018,7,12,3,2.0,1.0,0.0,0.0,0.0,0.0,0.0,0.0,1.0,0.0,Medium,1,Medium-Low,0.4111635210942545,7.5
1.1568386477946009,-0.41106826048007716,-0.5762998985496386,1.132975245211345,1.5063344299070027,-1.0464334674807871,1.0033880645593811,1,2025,3,23,6,2.0,1.0,0.0,0.0,0.0,1.0,0.0,0.0,0.0,0.0,Medium,1,Medium-Low,0.36346278303660495,6.333333333333333
1.1568386477946009,0.37339116741302686,0.5246514014257503,1.4308478532971485,-0.5628062705147042,-1.0464334674807871,-0.023760852402706235,0,2020,12,16,2,1.0,1.0,0.0,0.0,0.0,1.0,0.0,0.0,0.0,0.0,Very High,1,High,0.978105126336458,6.333333333333333
0.04327009243676151,-0.5149950687555418,-0.13650639177447568,0.5116642596742697,-0.5628062705147042,0.17675001291756115,0.5492382255457359,0,2023,11,15,2,2.0,0.0,1.0,0.0,0.0,0.0,1.0,0.0,0.0,0.0,Medium,1,Low,1.490054688988581,7.666666666666667
-1.229379685115055,-0.4521345311613118,-0.5284112635070589,0.48284121904875843,-0.5628062705147042,-2.2696169478791357,0.22876815435428952,0,2018,7,17,1,3.0,1.0,0.0,0.0,0.0,0.0,1.0,0.0,0.0,0.0,Medium,1,Low,0.49256339078576705,5.0
0.2818919257277271,-0.3400727925651957,-0.3922753662222902,-0.20493627677741616,-0.5628062705147042,-0.7406375973812,-0.01997952842960502,0,2024,1,4,3,3.0,0.0,0.0,1.0,0.0,0.0,0.0,0.0,1.0,0.0,Medium,0,Medium-Low,0.6262203861166762,6.666666666666667
0.2818919257277271,-0.40160905953026976,0.4052119924436817,1.0402404539501497,0.8166208630997669,-0.12904585718202594,1.6393313800157752,0,2022,5,18,2,1.0,0.0,0.0,1.0,0.0,0.0,0.0,0.0,1.0,0.0,Medium,1,Medium-Low,2.1783924688198804,7.333333333333333
0.8386762034066467,0.6228561299413287,-0.34619657303670426,-1.019016569644146,1.5063344299070027,1.247035558266116,0.41487301825487866,0,2022,5,20,4,2.0,0.0,1.0,0.0,0.0,0.0,0.0,1.0,0.0,0.0,Very High,0,High,0.26834055436272874,8.833333333333334
-0.19535174085420406,-0.5425860986527459,-0.36330964542861127,0.9266290846387657,-0.5628062705147042,0.9412396881665289,-0.7771495261849074,0,2025,8,2,5,1.0,0.0,0.0,1.0,0.0,0.0,0.0,0.0,1.0,0.0,Medium,1,Low,1.0227096029611489,8.5
0.5205137590186927,-0.3393791592247998,-0.47162503536710493,-0.25147976659160654,0.1269072962925313,0.17675001291756115,-0.941225960895637,0,2019,11,15,4,3.0,0.0,0.0,1.0,0.0,0.0,1.0,0.0,0.0,0.0,Medium,0,Medium-Low,0.4936344574105462,7.666666666666667
0.7591355923096582,-0.05426668494326514,-0.518213607376238,1.4925021297161811,0.8166208630997669,1.85862729846529,-0.905363880926244,0,2018,11,29,3,2.0,1.0,0.0,0.0,0.0,0.0,0.0,0.0,0.0,1.0,High,1,Medium-High,0.28143457139954203,9.5
0.3614325368247156,0.2561612309865082,0.40649657875490297,0.6073130825822777,-0.5628062705147042,0.3296479479673547,0.39021789092477743,0,2021,5,28,4,1.0,0.0,0.0,1.0,0.0,0.0,0.0,0.0,0.0,1.0,Very High,1,High,0.9762379202891895,7.833333333333333
0.7591355923096582,-0.3396531752576163,0.8880156368248602,-0.03601110414229421,0.1269072962925313,1.3999334933159095,-0.3389240303418799,0,2021,11,22,0,2.0,0.0,1.0,0.0,0.0,0.0,0.0,0.0,1.0,0.0,Medium,0,Medium-Low,2.7542335145347114,9.0
-1.4680015184060204,-0.6793088644395885,-0.511137629094512,-0.20135596108155077,0.1269072962925313,0.48254588301714824,0.25315731263764946,0,2021,9,27,0,1.0,1.0,0.0,0.0,0.0,0.0,0.0,1.0,0.0,0.0,Low,0,Low,0.9975968104952753,8.0
-0.3544329630481811,-0.25935910379452626,0.6037082300160422,0.5459358143105424,-0.5628062705147042,-1.810923142729755,0.7823242786180854,0,2022,12,27,1,3.0,0.0,0.0,0.0,1.0,0.0,1.0,0.0,0.0,0.0,Medium,1,Medium-Low,2.010316499673908,5.5
-1.547542129503009,-0.19958477705169406,-0.4037674257801117,0.49838951018771027,0.1269072962925313,0.6354438180669418,1.740732073591785,0,2025,1,3,4,3.0,1.0,0.0,0.0,0.0,1.0,0.0,0.0,0.0,0.0,High,1,Medium-Low,0.49107985558302164,8.166666666666666
0.9182168145036352,-0.07809143266139612,-0.022925609468138947,-0.36006623027588214,0.1269072962925313,0.48254588301714824,-0.31870816716217054,0,2024,1,29,0,2.0,0.0,1.0,0.0,0.0,0.0,0.0,0.0,1.0,0.0,High,0,Medium-High,0.8612467265675983,8.0
-0.5135141852421581,-0.09938614810879483,0.6087817752643476,0.12058764185457771,-0.5628062705147042,0.9412396881665289,-1.2751506808709976,0,2022,1,31,0,1.0,1.0,0.0,0.0,0.0,0.0,0.0,0.0,1.0,0.0,High,0,Medium-High,1.6313290634779756,8.5
1.634082314376532,-0.525949256563073,-0.3049595384251494,0.909508303017713,0.1269072962925313,-1.3522293375803742,1.533390524116063,0,2022,11,7,0,2.0,1.0,0.0,0.0,0.0,0.0,0.0,0.0,1.0,0.0,Medium,1,Low,1.122301511974146,6.0
0.3614325368247156,-0.5483882574274966,-0.36067737942635697,-1.3063278640400535,0.8166208630997669,-0.2819437922318195,-1.3177490236903666,1,2023,7,4,1,1.0,0.0,1.0,0.0,0.0,0.0,1.0,0.0,0.0,0.0,Medium,0,Low,1.0448102085882622,7.166666666666667
0.5205137590186927,-0.1939233910615145,0.13060625988943295,0.7423097313043975,0.8166208630997669,1.247035558266116,-1.3522556213213632,0,2025,2,24,0,0.0,1.0,0.0,0.0,0.0,0.0,1.0,0.0,0.0,0.0,High,1,Medium-High,1.2009452893066466,8.833333333333334
0.4409731479217041,-0.5999942738935083,-0.5326756516119259,2.1877871674959506,0.1269072962925313,-0.5877396623314065,1.5106202047262867,0,2025,1,3,4,2.0,0.0,1.0,0.0,0.0,1.0,0.0,0.0,0.0,0.0,Low,1,Low,0.6975484127073217,6.833333333333333
-1.388460907309032,0.1925428408094371,0.3770414439933936,1.1941255654444447,-1.25251983732194,-1.6580252076799613,0.8962427480507251,0,2021,4,27,1,1.0,0.0,1.0,0.0,0.0,0.0,0.0,1.0,0.0,0.0,High,1,High,1.005483944136308,5.666666666666667
0.9182168145036352,-0.4742921652099108,-0.2014269083259481,-0.6712111159194687,-0.5628062705147042,-2.116719012829342,0.38612552030228553,0,2021,2,17,2,1.0,0.0,0.0,0.0,1.0,0.0,0.0,0.0,1.0,0.0,Medium,0,Low,1.2188371292740614,5.166666666666667
1.3954604810855664,-0.21111763546816892,7.2273369505393825,0.03614140092827178,0.8166208630997669,-1.6580252076799613,-0.0830783099642571,0,2018,4,15,6,3.0,0.0,0.0,1.0,0.0,0.0,1.0,0.0,0.0,0.0,High,0,Medium-Low,10.931867215000084,5.666666666666667
1.0772980366976124,-0.6747264519954943,-0.43241114077117476,0.2316199841353928,-0.5628062705147042,-2.2696169478791357,-0.24915672950816442,0,2025,6,14,5,1.0,0.0,0.0,1.0,0.0,0.0,0.0,0.0,1.0,0.0,Low,0,Low,1.2795771897660493,5.0
0.04327009243676151,-0.3440747012238857,-0.5737996878499143,0.7549770065437537,0.8166208630997669,-0.5877396623314065,-0.6103171362502645,0,2020,3,17,1,1.0,1.0,0.0,0.0,0.0,1.0,0.0,0.0,0.0,0.0,Medium,1,Medium-Low,0.3264242018679536,6.833333333333333
0.4409731479217041,-0.5526542152636698,-0.41601837108984485,0.45131494605377764,-1.25251983732194,0.48254588301714824,-0.28762155266575234,0,2020,11,30,0,3.0,1.0,0.0,0.0,0.0,0.0,0.0,0.0,0.0,1.0,Medium,1,Low,0.9131802463150671,8.0
0.6000543701156812,-0.7086909905645229,-0.34201146287507933,-1.1849323426508112,0.1269072962925313,-1.1993314025305808,-0.08087986228732408,1,2020,6,7,6,1.0,0.0,0.0,0.0,1.0,0.0,0.0,0.0,0.0,1.0,Low,0,Low,1.8675360496666593,6.166666666666667
0.9182168145036352,0.05340865545168353,-0.5244982089470945,0.3159250081713727,-0.5628062705147042,0.3296479479673547,-1.2452304433364196,0,2025,6,17,1,2.0,0.0,0.0,0.0,1.0,1.0,0.0,0.0,0.0,0.0,High,1,Medium-High,0.24447471233266369,7.833333333333333
0.7591355923096582,-0.19958477705169406,-0.2714705680517757,1.9958200631540126,0.1269072962925313,0.17675001291756115,-0.7589522223615295,0,2018,11,17,5,3.0,0.0,0.0,0.0,1.0,0.0,0.0,0.0,1.0,0.0,High,1,Medium-Low,0.669113606659033,7.666666666666667
-0.19535174085420406,0.43041333784752095,-0.053964786532122694,0.6304066178289893,-0.5628062705147042,-0.434841727281613,-1.892291015485895,0,2024,7,10,2,3.0,0.0,1.0,0.0,0.0,0.0,0.0,0.0,1.0,0.0,Very High,1,High,0.5179413354844618,7.0
0.6795949812126697,0.13241084718394974,-0.32663835022334553,1.6367536822052304,-1.25251983732194,0.17675001291756115,0.02909693137309495,0,2024,4,30,1,2.0,0.0,0.0,0.0,1.0,0.0,0.0,1.0,0.0,0.0,High,1,High,0.4098003640686678,7.666666666666667
-0.03627051866022701,-0.35063866523554565,0.04759541179976682,1.0533295551763995,-1.25251983732194,-1.1993314025305808,0.029249380106590315,0,2025,12,22,0,1.0,0.0,0.0,0.0,1.0,0.0,0.0,0.0,0.0,1.0,Medium,1,Medium-Low,1.3825780946451425,6.166666666666667
0.7591355923096582,0.2078529716247287,-0.47695068950987374,1.3664648589847281,-0.5628062705147042,-0.12904585718202594,1.5212062858853546,0,2022,2,9,2,1.0,1.0,0.0,0.0,0.0,0.0,0.0,0.0,1.0,0.0,Very High,1,High,0.2525963815697138,7.333333333333333
-1.6270827405999975,0.5031466398975006,0.26741483384976333,0.3344819030776219,-0.5628062705147042,0.6354438180669418,0.2902376286971488,0,2024,7,27,5,2.0,0.0,0.0,0.0,1.0,0.0,0.0,0.0,1.0,0.0,Very High,1,High,0.7128558133120741,8.166666666666666
-0.4339735741451696,-0.14391268926004652,7.2273369505393825,0.05697364822193916,1.5063344299070027,2.317321103614671,-0.5271529413810597,0,2022,4,18,0,3.0,0.0,1.0,0.0,0.0,1.0,0.0,0.0,0.0,0.0,High,0,Medium-High,10.002835580206728,10.0
0.12281070353375004,-0.5523388105126129,0.7453476901756494,0.2810890594836059,-1.25251983732194,0.3296479479673547,-0.21507029571429806,0,2022,12,2,4,2.0,0.0,1.0,0.0,0.0,0.0,0.0,0.0,1.0,0.0,Medium,0,Low,3.9171068524814427,7.833333333333333
1.475001092182555,-0.3773962219408423,2.0129808959393074,0.034792902442135544,-0.5628062705147042,-1.3522293375803742,0.3878645175915409,0,2022,2,28,0,1.0,1.0,0.0,0.0,0.0,0.0,1.0,0.0,0.0,0.0,Medium,0,Medium-Low,4.937646016080583,6.0
0.6000543701156812,0.9363728736882267,-0.3993612224752106,0.7583094323061154,0.1269072962925313,-0.7406375973812,0.16043188792954804,0,2023,4,3,0,1.0,0.0,0.0,0.0,1.0,0.0,0.0,1.0,0.0,0.0,Very High,1,High,0.195268769685861,6.666666666666667
-1.6270827405999975,-0.2307789433960526,-0.3885601320500445,-0.48034172219846355,2.885761563521474,-0.434841727281613,0.46811540988645584,0,2023,2,9,3,1.0,0.0,0.0,0.0,1.0,0.0,0.0,0.0,1.0,0.0,High,0,Medium-Low,0.5342132359479103,7.0
1.315919869988578,-0.7086909905645229,-0.33666312257421344,1.8792829654899832,-1.25251983732194,0.48254588301714824,0.2915448361975576,0,2021,11,6,5,2.0,0.0,1.0,0.0,0.0,0.0,0.0,0.0,1.0,0.0,Low,1,Low,1.8909453506965785,8.0
0.04327009243676151,-0.607735525574385,0.010182709529561114,-0.8794439310136616,2.1960479967142383,-1.810923142729755,-0.26094930927953847,0,2025,6,16,0,2.0,0.0,0.0,0.0,1.0,1.0,0.0,0.0,0.0,0.0,Low,0,Low,2.3564934787122276,5.5
0.6795949812126697,-0.35394686925878066,0.5299001042209842,0.8261580481967088,-0.5628062705147042,-0.12904585718202594,-0.509386505222996,0,2022,2,13,6,3.0,0.0,0.0,0.0,1.0,0.0,0.0,1.0,0.0,0.0,Medium,1,Medium-Low,2.2120086318502983,7.333333333333333
-0.11581112975721553,0.361880589673767,-0.4436681988523666,1.3824182010101593,-0.5628062705147042,-0.12904585718202594,-0.5565637748777602,0,2023,5,14,6,2.0,0.0,0.0,0.0,1.0,0.0,0.0,0.0,0.0,1.0,Very High,1,High,0.24798311987004118,7.333333333333333
-0.03627051866022701,-0.3035417614747269,-0.09838871509049131,-0.14265334807811036,0.8166208630997669,0.6354438180669418,-0.8511175788061182,0,2018,1,5,4,1.0,0.0,0.0,1.0,0.0,0.0,1.0,0.0,0.0,0.0,Medium,0,Medium-Low,1.0506021754748525,8.166666666666666
-1.706623351696986,0.3752174103155836,-0.30198004689569985,-1.0608141466122867,-0.5628062705147042,-0.7406375973812,-0.9887372544425173,0,2023,9,13,2,2.0,1.0,0.0,0.0,0.0,0.0,0.0,0.0,1.0,0.0,Very High,0,High,0.35246241262736244,6.666666666666667
0.2818919257277271,-0.38554414934456405,0.022495459907315267,1.1636123452304663,-0.5628062705147042,-0.5877396623314065,1.5738055694334387,0,2021,3,14,6,2.0,0.0,0.0,1.0,0.0,1.0,0.0,0.0,0.0,0.0,Medium,1,Medium-Low,1.4252409485149269,6.833333333333333
0.04327009243676151,-0.6857158751260869,0.7078779405614101,0.22997942830044582,-0.5628062705147042,-1.3522293375803742,0.0701444421585006,0,2024,7,26,4,2.0,1.0,0.0,0.0,0.0,0.0,1.0,0.0,0.0,0.0,Low,0,Low,5.866489960128088,6.0
-1.706623351696986,-0.19958477705169406,-0.3348709505984327,0.8280485379394623,-0.5628062705147042,-0.5877396623314065,-0.17553995390465035,0,2025,3,15,5,2.0,0.0,1.0,0.0,0.0,0.0,0.0,0.0,1.0,0.0,High,1,Medium-Low,0.5837948158861375,6.833333333333333
0.20235131463073855,-0.048007602635732484,-0.6092042378696549,-0.0767913490646595,-1.25251983732194,0.48254588301714824,-0.47437005483529826,0,2024,11,17,6,2.0,0.0,0.0,0.0,1.0,1.0,0.0,0.0,0.0,0.0,High,0,Medium-High,0.17793234278699563,8.0
-0.5135141852421581,-0.0875730575216701,0.09532236278470196,1.7288072381747026,-1.25251983732194,-1.810923142729755,0.33702469260124956,0,2018,12,14,4,2.0,1.0,0.0,0.0,0.0,0.0,0.0,0.0,1.0,0.0,High,1,Medium-High,1.0089737261654141,5.5
1.315919869988578,-0.5669315610668435,-0.482125099209482,-2.045335101184905,0.1269072962925313,0.6354438180669418,1.0168269867783428,0,2022,11,1,1,1.0,0.0,0.0,1.0,0.0,0.0,0.0,0.0,1.0,0.0,Medium,0,Low,0.7708132358163812,8.166666666666666
0.7591355923096582,-0.33007084344684606,-0.30432258607626206,0.39940425775477556,0.1269072962925313,-1.1993314025305808,3.6190263177203774,0,2018,5,5,5,0.0,0.0,0.0,0.0,1.0,0.0,0.0,0.0,1.0,0.0,Medium,1,Medium-Low,0.7597636468868005,6.166666666666667
-1.1498390740180664,1.8863364184693108,0.12180496474737607,0.05697364822193916,-0.5628062705147042,0.7883417531167354,0.7693323262267947,0,2022,12,19,0,2.0,0.0,1.0,0.0,0.0,0.0,1.0,0.0,0.0,0.0,Very High,0,High,0.3122731971942781,8.333333333333334
1.5545417032795434,-0.5624873895749057,-0.13659935525584738,0.13382853979840764,1.5063344299070027,-1.6580252076799613,-0.5539022266072341,0,2024,8,1,3,1.0,1.0,0.0,0.0,0.0,0.0,1.0,0.0,0.0,0.0,Medium,0,Low,1.6799255413529621,5.666666666666667
1.2363792588915894,0.12017548313789422,-0.2906697939557308,0.327019807923097,0.1269072962925313,-0.12904585718202594,-0.04290026117694792,0,2025,1,18,5,1.0,1.0,0.0,0.0,0.0,0.0,1.0,0.0,0.0,0.0,High,1,High,0.44828474140678587,7.333333333333333
0.4409731479217041,-0.7032010323547103,-0.4256864462840799,-0.3950419412075193,-0.5628062705147042,0.48254588301714824,-0.5423637243993026,0,2019,5,13,0,0.0,1.0,0.0,0.0,0.0,1.0,0.0,0.0,0.0,0.0,Low,0,Low,1.4656951797839763,8.0
1.475001092182555,0.2448244567441335,-0.6613712769555994,0.050822886637814466,-0.5628062705147042,0.6354438180669418,3.1291402328132243,0,2021,3,22,0,2.0,0.0,0.0,0.0,1.0,0.0,0.0,0.0,0.0,1.0,Very High,0,High,0.09000655106069899,8.166666666666666
0.20235131463073855,-0.48571538421757,0.0681898565099959,-1.6088336059653972,0.8166208630997669,1.0941376232163225,1.077304189061707,1,2018,2,22,3,1.0,0.0,0.0,1.0,0.0,0.0,0.0,0.0,1.0,0.0,Medium,0,Low,1.843892369549514,8.666666666666666
0.9182168145036352,-0.01969707135554561,-0.33868746177783277,-0.673934773794941,0.1269072962925313,0.3296479479673547,0.3462591788779577,0,2018,5,29,1,2.0,0.0,0.0,1.0,0.0,0.0,0.0,0.0,1.0,0.0,High,0,Medium-High,0.46489694965728073,7.833333333333333
0.12281070353375004,-0.5742248078782022,0.7118922802654298,-0.7409309369725805,0.1269072962925313,-1.810923142729755,1.3880148255888909,1,2019,5,18,5,3.0,1.0,0.0,0.0,0.0,0.0,0.0,0.0,1.0,0.0,Medium,0,Low,4.06311408532163,5.5
0.04327009243676151,-0.07399907428475239,-0.09046716178407943,0.686658319508016,0.1269072962925313,0.3296479479673547,-0.2924301307336088,0,2020,5,19,1,0.0,0.0,1.0,0.0,0.0,0.0,0.0,0.0,1.0,0.0,High,1,Medium-High,0.7795221312819345,7.833333333333333
-0.8316766296301122,-0.48972872540395646,-0.4172390481647614,-0.5297308220277936,0.1269072962925313,0.17675001291756115,-0.7473112462528904,0,2018,8,7,1,0.0,0.0,1.0,0.0,0.0,0.0,0.0,1.0,0.0,0.0,Medium,0,Low,0.7813321915806963,7.666666666666667
-1.3089202962120434,-0.43973199751841313,0.31449893326619727,-0.5013980694483613,-1.25251983732194,-1.0464334674807871,0.41006835507436273,0,2021,7,24,5,1.0,0.0,0.0,1.0,0.0,1.0,0.0,0.0,0.0,0.0,Medium,0,Low,2.1648710151236377,6.333333333333333
0.9977574256006237,0.0006036728391123553,0.3803086977381444,0.05697364822193916,-1.25251983732194,-1.1993314025305808,0.0650100366891912,1,2024,11,4,0,3.0,0.0,1.0,0.0,0.0,1.0,0.0,0.0,0.0,0.0,High,0,Medium-High,1.2152787818171604,6.166666666666667
1.7136229254735205,-0.35584009853027354,-0.328355367769975,-0.7035610537023184,-0.5628062705147042,1.0941376232163225,0.24386427879520428,0,2023,11,1,2,1.0,0.0,0.0,1.0,0.0,0.0,0.0,0.0,1.0,0.0,Medium,0,Medium-Low,0.7525144814039152,8.666666666666666
-0.27489235195119255,-0.19958477705169406,0.415017730422223,0.2943311596625828,-0.5628062705147042,-0.7406375973812,0.1127075099637067,0,2020,1,8,2,1.0,1.0,0.0,0.0,0.0,0.0,1.0,0.0,0.0,0.0,High,1,Medium-Low,1.5929306114293373,6.666666666666667
-1.7861639627939745,-0.2743223541523003,-0.4207109357064818,0.4008299241467967,0.8166208630997669,-0.7406375973812,-0.46432378439732613,0,2025,1,18,5,0.0,0.0,0.0,1.0,0.0,0.0,1.0,0.0,0.0,0.0,Medium,1,Medium-Low,0.5212749227193433,6.666666666666667
-1.229379685115055,-0.17349851906930094,-0.1947011094111219,0.8395236482218755,1.5063344299070027,-0.7406375973812,0.13246312546449707,1,2024,9,17,1,2.0,0.0,0.0,1.0,0.0,0.0,0.0,0.0,1.0,0.0,High,1,Medium-High,0.7459528636534621,6.666666666666667
-0.5930547963391467,0.0021999821948747787,-0.0029505618977744203,0.6706025797734202,-0.5628062705147042,-0.7406375973812,0.8147657789165944,0,2018,10,17,2,2.0,1.0,0.0,0.0,0.0,0.0,0.0,1.0,0.0,0.0,High,1,Medium-High,0.8085308303085419,6.666666666666667
-0.7521360185331237,-0.3296790550419313,0.12040400596798563,0.5725532399026119,2.1960479967142383,-1.0464334674807871,0.9049081866798814,0,2024,10,3,3,2.0,0.0,1.0,0.0,0.0,0.0,0.0,0.0,0.0,1.0,Medium,1,Medium-Low,1.453729725938903,6.333333333333333
-0.9112172407271008,-0.5106128728956464,0.024387797024191187,-0.2920396111365194,-1.25251983732194,-1.1993314025305808,-0.46878296956099363,0,2018,12,5,2,3.0,0.0,0.0,1.0,0.0,0.0,1.0,0.0,0.0,0.0,Medium,0,Low,1.8499671759568141,6.166666666666667
-0.03627051866022701,-0.3873985377926198,-0.36202187537769825,-0.3549287824882056,0.1269072962925313,-0.8935355324309936,0.16340920075141896,0,2025,9,25,3,1.0,0.0,0.0,1.0,0.0,1.0,0.0,0.0,0.0,0.0,Medium,0,Medium-Low,0.7350527157310449,6.5
-0.6725954074361352,0.4806173568843344,0.33503262685420093,-0.823745710978624,-1.25251983732194,0.3296479479673547,1.2567517211336041,0,2025,7,21,0,2.0,1.0,0.0,0.0,0.0,0.0,1.0,0.0,0.0,0.0,Very High,0,High,0.7714657667039755,7.833333333333333
0.3614325368247156,-0.15284281718139384,-0.2982078897466684,-0.8414279960374853,2.1960479967142383,0.3296479479673547,-0.44980827752945884,0,2022,8,21,6,0.0,0.0,1.0,0.0,0.0,0.0,0.0,0.0,1.0,0.0,High,0,Medium-High,0.5952825557516003,7.833333333333333
0.8386762034066467,-0.4738493586782765,-0.42403675100198623,0.22102301297928123,2.885761563521474,-1.9638210777795484,-0.6091066418650077,1,2023,2,12,6,3.0,0.0,0.0,1.0,0.0,0.0,0.0,1.0,0.0,0.0,Medium,0,Low,0.7398189503984384,5.333333333333333
-1.706623351696986,-0.019962576296250117,-0.42047455703209363,-0.6749003476348515,-0.5628062705147042,-0.5877396623314065,0.6577382151482678,0,2020,9,13,6,2.0,1.0,0.0,0.0,0.0,0.0,0.0,0.0,1.0,0.0,High,0,Medium-High,0.37658191267575125,6.833333333333333
0.6795949812126697,0.014246744401413172,1.2272032881580552,0.05697364822193916,-1.25251983732194,-1.1993314025305808,0.5038024744334394,1,2020,8,16,6,3.0,0.0,0.0,1.0,0.0,0.0,0.0,0.0,1.0,0.0,High,0,Medium-High,2.080677417522234,6.166666666666667
-0.03627051866022701,0.0416087604793992,-0.463336525962194,-0.006235740454753313,-0.5628062705147042,-0.2819437922318195,-0.7736466690870027,0,2021,5,15,5,0.0,0.0,0.0,0.0,1.0,0.0,0.0,1.0,0.0,0.0,High,0,Medium-High,0.3094023729105371,7.166666666666667
-0.11581112975721553,-0.5063433789530822,0.49906147925226496,1.5027522871481442,0.1269072962925313,-0.12904585718202594,-1.2671750338356669,0,2025,6,26,3,1.0,1.0,0.0,0.0,0.0,1.0,0.0,0.0,0.0,0.0,Medium,1,Low,2.9277386663242813,7.333333333333333
0.12281070353375004,-0.4307611527675883,7.2273369505393825,0.59119317078752,1.5063344299070027,-1.5051272726301679,0.14634376649422237,0,2021,7,12,0,1.0,0.0,1.0,0.0,0.0,0.0,1.0,0.0,0.0,0.0,Medium,1,Medium-Low,15.696467138325598,5.833333333333333
-0.11581112975721553,-0.42921722475289653,-0.04642653166848086,-0.7315972064685632,-0.5628062705147042,-0.434841727281613,-0.4065576378975176,0,2023,6,30,4,1.0,0.0,1.0,0.0,0.0,0.0,1.0,0.0,0.0,0.0,Medium,0,Medium-Low,1.4134946319442268,7.0
-0.11581112975721553,-0.19958477705169406,-0.13673712400053928,-0.030304153593076852,-1.25251983732194,2.0115252335150835,-1.5168990641156792,0,2019,1,8,1,1.0,0.0,1.0,0.0,0.0,1.0,0.0,0.0,0.0,0.0,High,0,Medium-Low,0.8504263063838265,9.666666666666666
1.475001092182555,0.05182143500533514,0.8280416243013269,-1.6103983266171025,0.1269072962925313,0.48254588301714824,-0.6422341642018061,0,2022,2,20,6,1.0,0.0,1.0,0.0,0.0,1.0,0.0,0.0,0.0,0.0,High,0,Medium-High,1.6011601878061463,8.0
-1.388460907309032,-0.07147124706086061,-0.4440305207348963,0.21726149851974932,-0.5628062705147042,0.02385207786776761,0.489457388563007,0,2019,6,15,5,1.0,0.0,0.0,1.0,0.0,1.0,0.0,0.0,0.0,0.0,High,0,Medium-High,0.37205717162810303,7.5
-0.6725954074361352,-0.033120801533445376,-0.5011165690139404,-0.6419065374445386,0.1269072962925313,1.3999334933159095,-0.17212618766704013,0,2020,7,12,6,2.0,0.0,0.0,1.0,0.0,0.0,0.0,0.0,1.0,0.0,High,0,Medium-High,0.2935935182959837,9.0
0.04327009243676151,0.609858866381192,-0.29559331163845204,-1.061285503041773,-1.25251983732194,0.3296479479673547,1.334834850337702,0,2018,1,23,1,2.0,0.0,1.0,0.0,0.0,0.0,0.0,0.0,0.0,1.0,Very High,0,High,0.30300905989611415,7.833333333333333
1.0772980366976124,0.1366451660920147,0.8774962473803912,1.5231056064269959,-1.25251983732194,0.48254588301714824,-1.8706358525277986,0,2023,11,22,2,2.0,0.0,1.0,0.0,0.0,0.0,0.0,0.0,1.0,0.0,High,1,High,1.5200549529672567,8.0
0.7591355923096582,-0.19958477705169406,-0.49226268520072836,1.0410982998720415,-1.25251983732194,1.247035558266116,1.1346878628726782,0,2018,8,29,2,0.0,0.0,1.0,0.0,0.0,0.0,0.0,1.0,0.0,0.0,High,1,Medium-Low,0.37199053435780105,8.833333333333334
-1.229379685115055,-0.5522389038242314,-0.6613712769555994,1.0140848504122466,-0.5628062705147042,-0.5877396623314065,-0.3410207785663842,0,2020,10,1,3,2.0,0.0,0.0,1.0,0.0,0.0,0.0,0.0,1.0,0.0,Medium,1,Low,0.2775787863282527,6.833333333333333
1.634082314376532,-0.43959554006987495,-0.23346124216510203,0.7974500968359158,0.1269072962925313,-1.1993314025305808,-0.4678219769367665,0,2023,3,12,6,0.0,0.0,1.0,0.0,0.0,0.0,0.0,1.0,0.0,0.0,Medium,1,Low,1.069416915007314,6.166666666666667
1.634082314376532,-0.2995658672432618,0.22907897411352224,-1.1803569562347083,1.5063344299070027,0.6354438180669418,-1.400306979045893,0,2021,3,11,3,3.0,0.0,1.0,0.0,0.0,0.0,0.0,0.0,1.0,0.0,Medium,0,Medium-Low,1.5540727253662658,8.166666666666666
0.04327009243676151,0.2225506884456002,-0.5162445704817382,-0.3621612034880803,0.8166208630997669,0.6354438180669418,0.36878926299407594,0,2020,3,24,1,1.0,0.0,0.0,0.0,1.0,0.0,1.0,0.0,0.0,0.0,Very High,0,High,0.2157984652682319,8.166666666666666
1.2363792588915894,-0.21218129996776572,0.16058835984475106,-0.30237020216847404,0.8166208630997669,-0.7406375973812,-1.642092660944959,0,2019,10,17,3,2.0,0.0,0.0,0.0,1.0,0.0,1.0,0.0,0.0,0.0,High,0,Medium-Low,1.2723432828730123,6.666666666666667
-1.547542129503009,-0.42344807319378047,-0.520120709454014,-1.6459779941410997,-1.25251983732194,2.317321103614671,0.6783578982993428,0,2020,2,22,5,3.0,0.0,1.0,0.0,0.0,0.0,0.0,0.0,1.0,0.0,Medium,0,Medium-Low,0.4809679253107747,10.0
-1.388460907309032,-0.44456623830740405,-0.30544034225863487,-0.5156413617598341,2.1960479967142383,-0.434841727281613,-1.3671148380812912,0,2024,6,12,2,2.0,1.0,0.0,0.0,0.0,0.0,0.0,1.0,0.0,0.0,Medium,0,Low,0.9349851165396879,7.0
1.7136229254735205,-0.22877603633057222,0.10064931567370297,-0.5049501060939852,-1.25251983732194,-1.1993314025305808,-1.2287843693349085,0,2018,1,8,0,2.0,0.0,1.0,0.0,0.0,1.0,0.0,0.0,0.0,0.0,High,0,Medium-Low,1.218256642818761,6.166666666666667
0.6795949812126697,0.261941794704921,-0.5451402266693911,0.1540869903235783,0.8166208630997669,-1.9638210777795484,-1.084458362836582,0,2022,9,11,6,2.0,0.0,0.0,0.0,1.0,0.0,0.0,0.0,0.0,1.0,Very High,0,High,0.18480691150379022,5.333333333333333
0.5205137590186927,0.8249047550146075,-0.18584813640787146,2.2272713939071336,-0.5628062705147042,-0.12904585718202594,-0.6674573986544009,0,2019,7,29,0,3.0,1.0,0.0,0.0,0.0,0.0,0.0,0.0,1.0,0.0,Very High,1,High,0.3276772770969125,7.333333333333333
0.9182168145036352,-0.27972194199135914,0.4328231174695715,0.010046155379686705,-0.5628062705147042,0.48254588301714824,0.7873076538583123,0,2020,6,30,1,2.0,1.0,0.0,0.0,0.0,1.0,0.0,0.0,0.0,0.0,Medium,0,Medium-Low,1.814716771347489,8.0
1.315919869988578,-0.21906734355126498,-0.05345578599689412,0.15459248034148204,-1.25251983732194,-0.8935355324309936,1.280306132048146,0,2019,6,2,6,2.0,0.0,1.0,0.0,0.0,0.0,0.0,1.0,0.0,0.0,High,0,Medium-Low,0.9887021443157545,6.5
-0.5930547963391467,-0.5585095920411273,-0.4587371658316066,-0.2148119342795279,-0.5628062705147042,0.6354438180669418,-0.5767716592164376,0,2022,3,22,1,2.0,0.0,0.0,0.0,1.0,0.0,1.0,0.0,0.0,0.0,Medium,0,Low,0.8150587503239641,8.166666666666666
0.04327009243676151,1.1962874842624285,0.7174808191761037,0.7539144260527038,-0.5628062705147042,1.7057293634154966,-0.08013206531259379,0,2019,4,28,6,2.0,0.0,0.0,0.0,1.0,0.0,0.0,0.0,1.0,0.0,Very High,1,High,0.6899212307585938,9.333333333333334
1.475001092182555,-0.5952899481063009,0.04512311191923131,-1.0225130390679138,1.5063344299070027,-2.116719012829342,0.3905800920660548,0,2024,3,4,0,2.0,1.0,0.0,0.0,0.0,0.0,0.0,1.0,0.0,0.0,Medium,0,Low,2.3719242349539713,5.166666666666667
0.5205137590186927,0.46245974013750707,-0.62912234166393,1.8897310989069056,2.1960479967142383,1.7057293634154966,-0.32821850563706,0,2025,6,9,0,2.0,0.0,1.0,0.0,0.0,0.0,0.0,0.0,0.0,1.0,Very High,1,High,0.09882025831709239,9.333333333333334
-0.3544329630481811,-0.3347548011502626,0.17125966140553314,-0.09121022563125851,-1.25251983732194,0.9412396881665289,0.35622107739170855,1,2019,8,2,4,1.0,0.0,0.0,1.0,0.0,0.0,0.0,1.0,0.0,0.0,Medium,0,Medium-Low,1.5498846740827934,8.5
-0.5135141852421581,-0.4072156109890001,-0.4246024885251229,-0.3569743295421012,0.1269072962925313,0.02385207786776761,-0.04285659234000189,0,2019,1,22,1,1.0,0.0,0.0,1.0,0.0,0.0,1.0,0.0,0.0,0.0,Medium,0,Medium-Low,0.6453030773366326,7.5
-0.3544329630481811,-0.5363771556712116,-0.17967536333922357,0.9817242206212867,0.1269072962925313,1.0941376232163225,-0.26166493507698,0,2019,2,16,5,0.0,0.0,0.0,0.0,1.0,0.0,1.0,0.0,0.0,0.0,Medium,1,Low,1.462828174484764,8.666666666666666
0.3614325368247156,1.8262018265917694,0.2707719193420705,2.2272713939071336,2.1960479967142383,-0.7406375973812,-1.2850347578475623,0,2023,2,9,3,1.0,0.0,0.0,1.0,0.0,0.0,0.0,0.0,1.0,0.0,Very High,1,High,0.37245139447995285,6.666666666666667
0.20235131463073855,-0.10621560919026582,-0.4193188816087592,0.7358112707282375,-1.25251983732194,1.247035558266116,0.09149444951723774,0,2021,10,25,0,0.0,0.0,0.0,0.0,1.0,1.0,0.0,0.0,0.0,0.0,High,1,Medium-High,0.4171671149477835,8.833333333333334
1.0772980366976124,7.528428888900475,-0.6064710342411636,1.408401931984506,-1.25251983732194,-0.2819437922318195,0.8016091953801896,0,2021,10,8,4,2.0,0.0,0.0,0.0,1.0,1.0,0.0,0.0,0.0,0.0,Very High,1,High,0.018961862637817666,7.166666666666667
0.20235131463073855,0.25980127249946167,0.7038395244702292,-0.20611674242621136,0.8166208630997669,0.6354438180669418,-0.7221443740878011,0,2023,5,22,0,1.0,0.0,0.0,0.0,1.0,0.0,0.0,0.0,1.0,0.0,Very High,0,High,1.2195159972375442,8.166666666666666
-0.03627051866022701,-0.19958477705169406,0.3911808948616873,2.043488283370317,1.5063344299070027,-0.2819437922318195,-1.7662534616483037,0,2021,9,21,1,2.0,0.0,0.0,1.0,0.0,1.0,0.0,0.0,0.0,0.0,High,1,Medium-Low,1.5608530449512388,7.166666666666667
-1.1498390740180664,-0.2004927413537713,-0.2858053587623487,0.6623083858677224,0.1269072962925313,-0.12904585718202594,-0.31965349399972715,0,2020,6,24,2,0.0,0.0,0.0,0.0,1.0,0.0,0.0,0.0,1.0,0.0,High,1,Medium-Low,0.6506266752850652,7.333333333333333
-0.9112172407271008,-0.17815543978564752,0.16416597149352263,0.6744701160119734,1.5063344299070027,-0.2819437922318195,1.285407479211236,0,2021,8,5,3,1.0,1.0,0.0,0.0,0.0,0.0,0.0,0.0,0.0,1.0,High,1,Medium-High,1.2197980084247475,7.166666666666667
-1.7861639627939745,-0.38129419270927156,-0.3723442942467021,1.3698609598072262,-0.5628062705147042,1.0941376232163225,1.0240972321194142,0,2020,8,20,3,2.0,0.0,1.0,0.0,0.0,0.0,1.0,0.0,0.0,0.0,Medium,1,Medium-Low,0.7084928300679862,8.666666666666666
-1.7861639627939745,0.4841237711994394,-0.21933996746579124,1.6295837749683886,-0.5628062705147042,0.6354438180669418,-0.5485793644662156,0,2020,8,22,5,2.0,0.0,1.0,0.0,0.0,0.0,0.0,0.0,1.0,0.0,Very High,1,High,0.38302822425495425,8.166666666666666
0.8386762034066467,-0.2843475596643582,-0.30470346269225873,0.28728745850443116,-0.5628062705147042,1.7057293634154966,3.6190263177203774,0,2023,12,28,3,0.0,0.0,0.0,0.0,1.0,0.0,1.0,0.0,0.0,0.0,Medium,0,Medium-Low,0.7057696188525104,9.333333333333334
0.6795949812126697,-0.6225339129354042,-0.3609635054178105,0.8119567892930051,-0.5628062705147042,0.3296479479673547,0.49905280759023757,0,2023,5,31,2,3.0,0.0,1.0,0.0,0.0,0.0,1.0,0.0,0.0,0.0,Low,1,Low,1.292058896021538,7.833333333333333
0.12281070353375004,-0.313315467943304,-0.10860531498096997,1.3997449214369961,-0.5628062705147042,0.9412396881665289,1.2683572294774148,0,2024,6,5,2,3.0,0.0,0.0,1.0,0.0,0.0,0.0,0.0,1.0,0.0,Medium,1,Medium-Low,1.0508617857480669,8.5
1.315919869988578,-0.09350285312104471,-0.5483581604436908,-1.108699000318899,0.1269072962925313,0.48254588301714824,-1.399770408617757,0,2020,11,2,0,1.0,0.0,0.0,1.0,0.0,0.0,0.0,1.0,0.0,0.0,High,0,Medium-High,0.259111132546882,8.0
1.7136229254735205,-0.486003687042626,-0.3382746310372993,-1.6653592504771253,-1.25251983732194,0.02385207786776761,-0.9770755792375523,0,2019,10,26,5,1.0,0.0,1.0,0.0,0.0,0.0,0.0,1.0,0.0,0.0,Medium,0,Low,0.9489396430038187,7.5
-1.7861639627939745,-0.46610382320230925,-0.1289946676149779,0.05697364822193916,-0.5628062705147042,-0.2819437922318195,-1.8026524894393285,0,2020,4,4,5,3.0,0.0,0.0,1.0,0.0,1.0,0.0,0.0,0.0,0.0,Medium,0,Low,1.350450157484559,7.166666666666667
-0.5930547963391467,-0.39158075113264956,1.0898112427831756,-1.6888820677110572,-0.5628062705147042,0.17675001291756115,-0.6345188308210257,0,2023,3,3,4,2.0,0.0,1.0,0.0,0.0,0.0,0.0,0.0,1.0,0.0,Medium,0,Medium-Low,3.385116039968024,7.666666666666667
1.2363792588915894,0.5010781246664299,-0.5419994560091047,-0.2773573253656497,-0.5628062705147042,2.317321103614671,0.8963077110969124,0,2024,9,13,4,2.0,0.0,1.0,0.0,0.0,0.0,1.0,0.0,0.0,0.0,Very High,0,High,0.15619058106403497,10.0
-1.4680015184060204,-0.3736359648874872,-0.02973037977176984,0.3388011831598546,0.1269072962925313,-0.434841727281613,-0.5303792519124387,0,2020,9,18,4,2.0,0.0,1.0,0.0,0.0,0.0,0.0,0.0,1.0,0.0,Medium,1,Medium-Low,1.3029087600981484,7.0
-0.11581112975721553,0.6749913221918059,0.029191557227699314,-0.23974631473639435,0.1269072962925313,1.7057293634154966,-1.1870925508324526,0,2021,2,6,5,1.0,0.0,0.0,0.0,1.0,1.0,0.0,0.0,0.0,0.0,Very High,0,High,0.4903504218556061,9.333333333333334
0.4409731479217041,-0.41171753224207214,-0.6307029174154458,-0.10830530123364482,1.5063344299070027,-0.7406375973812,0.15957535437275414,0,2024,1,6,5,2.0,0.0,1.0,0.0,0.0,0.0,0.0,0.0,1.0,0.0,Medium,0,Medium-Low,0.26100775730614223,6.666666666666667
-1.6270827405999975,-0.05767452983213432,-0.08450477508780102,0.05697364822193916,0.1269072962925313,1.3999334933159095,0.182153182698679,0,2022,10,6,3,1.0,0.0,0.0,0.0,1.0,0.0,0.0,0.0,0.0,1.0,High,0,Medium-High,0.7717380152939882,9.0
-0.9112172407271008,-0.3608667352650444,0.18187384815172647,0.803365148374881,2.1960479967142383,0.3296479479673547,-0.9316444699633336,1,2024,6,12,2,2.0,0.0,1.0,0.0,0.0,1.0,0.0,0.0,0.0,0.0,Medium,1,Medium-Low,1.6387081958378678,7.833333333333333
0.20235131463073855,0.1757563722427385,0.0063486802903903634,-1.0122623309823668,0.8166208630997669,-2.116719012829342,-0.483285915200512,1,2020,12,19,5,2.0,0.0,1.0,0.0,0.0,0.0,1.0,0.0,0.0,0.0,High,0,High,0.690448668698659,5.166666666666667
-0.5930547963391467,-0.538184984573406,-0.28467886523686997,-2.0315028864953177,-1.25251983732194,0.17675001291756115,0.09283979900619625,0,2019,3,11,0,2.0,0.0,1.0,0.0,0.0,0.0,1.0,0.0,0.0,0.0,Medium,0,Low,1.207529970437556,7.666666666666667
0.04327009243676151,0.16892254567256038,-0.12053854863051791,-0.17277349003189207,-1.25251983732194,0.17675001291756115,0.6152572236269449,0,2018,1,21,6,1.0,0.0,0.0,1.0,0.0,0.0,0.0,0.0,1.0,0.0,High,0,High,0.5809855064404004,7.666666666666667
-0.11581112975721553,-0.15383283573240195,-0.19058941476815602,0.9277761355840431,-1.25251983732194,0.6354438180669418,-0.608603057152394,0,2024,8,26,0,1.0,0.0,0.0,0.0,1.0,0.0,0.0,0.0,1.0,0.0,High,1,Medium-High,0.7323756876241808,8.166666666666666
0.4409731479217041,-0.41887120257443544,-0.6113762866268034,0.10881594953292337,2.1960479967142383,-0.2819437922318195,-0.7350409533975631,0,2024,4,11,3,2.0,0.0,0.0,0.0,1.0,1.0,0.0,0.0,0.0,0.0,Medium,0,Medium-Low,0.3016917682575992,7.166666666666667
0.04327009243676151,-0.2653192905716811,-0.1810110578913793,-1.1116269178790714,0.1269072962925313,-1.1993314025305808,1.6388133873022097,0,2023,4,10,0,2.0,0.0,1.0,0.0,0.0,0.0,0.0,0.0,0.0,1.0,Medium,0,Medium-Low,0.8685077792713003,6.166666666666667
0.3614325368247156,0.7704424131409903,-0.37170112877672196,0.13050629767744593,-0.5628062705147042,0.3296479479673547,-0.27971001505849286,0,2022,1,12,2,2.0,0.0,1.0,0.0,0.0,0.0,0.0,0.0,1.0,0.0,Very High,0,High,0.23031800792441795,7.833333333333333
-1.4680015184060204,-0.14346776340284098,-0.45528922079394246,0.4603232091680823,-1.25251983732194,-0.5877396623314065,0.17957840059712663,0,2021,1,4,0,0.0,0.0,0.0,1.0,0.0,0.0,0.0,1.0,0.0,0.0,High,1,Medium-High,0.39183487017007435,6.833333333333333
0.5205137590186927,-0.43636659306902115,2.1542168480769694,0.11909809279494561,-1.25251983732194,-0.12904585718202594,0.5296033116658256,1,2025,7,8,1,3.0,0.0,0.0,1.0,0.0,1.0,0.0,0.0,0.0,0.0,Medium,0,Low,5.802301192179186,7.333333333333333
-1.4680015184060204,-0.5565911244935758,0.4649032026674857,-0.22890660105332086,-0.5628062705147042,-0.7406375973812,-1.607105179104692,0,2025,3,22,5,0.0,0.0,0.0,1.0,0.0,0.0,0.0,1.0,0.0,0.0,Medium,0,Low,3.227434435375711,6.666666666666667
-0.9112172407271008,0.033803083852294705,-0.5392275751737112,0.5071306255912946,-0.5628062705147042,-0.7406375973812,-0.05553293456347492,0,2019,1,25,4,3.0,0.0,0.0,0.0,1.0,0.0,0.0,0.0,1.0,0.0,High,1,Medium-High,0.23437858819739454,6.666666666666667
-0.5930547963391467,-0.11781990534692491,-0.11443205494359499,-1.674110337508479,2.1960479967142383,0.48254588301714824,-1.4832417229247141,1,2025,2,28,4,0.0,0.0,0.0,0.0,1.0,0.0,0.0,0.0,1.0,0.0,High,0,Medium-High,0.7923165137845437,8.0
0.04327009243676151,0.14026319495686415,0.6556631387670725,-0.8460481426440338,-0.5628062705147042,0.9412396881665289,-0.154022400185749,0,2021,9,16,3,2.0,0.0,0.0,0.0,1.0,0.0,0.0,0.0,1.0,0.0,High,0,High,1.3107919944821018,8.5
0.20235131463073855,-0.6065286328744153,-0.5885882889122528,0.05697364822193916,-1.25251983732194,1.552831428365703,1.165512545606353,0,2024,4,25,3,1.0,0.0,1.0,0.0,0.0,1.0,0.0,0.0,0.0,0.0,Low,0,Low,0.5428943304823556,9.166666666666666
-0.19535174085420406,-0.5497857046327468,-0.22697234915674946,1.3527216384412661,2.1960479967142383,-1.5051272726301679,-0.915341242772262,0,2019,3,2,5,3.0,0.0,0.0,0.0,1.0,0.0,1.0,0.0,0.0,0.0,Medium,1,Low,1.3922298465786103,5.833333333333333
1.2363792588915894,0.4435445311905988,-0.2088183484935849,0.7287322894871865,-0.5628062705147042,-0.8935355324309936,-1.5014066156643882,0,2022,9,22,3,2.0,1.0,0.0,0.0,0.0,0.0,1.0,0.0,0.0,0.0,Very High,1,High,0.401857620198361,6.5
0.9977574256006237,-0.05461701513875287,-0.5583521203862386,0.21206417075662945,1.5063344299070027,0.02385207786776761,1.6169932066230395,1,2020,10,26,0,1.0,1.0,0.0,0.0,0.0,0.0,0.0,0.0,0.0,1.0,High,0,Medium-High,0.23642891108754305,7.5
0.7591355923096582,0.04883176937215119,-0.0991830679885162,-1.3918975651832628,-0.5628062705147042,1.7057293634154966,-1.0457142744274595,0,2018,1,6,5,1.0,0.0,0.0,1.0,0.0,0.0,0.0,1.0,0.0,0.0,High,0,Medium-High,0.6734038634265793,9.333333333333334
0.5205137590186927,-0.5027590633853358,0.3525921198018323,0.7602242952510694,-1.25251983732194,1.3999334933159095,-1.3541423025824288,0,2018,7,10,1,1.0,0.0,0.0,0.0,1.0,1.0,0.0,0.0,0.0,0.0,Medium,1,Low,2.567995313581544,9.0
1.0772980366976124,-0.5070848808143313,0.7064211828498589,1.3901340179994228,0.1269072962925313,-1.1993314025305808,1.381273879050881,0,2018,5,28,0,1.0,1.0,0.0,0.0,0.0,0.0,1.0,0.0,0.0,0.0,Medium,1,Low,3.4125216095128135,6.166666666666667
-0.03627051866022701,0.33048540476659816,-0.33760623444513815,0.5909261442192275,-0.5628062705147042,0.48254588301714824,-1.080295329997985,0,2019,2,9,5,3.0,0.0,0.0,1.0,0.0,0.0,0.0,0.0,1.0,0.0,Very High,1,High,0.3370675534863659,8.0
-1.0702984629210779,0.363702059092623,2.1885345290514473,-0.00395748107332806,0.8166208630997669,-1.1993314025305808,1.4039835125000644,0,2018,9,15,5,2.0,0.0,0.0,0.0,1.0,0.0,0.0,0.0,0.0,1.0,Very High,0,High,2.2531270117199016,6.166666666666667
-1.4680015184060204,-0.5315981006492292,-0.6471446270443143,0.6499792128522576,0.8166208630997669,-1.810923142729755,0.20121222983029385,0,2025,8,9,5,2.0,0.0,1.0,0.0,0.0,0.0,1.0,0.0,0.0,0.0,Medium,1,Low,0.29827905942605515,5.5
0.9977574256006237,-0.5718067808509554,-0.11002962850121009,0.2981493415475428,0.1269072962925313,0.9412396881665289,1.087276867607437,0,2023,11,8,2,2.0,1.0,0.0,0.0,0.0,0.0,0.0,0.0,1.0,0.0,Medium,1,Low,1.7954948914145263,8.5
0.8386762034066467,-0.24376267975086255,-0.5776935659528805,0.9386176040467222,-0.5628062705147042,0.02385207786776761,0.12397884392206622,0,2020,4,3,4,2.0,0.0,1.0,0.0,0.0,0.0,1.0,0.0,0.0,0.0,High,1,Medium-Low,0.27345870104534165,7.5
0.6000543701156812,-0.46215781229937425,-0.22194388535666823,0.9166620941636382,-0.5628062705147042,-0.7406375973812,0.9080621670251958,0,2018,1,10,2,1.0,0.0,0.0,0.0,1.0,0.0,0.0,0.0,1.0,0.0,Medium,1,Low,1.1445879640064736,6.666666666666667
-1.0702984629210779,-0.46754030636035704,-0.41247903553477394,-0.18623352299662818,-0.5628062705147042,-0.434841727281613,-0.8451314966231284,0,2021,1,15,4,1.0,1.0,0.0,0.0,0.0,0.0,1.0,0.0,0.0,0.0,Medium,0,Low,0.7543021802311384,7.0
-0.3544329630481811,-0.5661763902936552,-0.03677061875306104,-0.6172677673466641,1.5063344299070027,0.17675001291756115,-0.5776571525167188,0,2020,4,17,4,2.0,0.0,0.0,0.0,1.0,1.0,0.0,0.0,0.0,0.0,Medium,0,Low,1.9647155466798825,7.666666666666667
0.6795949812126697,-0.3678280056273667,-0.299015187878819,-0.3615174091358564,0.8166208630997669,-0.12904585718202594,-1.895443737105024,1,2020,9,14,0,3.0,0.0,1.0,0.0,0.0,0.0,0.0,0.0,0.0,1.0,Medium,0,Medium-Low,0.8196296693806189,7.333333333333333
-1.7861639627939745,-0.5460488767044521,-0.4807737183610415,0.5559743656393381,0.1269072962925313,1.247035558266116,0.8133715267901782,1,2019,9,17,1,1.0,1.0,0.0,0.0,0.0,0.0,0.0,0.0,0.0,1.0,Medium,1,Low,0.7328372779905414,8.833333333333334
-1.4680015184060204,-0.5331650781145949,-0.46722472851972346,-0.30230745590935965,0.8166208630997669,1.247035558266116,0.32885623022851773,0,2018,1,30,1,1.0,0.0,1.0,0.0,0.0,0.0,0.0,0.0,1.0,0.0,Medium,0,Low,0.7427038156621444,8.833333333333334
1.7136229254735205,-0.07042274881732398,1.2167121557246119,-0.7054093426717734,0.1269072962925313,0.7883417531167354,-0.923111829252715,0,2023,12,16,5,2.0,0.0,0.0,0.0,1.0,0.0,1.0,0.0,0.0,0.0,High,0,Medium-High,2.27250183029134,8.333333333333334
-1.547542129503009,-0.22317067878154978,-0.06852022276414076,0.029601540897815682,-0.5628062705147042,0.3296479479673547,-1.5737777284826353,0,2024,10,4,4,3.0,0.0,0.0,0.0,1.0,0.0,0.0,0.0,1.0,0.0,High,0,Medium-Low,0.9734594251965061,7.833333333333333
-0.5930547963391467,0.022930952174370037,-0.612765471893901,1.1164738087185673,0.1269072962925313,0.9412396881665289,0.20798785490584276,0,2020,12,14,0,1.0,0.0,1.0,0.0,0.0,1.0,0.0,0.0,0.0,0.0,High,1,Medium-High,0.16107291158154358,8.5
0.04327009243676151,-0.6385731490034952,-0.013924187791151815,0.16301910643873171,0.8166208630997669,-0.12904585718202594,1.4312185393236547,0,2024,6,10,0,2.0,1.0,0.0,0.0,0.0,0.0,1.0,0.0,0.0,0.0,Low,0,Low,2.521351390608517,7.333333333333333
-0.5930547963391467,-0.19724101252227946,-0.32078393856542126,-0.2403142893962723,-1.25251983732194,1.0941376232163225,3.6190263177203774,0,2019,6,30,6,3.0,0.0,1.0,0.0,0.0,0.0,0.0,1.0,0.0,0.0,High,0,Medium-High,0.6008362890253418,8.666666666666666
-1.706623351696986,1.3623611571889107,-0.2537359862219402,0.34474172107497475,-0.5628062705147042,-0.434841727281613,-0.6170029964183843,0,2021,2,2,1,0.0,0.0,0.0,0.0,1.0,1.0,0.0,0.0,0.0,0.0,Very High,1,High,0.22177217398951374,7.0
0.3614325368247156,-0.33703932424670097,0.1425237843783092,0.1129425909960925,0.1269072962925313,1.247035558266116,-0.8614736204808008,0,2021,4,10,5,0.0,0.0,1.0,0.0,0.0,0.0,1.0,0.0,0.0,0.0,Medium,0,Medium-Low,1.508245106762732,8.833333333333334
0.6795949812126697,0.21976568199416954,0.4064170851926134,-1.8655272570623,-0.5628062705147042,-0.434841727281613,1.056911210863087,1,2022,3,3,3,2.0,0.0,0.0,0.0,1.0,0.0,1.0,0.0,0.0,0.0,Very High,0,High,1.0069463022730956,7.0
0.2818919257277271,0.2142280717538018,-0.48731456061951994,0.7137564800562402,0.1269072962925313,-0.7406375973812,-0.7229954392937361,0,2023,9,1,4,3.0,0.0,1.0,0.0,0.0,0.0,0.0,0.0,0.0,1.0,Very High,1,High,0.24227121517699857,6.666666666666667
-0.27489235195119255,0.24573745200503302,-0.26596779525892417,0.4300773129781452,0.1269072962925313,-1.9638210777795484,-0.3649527113550894,0,2024,9,4,2,1.0,1.0,0.0,0.0,0.0,0.0,0.0,0.0,0.0,1.0,Very High,1,High,0.4213029228051694,5.333333333333333
0.04327009243676151,-0.13082710273909923,-0.4184634493399673,0.04639394398056811,-0.5628062705147042,2.0115252335150835,0.8747492199735154,0,2019,9,9,0,2.0,1.0,0.0,0.0,0.0,0.0,0.0,0.0,1.0,0.0,High,0,Medium-High,0.4309917158090253,9.666666666666666
-0.9112172407271008,0.06667260199763689,0.010815372334774746,1.072249942235484,-0.5628062705147042,0.7883417531167354,0.5200541728848228,0,2018,5,29,1,2.0,0.0,1.0,0.0,0.0,0.0,1.0,0.0,0.0,0.0,High,1,Medium-High,0.7700740931584271,8.333333333333334
0.9182168145036352,0.1426265466882167,-0.33242750478191113,1.2199653983752523,-1.25251983732194,0.7883417531167354,-0.3313745122909959,0,2022,12,17,5,2.0,0.0,1.0,0.0,0.0,0.0,0.0,0.0,0.0,1.0,High,1,High,0.400598573466994,8.333333333333334
0.7591355923096582,0.10561135986985752,-0.24477322879448254,0.8137838042966952,-0.5628062705147042,1.0941376232163225,-0.652565131203442,0,2024,6,4,1,2.0,1.0,0.0,0.0,0.0,0.0,0.0,0.0,1.0,0.0,High,1,Medium-High,0.4982047908373686,8.666666666666666
0.7591355923096582,-0.537998260864449,-0.34387082737639146,-0.8032418401836052,0.8166208630997669,0.7883417531167354,1.2466327571738307,0,2018,6,21,3,2.0,0.0,0.0,0.0,1.0,0.0,1.0,0.0,0.0,0.0,Medium,0,Low,1.0593563244567865,8.333333333333334
1.5545417032795434,-0.6479261987443721,-0.29213965736989567,-0.7693242633661803,-1.25251983732194,-0.12904585718202594,-1.018788818829213,0,2018,2,16,4,2.0,1.0,0.0,0.0,0.0,0.0,0.0,0.0,1.0,0.0,Low,0,Low,1.6438696815721776,7.333333333333333
1.0772980366976124,-0.6226114226836541,0.9240620747542243,0.05697364822193916,0.8166208630997669,-0.7406375973812,-0.22378311723390756,0,2019,9,18,2,2.0,0.0,0.0,0.0,1.0,0.0,1.0,0.0,0.0,0.0,Low,0,Low,5.365566020294689,6.666666666666667
-0.9112172407271008,-0.30251256240787006,1.967690311226468,-1.8102103323533156,-0.5628062705147042,0.6354438180669418,-1.3605451781565867,0,2022,12,16,4,2.0,0.0,1.0,0.0,0.0,0.0,0.0,0.0,1.0,0.0,Medium,0,Medium-Low,4.281911538455153,8.166666666666666
-1.6270827405999975,0.08212418217009872,-0.10033412775692015,-0.11541880338167174,-0.5628062705147042,0.02385207786776761,1.0038442379844033,0,2024,3,4,0,2.0,0.0,1.0,0.0,0.0,0.0,1.0,0.0,0.0,0.0,High,0,Medium-High,0.6502359262813281,7.5
-1.7861639627939745,-0.5351500931376734,-0.2900837795310815,0.46181573475655985,-1.25251983732194,-2.2696169478791357,-0.455945857158685,0,2019,3,29,4,3.0,0.0,0.0,0.0,1.0,0.0,0.0,0.0,1.0,0.0,Medium,1,Low,1.1849760656675605,5.0
0.7591355923096582,0.2845182493714273,-0.6006980759882201,-1.6858583650263539,1.5063344299070027,0.48254588301714824,-0.653134443878965,0,2021,11,19,4,0.0,0.0,1.0,0.0,0.0,0.0,1.0,0.0,0.0,0.0,Very High,0,High,0.1363058167688866,8.0
1.315919869988578,-0.37828163630501327,-0.46725158071052186,0.2603259935578488,-0.5628062705147042,-2.2696169478791357,3.6190263177203774,1,2020,1,24,4,2.0,0.0,0.0,0.0,1.0,0.0,0.0,0.0,0.0,1.0,Medium,0,Medium-Low,0.5359222555677927,5.0
-1.0702984629210779,-0.37536054887566295,-0.2989676193585373,0.9664195097658199,-0.5628062705147042,-1.810923142729755,-1.2900356990240183,0,2025,7,18,4,2.0,0.0,0.0,1.0,0.0,1.0,0.0,0.0,0.0,0.0,Medium,1,Medium-Low,0.8307514394656376,5.5
1.5545417032795434,-0.4716155631632986,-0.4575278655625523,0.05697364822193916,-0.5628062705147042,0.3296479479673547,0.5182114200632197,1,2020,10,5,0,1.0,1.0,0.0,0.0,0.0,1.0,0.0,0.0,0.0,0.0,Medium,0,Low,0.6647061691737153,7.833333333333333
1.634082314376532,-0.6745862031092215,-0.4337579898166671,1.6564859199327293,0.8166208630997669,0.02385207786776761,-0.3556203305916652,1,2025,6,16,0,2.0,0.0,0.0,1.0,0.0,0.0,0.0,1.0,0.0,0.0,Low,1,Low,1.273765129397468,7.5
0.4409731479217041,-0.10264343516350685,0.7776218526877239,-0.9596712132850334,1.5063344299070027,-0.5877396623314065,-1.0968163006625182,0,2025,12,12,4,2.0,0.0,0.0,0.0,1.0,0.0,0.0,0.0,1.0,0.0,High,0,Medium-High,1.8384541471238165,6.833333333333333
-0.8316766296301122,0.94666240473648,-0.24494214660906533,0.5941046669498384,2.885761563521474,-0.8935355324309936,-0.9081417980829753,0,2025,10,1,2,1.0,1.0,0.0,0.0,0.0,0.0,0.0,0.0,1.0,0.0,Very High,1,High,0.2753978629367861,6.5
-0.9112172407271008,-0.22608659399801703,-0.21111051983995632,-0.05143564067659565,-0.5628062705147042,-0.5877396623314065,-0.6395998133736479,0,2021,2,7,6,1.0,0.0,0.0,0.0,1.0,0.0,0.0,0.0,0.0,1.0,High,0,Medium-Low,0.7784029967751616,6.833333333333333
0.6000543701156812,-0.6696535715143216,-0.4484967042290701,0.09870122016235391,-0.5628062705147042,-0.5877396623314065,-0.4288846664482666,1,2025,6,24,1,0.0,1.0,0.0,0.0,0.0,0.0,1.0,0.0,0.0,0.0,Low,0,Low,1.195051440105128,6.833333333333333
-1.706623351696986,0.19191099454652702,0.40175213381302083,-1.2280185602990794,2.885761563521474,0.3296479479673547,3.6165890735168618,0,2025,12,21,6,1.0,1.0,0.0,0.0,0.0,0.0,0.0,0.0,1.0,0.0,High,0,High,1.0277459239808706,7.833333333333333
0.9182168145036352,-0.6345993714181303,-0.32636178080634826,1.2665165149989326,0.1269072962925313,-0.7406375973812,0.21913342807011177,0,2021,5,10,0,2.0,1.0,0.0,0.0,0.0,1.0,0.0,0.0,0.0,0.0,Low,1,Low,1.458063338722422,6.666666666666667
